{"0": {"enters": 5, "count_subgroups": 276099, "sum_estimated_prob_of_next_k": 0, "sum_sr": 269356, "sum_time_spent_choosing_strategy": 0, "sum_time_estimating_p_vector": 0, "sum_time_loading_coverings": 0}, "1": {"enters": 6743, "count_subgroups": 33909, "sum_estimated_prob_of_next_k": 6632.012474158257, "sum_sr": 31480, "sum_time_spent_choosing_strategy": 63.8999719619751, "sum_time_estimating_p_vector": 1.1210706233978271, "sum_time_loading_coverings": 2.720134973526001}, "2": {"enters": 2429, "count_subgroups": 12621, "sum_estimated_prob_of_next_k": 2364.2165174220413, "sum_sr": 10914, "sum_time_spent_choosing_strategy": 10.535210847854614, "sum_time_estimating_p_vector": 0.35492587089538574, "sum_time_loading_coverings": 0.7840497493743896}, "3": {"enters": 1707, "count_subgroups": 8915, "sum_estimated_prob_of_next_k": 1649.4628025267418, "sum_sr": 7500, "sum_time_spent_choosing_strategy": 4.186162233352661, "sum_time_estimating_p_vector": 0.24289679527282715, "sum_time_loading_coverings": 0.469207763671875}, "4": {"enters": 1415, "count_subgroups": 7122, "sum_estimated_prob_of_next_k": 1343.9070749400082, "sum_sr": 5889, "sum_time_spent_choosing_strategy": 2.0750784873962402, "sum_time_estimating_p_vector": 0.19086527824401855, "sum_time_loading_coverings": 0.33805298805236816}, "5": {"enters": 1233, "count_subgroups": 6394, "sum_estimated_prob_of_next_k": 1174.38442703431, "sum_sr": 5330, "sum_time_spent_choosing_strategy": 1.070505142211914, "sum_time_estimating_p_vector": 0.15884017944335938, "sum_time_loading_coverings": 0.2571907043457031}, "6": {"enters": 1064, "count_subgroups": 6807, "sum_estimated_prob_of_next_k": 1037.7518193769572, "sum_sr": 5881, "sum_time_spent_choosing_strategy": 0.5379927158355713, "sum_time_estimating_p_vector": 0.1312699317932129, "sum_time_loading_coverings": 0.18827509880065918}, "7": {"enters": 926, "count_subgroups": 6275, "sum_estimated_prob_of_next_k": 891.9538589434568, "sum_sr": 5391, "sum_time_spent_choosing_strategy": 0.23961758613586426, "sum_time_estimating_p_vector": 0.11217927932739258, "sum_time_loading_coverings": 0.13732504844665527}, "8": {"enters": 884, "count_subgroups": 4991, "sum_estimated_prob_of_next_k": 849.5550135485772, "sum_sr": 4313, "sum_time_spent_choosing_strategy": 0.1148991584777832, "sum_time_estimating_p_vector": 0.10705852508544922, "sum_time_loading_coverings": 0.10906481742858887}, "9": {"enters": 678, "count_subgroups": 5477, "sum_estimated_prob_of_next_k": 671.5804220153807, "sum_sr": 5196, "sum_time_spent_choosing_strategy": 0.04510855674743652, "sum_time_estimating_p_vector": 0.08029317855834961, "sum_time_loading_coverings": 0.056630849838256836}, "10": {"enters": 281, "count_subgroups": 1609, "sum_estimated_prob_of_next_k": 259.2090777185627, "sum_sr": 1534, "sum_time_spent_choosing_strategy": 0.008913278579711914, "sum_time_estimating_p_vector": 0.03355550765991211, "sum_time_loading_coverings": 0.01655101776123047}, "11": {"enters": 75, "count_subgroups": 375, "sum_estimated_prob_of_next_k": 68.60145971447571, "sum_sr": 362, "sum_time_spent_choosing_strategy": 0.0016934871673583984, "sum_time_estimating_p_vector": 0.009178638458251953, "sum_time_loading_coverings": 0.0037980079650878906}, "12": {"enters": 13, "count_subgroups": 65, "sum_estimated_prob_of_next_k": 12.010917082223276, "sum_sr": 65, "sum_time_spent_choosing_strategy": 0.0002601146697998047, "sum_time_estimating_p_vector": 0.0015094280242919922, "sum_time_loading_coverings": 0.0005886554718017578}}