{"0": {"enters": 5, "count_subgroups": 276099, "sum_estimated_prob_of_next_k": 0, "sum_sr": 269385, "sum_time_spent_choosing_strategy": 0, "sum_time_estimating_p_vector": 0, "sum_time_loading_coverings": 0}, "1": {"enters": 6714, "count_subgroups": 33724, "sum_estimated_prob_of_next_k": 6601.707372008454, "sum_sr": 31258, "sum_time_spent_choosing_strategy": 62.90897536277771, "sum_time_estimating_p_vector": 1.101599931716919, "sum_time_loading_coverings": 2.6757543087005615}, "2": {"enters": 2466, "count_subgroups": 12816, "sum_estimated_prob_of_next_k": 2400.249661274495, "sum_sr": 11263, "sum_time_spent_choosing_strategy": 10.975050210952759, "sum_time_estimating_p_vector": 0.35410022735595703, "sum_time_loading_coverings": 0.7935011386871338}, "3": {"enters": 1553, "count_subgroups": 8042, "sum_estimated_prob_of_next_k": 1498.191538701238, "sum_sr": 6780, "sum_time_spent_choosing_strategy": 3.832300901412964, "sum_time_estimating_p_vector": 0.2193164825439453, "sum_time_loading_coverings": 0.42227816581726074}, "4": {"enters": 1262, "count_subgroups": 6327, "sum_estimated_prob_of_next_k": 1198.8350727123448, "sum_sr": 5246, "sum_time_spent_choosing_strategy": 1.88126802444458, "sum_time_estimating_p_vector": 0.1685338020324707, "sum_time_loading_coverings": 0.30115270614624023}, "5": {"enters": 1081, "count_subgroups": 5515, "sum_estimated_prob_of_next_k": 1025.471766517398, "sum_sr": 4528, "sum_time_spent_choosing_strategy": 0.9535753726959229, "sum_time_estimating_p_vector": 0.138214111328125, "sum_time_loading_coverings": 0.2254178524017334}, "6": {"enters": 987, "count_subgroups": 6344, "sum_estimated_prob_of_next_k": 963.7295336088744, "sum_sr": 5479, "sum_time_spent_choosing_strategy": 0.5079092979431152, "sum_time_estimating_p_vector": 0.12267351150512695, "sum_time_loading_coverings": 0.17371463775634766}, "7": {"enters": 865, "count_subgroups": 6117, "sum_estimated_prob_of_next_k": 842.3729836160712, "sum_sr": 5276, "sum_time_spent_choosing_strategy": 0.22903871536254883, "sum_time_estimating_p_vector": 0.10673236846923828, "sum_time_loading_coverings": 0.12907695770263672}, "8": {"enters": 841, "count_subgroups": 4740, "sum_estimated_prob_of_next_k": 808.1625611855621, "sum_sr": 4092, "sum_time_spent_choosing_strategy": 0.11149907112121582, "sum_time_estimating_p_vector": 0.102508544921875, "sum_time_loading_coverings": 0.10324645042419434}, "9": {"enters": 648, "count_subgroups": 5027, "sum_estimated_prob_of_next_k": 640.6056282897581, "sum_sr": 4692, "sum_time_spent_choosing_strategy": 0.04735898971557617, "sum_time_estimating_p_vector": 0.07867956161499023, "sum_time_loading_coverings": 0.0564885139465332}, "10": {"enters": 335, "count_subgroups": 2033, "sum_estimated_prob_of_next_k": 309.7516002306088, "sum_sr": 1900, "sum_time_spent_choosing_strategy": 0.012758970260620117, "sum_time_estimating_p_vector": 0.040128469467163086, "sum_time_loading_coverings": 0.021294593811035156}, "11": {"enters": 133, "count_subgroups": 673, "sum_estimated_prob_of_next_k": 122.34983240819348, "sum_sr": 635, "sum_time_spent_choosing_strategy": 0.003301382064819336, "sum_time_estimating_p_vector": 0.015994548797607422, "sum_time_loading_coverings": 0.007002353668212891}, "12": {"enters": 38, "count_subgroups": 190, "sum_estimated_prob_of_next_k": 34.83510656846764, "sum_sr": 176, "sum_time_spent_choosing_strategy": 0.0009279251098632812, "sum_time_estimating_p_vector": 0.004830121994018555, "sum_time_loading_coverings": 0.002157449722290039}, "13": {"enters": 14, "count_subgroups": 70, "sum_estimated_prob_of_next_k": 13.07496891013533, "sum_sr": 70, "sum_time_spent_choosing_strategy": 0.00026297569274902344, "sum_time_estimating_p_vector": 0.0015637874603271484, "sum_time_loading_coverings": 0.0006024837493896484}}