{"0": {"enters": 5, "count_subgroups": 276095, "sum_estimated_prob_of_next_k": 0, "sum_sr": 269426, "sum_time_spent_choosing_strategy": 0, "sum_time_estimating_p_vector": 0, "sum_time_loading_coverings": 0}, "1": {"enters": 6669, "count_subgroups": 33543, "sum_estimated_prob_of_next_k": 6554.898033144919, "sum_sr": 30949, "sum_time_spent_choosing_strategy": 61.593106269836426, "sum_time_estimating_p_vector": 1.105492115020752, "sum_time_loading_coverings": 2.6872403621673584}, "2": {"enters": 2594, "count_subgroups": 13461, "sum_estimated_prob_of_next_k": 2527.681547056585, "sum_sr": 11695, "sum_time_spent_choosing_strategy": 11.198442220687866, "sum_time_estimating_p_vector": 0.37470316886901855, "sum_time_loading_coverings": 0.8481812477111816}, "3": {"enters": 1766, "count_subgroups": 9149, "sum_estimated_prob_of_next_k": 1706.4797933764983, "sum_sr": 7778, "sum_time_spent_choosing_strategy": 4.3257904052734375, "sum_time_estimating_p_vector": 0.24865460395812988, "sum_time_loading_coverings": 0.48596930503845215}, "4": {"enters": 1371, "count_subgroups": 6880, "sum_estimated_prob_of_next_k": 1303.850016557627, "sum_sr": 5691, "sum_time_spent_choosing_strategy": 2.0137479305267334, "sum_time_estimating_p_vector": 0.18488526344299316, "sum_time_loading_coverings": 0.3308291435241699}, "5": {"enters": 1189, "count_subgroups": 6174, "sum_estimated_prob_of_next_k": 1129.8273474037014, "sum_sr": 5109, "sum_time_spent_choosing_strategy": 1.027317762374878, "sum_time_estimating_p_vector": 0.15204334259033203, "sum_time_loading_coverings": 0.25003552436828613}, "6": {"enters": 1065, "count_subgroups": 6804, "sum_estimated_prob_of_next_k": 1037.6857601992228, "sum_sr": 5832, "sum_time_spent_choosing_strategy": 0.5219898223876953, "sum_time_estimating_p_vector": 0.1306140422821045, "sum_time_loading_coverings": 0.1885530948638916}, "7": {"enters": 972, "count_subgroups": 6191, "sum_estimated_prob_of_next_k": 920.744019034913, "sum_sr": 5208, "sum_time_spent_choosing_strategy": 0.2405397891998291, "sum_time_estimating_p_vector": 0.11774921417236328, "sum_time_loading_coverings": 0.14228034019470215}, "8": {"enters": 983, "count_subgroups": 5589, "sum_estimated_prob_of_next_k": 941.739415194515, "sum_sr": 4762, "sum_time_spent_choosing_strategy": 0.125352144241333, "sum_time_estimating_p_vector": 0.11766290664672852, "sum_time_loading_coverings": 0.12070560455322266}, "9": {"enters": 827, "count_subgroups": 6785, "sum_estimated_prob_of_next_k": 819.0925225607093, "sum_sr": 6382, "sum_time_spent_choosing_strategy": 0.05351829528808594, "sum_time_estimating_p_vector": 0.09635448455810547, "sum_time_loading_coverings": 0.06754660606384277}, "10": {"enters": 403, "count_subgroups": 2323, "sum_estimated_prob_of_next_k": 369.4416760377484, "sum_sr": 2200, "sum_time_spent_choosing_strategy": 0.011951208114624023, "sum_time_estimating_p_vector": 0.04609799385070801, "sum_time_loading_coverings": 0.02276921272277832}, "11": {"enters": 123, "count_subgroups": 615, "sum_estimated_prob_of_next_k": 113.9466941743687, "sum_sr": 607, "sum_time_spent_choosing_strategy": 0.002384185791015625, "sum_time_estimating_p_vector": 0.014241933822631836, "sum_time_loading_coverings": 0.005530357360839844}, "12": {"enters": 8, "count_subgroups": 40, "sum_estimated_prob_of_next_k": 7.471410805791615, "sum_sr": 40, "sum_time_spent_choosing_strategy": 0.00014281272888183594, "sum_time_estimating_p_vector": 0.0008950233459472656, "sum_time_loading_coverings": 0.0003306865692138672}}