{"0": {"enters": 5, "count_subgroups": 6498, "sum_estimated_prob_of_next_k": 0, "sum_sr": 6065, "sum_time_spent_choosing_strategy": 0, "sum_time_estimating_p_vector": 0, "sum_time_loading_coverings": 0}, "1": {"enters": 433, "count_subgroups": 1732, "sum_estimated_prob_of_next_k": 431.7977930734587, "sum_sr": 1670, "sum_time_spent_choosing_strategy": 4.419215679168701, "sum_time_estimating_p_vector": 0.07656097412109375, "sum_time_loading_coverings": 0.13910245895385742}, "2": {"enters": 62, "count_subgroups": 248, "sum_estimated_prob_of_next_k": 61.6875036290819, "sum_sr": 243, "sum_time_spent_choosing_strategy": 0.316129207611084, "sum_time_estimating_p_vector": 0.009547233581542969, "sum_time_loading_coverings": 0.016692399978637695}, "3": {"enters": 5, "count_subgroups": 22, "sum_estimated_prob_of_next_k": 4.973561638182679, "sum_sr": 21, "sum_time_spent_choosing_strategy": 0.013109683990478516, "sum_time_estimating_p_vector": 0.0007469654083251953, "sum_time_loading_coverings": 0.0011632442474365234}, "4": {"enters": 1, "count_subgroups": 4, "sum_estimated_prob_of_next_k": 0.9960776624339133, "sum_sr": 3, "sum_time_spent_choosing_strategy": 0.0010869503021240234, "sum_time_estimating_p_vector": 0.00015115737915039062, "sum_time_loading_coverings": 0.00018286705017089844}, "5": {"enters": 1, "count_subgroups": 4, "sum_estimated_prob_of_next_k": 0.9974432330059093, "sum_sr": 4, "sum_time_spent_choosing_strategy": 0.0005838871002197266, "sum_time_estimating_p_vector": 0.00015020370483398438, "sum_time_loading_coverings": 0.00015425682067871094}}