{"0": {"enters": 5, "count_subgroups": 6501, "sum_estimated_prob_of_next_k": 0, "sum_sr": 6047, "sum_time_spent_choosing_strategy": 0, "sum_time_estimating_p_vector": 0, "sum_time_loading_coverings": 0}, "1": {"enters": 454, "count_subgroups": 1816, "sum_estimated_prob_of_next_k": 452.7872750998687, "sum_sr": 1747, "sum_time_spent_choosing_strategy": 4.516702651977539, "sum_time_estimating_p_vector": 0.07860660552978516, "sum_time_loading_coverings": 0.14261937141418457}, "2": {"enters": 69, "count_subgroups": 276, "sum_estimated_prob_of_next_k": 68.6930852836412, "sum_sr": 260, "sum_time_spent_choosing_strategy": 0.3276784420013428, "sum_time_estimating_p_vector": 0.010944366455078125, "sum_time_loading_coverings": 0.0183107852935791}, "3": {"enters": 16, "count_subgroups": 68, "sum_estimated_prob_of_next_k": 15.866285302078602, "sum_sr": 64, "sum_time_spent_choosing_strategy": 0.04121685028076172, "sum_time_estimating_p_vector": 0.002543210983276367, "sum_time_loading_coverings": 0.003839254379272461}, "4": {"enters": 4, "count_subgroups": 16, "sum_estimated_prob_of_next_k": 3.893834874668385, "sum_sr": 16, "sum_time_spent_choosing_strategy": 0.005829334259033203, "sum_time_estimating_p_vector": 0.0005869865417480469, "sum_time_loading_coverings": 0.0007872581481933594}}