{"0": {"enters": 5, "count_subgroups": 6499, "sum_estimated_prob_of_next_k": 0, "sum_sr": 6035, "sum_time_spent_choosing_strategy": 0, "sum_time_estimating_p_vector": 0, "sum_time_loading_coverings": 0}, "1": {"enters": 464, "count_subgroups": 1856, "sum_estimated_prob_of_next_k": 462.60082840046783, "sum_sr": 1803, "sum_time_spent_choosing_strategy": 4.636525392532349, "sum_time_estimating_p_vector": 0.08181428909301758, "sum_time_loading_coverings": 0.14949631690979004}, "2": {"enters": 53, "count_subgroups": 213, "sum_estimated_prob_of_next_k": 52.68771741807159, "sum_sr": 205, "sum_time_spent_choosing_strategy": 0.2583630084991455, "sum_time_estimating_p_vector": 0.008462667465209961, "sum_time_loading_coverings": 0.01411581039428711}, "3": {"enters": 8, "count_subgroups": 34, "sum_estimated_prob_of_next_k": 7.932534256206154, "sum_sr": 34, "sum_time_spent_choosing_strategy": 0.020838499069213867, "sum_time_estimating_p_vector": 0.0012514591217041016, "sum_time_loading_coverings": 0.0017805099487304688}}