{"0": {"enters": 5, "count_subgroups": 8999, "sum_estimated_prob_of_next_k": 0, "sum_sr": 7925, "sum_time_spent_choosing_strategy": 0, "sum_time_estimating_p_vector": 0, "sum_time_loading_coverings": 0}, "1": {"enters": 1074, "count_subgroups": 199174, "sum_estimated_prob_of_next_k": 1000.2041357867382, "sum_sr": 199124, "sum_time_spent_choosing_strategy": 1.138258934020996, "sum_time_estimating_p_vector": 0.21344900131225586, "sum_time_loading_coverings": 0.4532797336578369}, "2": {"enters": 50, "count_subgroups": 210, "sum_estimated_prob_of_next_k": 49.7358200763682, "sum_sr": 201, "sum_time_spent_choosing_strategy": 0.016623497009277344, "sum_time_estimating_p_vector": 0.00800180435180664, "sum_time_loading_coverings": 0.010042905807495117}, "3": {"enters": 9, "count_subgroups": 36, "sum_estimated_prob_of_next_k": 8.9671177894185, "sum_sr": 34, "sum_time_spent_choosing_strategy": 0.0017056465148925781, "sum_time_estimating_p_vector": 0.0013339519500732422, "sum_time_loading_coverings": 0.00150299072265625}, "4": {"enters": 2, "count_subgroups": 8, "sum_estimated_prob_of_next_k": 1.9877820790974794, "sum_sr": 7, "sum_time_spent_choosing_strategy": 0.00020885467529296875, "sum_time_estimating_p_vector": 0.00029468536376953125, "sum_time_loading_coverings": 0.0002734661102294922}, "5": {"enters": 1, "count_subgroups": 4, "sum_estimated_prob_of_next_k": 0.9434058379711112, "sum_sr": 4, "sum_time_spent_choosing_strategy": 7.200241088867188e-05, "sum_time_estimating_p_vector": 0.0001342296600341797, "sum_time_loading_coverings": 0.00012254714965820312}}