{"0": {"enters": 5, "count_subgroups": 8999, "sum_estimated_prob_of_next_k": 0, "sum_sr": 7723, "sum_time_spent_choosing_strategy": 0, "sum_time_estimating_p_vector": 0, "sum_time_loading_coverings": 0}, "1": {"enters": 1276, "count_subgroups": 125526, "sum_estimated_prob_of_next_k": 1191.9581551965807, "sum_sr": 125433, "sum_time_spent_choosing_strategy": 1.314457893371582, "sum_time_estimating_p_vector": 0.2533268928527832, "sum_time_loading_coverings": 0.42459917068481445}, "2": {"enters": 93, "count_subgroups": 372, "sum_estimated_prob_of_next_k": 92.66023726136488, "sum_sr": 351, "sum_time_spent_choosing_strategy": 0.034265756607055664, "sum_time_estimating_p_vector": 0.01495981216430664, "sum_time_loading_coverings": 0.01972174644470215}, "3": {"enters": 21, "count_subgroups": 84, "sum_estimated_prob_of_next_k": 20.876584136514698, "sum_sr": 77, "sum_time_spent_choosing_strategy": 0.004321575164794922, "sum_time_estimating_p_vector": 0.0030825138092041016, "sum_time_loading_coverings": 0.003740072250366211}, "4": {"enters": 7, "count_subgroups": 28, "sum_estimated_prob_of_next_k": 6.94611378002532, "sum_sr": 27, "sum_time_spent_choosing_strategy": 0.0008151531219482422, "sum_time_estimating_p_vector": 0.0009639263153076172, "sum_time_loading_coverings": 0.0009918212890625}, "5": {"enters": 1, "count_subgroups": 4, "sum_estimated_prob_of_next_k": 0.9434058379711112, "sum_sr": 4, "sum_time_spent_choosing_strategy": 7.200241088867188e-05, "sum_time_estimating_p_vector": 0.000133514404296875, "sum_time_loading_coverings": 0.00012183189392089844}}