{"0": {"enters": 5, "count_subgroups": 9001, "sum_estimated_prob_of_next_k": 0, "sum_sr": 7837, "sum_time_spent_choosing_strategy": 0, "sum_time_estimating_p_vector": 0, "sum_time_loading_coverings": 0}, "1": {"enters": 1164, "count_subgroups": 176306, "sum_estimated_prob_of_next_k": 1088.0009715866522, "sum_sr": 176239, "sum_time_spent_choosing_strategy": 1.2359695434570312, "sum_time_estimating_p_vector": 0.2406606674194336, "sum_time_loading_coverings": 0.45361781120300293}, "2": {"enters": 67, "count_subgroups": 268, "sum_estimated_prob_of_next_k": 66.75791385625352, "sum_sr": 255, "sum_time_spent_choosing_strategy": 0.022868633270263672, "sum_time_estimating_p_vector": 0.010476350784301758, "sum_time_loading_coverings": 0.014555692672729492}, "3": {"enters": 13, "count_subgroups": 52, "sum_estimated_prob_of_next_k": 12.91488862538578, "sum_sr": 46, "sum_time_spent_choosing_strategy": 0.0022804737091064453, "sum_time_estimating_p_vector": 0.0018818378448486328, "sum_time_loading_coverings": 0.002464771270751953}, "4": {"enters": 6, "count_subgroups": 24, "sum_estimated_prob_of_next_k": 5.903300251593836, "sum_sr": 21, "sum_time_spent_choosing_strategy": 0.0006237030029296875, "sum_time_estimating_p_vector": 0.0008502006530761719, "sum_time_loading_coverings": 0.0008444786071777344}, "5": {"enters": 3, "count_subgroups": 13, "sum_estimated_prob_of_next_k": 2.856450606752296, "sum_sr": 12, "sum_time_spent_choosing_strategy": 0.00014281272888183594, "sum_time_estimating_p_vector": 0.00041675567626953125, "sum_time_loading_coverings": 0.000316619873046875}, "6": {"enters": 1, "count_subgroups": 5, "sum_estimated_prob_of_next_k": 0.964934430355577, "sum_sr": 5, "sum_time_spent_choosing_strategy": 2.5510787963867188e-05, "sum_time_estimating_p_vector": 0.00012373924255371094, "sum_time_loading_coverings": 8.0108642578125e-05}}