{"0": {"enters": 5, "count_subgroups": 8998, "sum_estimated_prob_of_next_k": 0, "sum_sr": 7888, "sum_time_spent_choosing_strategy": 0, "sum_time_estimating_p_vector": 0, "sum_time_loading_coverings": 0}, "1": {"enters": 1110, "count_subgroups": 69848, "sum_estimated_prob_of_next_k": 1039.4734995687409, "sum_sr": 69798, "sum_time_spent_choosing_strategy": 1.1989352703094482, "sum_time_estimating_p_vector": 0.23111724853515625, "sum_time_loading_coverings": 0.3464481830596924}, "2": {"enters": 50, "count_subgroups": 200, "sum_estimated_prob_of_next_k": 49.7792005835165, "sum_sr": 194, "sum_time_spent_choosing_strategy": 0.01833820343017578, "sum_time_estimating_p_vector": 0.008378028869628906, "sum_time_loading_coverings": 0.010442972183227539}, "3": {"enters": 6, "count_subgroups": 24, "sum_estimated_prob_of_next_k": 5.909809645344874, "sum_sr": 21, "sum_time_spent_choosing_strategy": 0.0010876655578613281, "sum_time_estimating_p_vector": 0.0009469985961914062, "sum_time_loading_coverings": 0.0010225772857666016}, "4": {"enters": 3, "count_subgroups": 12, "sum_estimated_prob_of_next_k": 2.944559077417532, "sum_sr": 11, "sum_time_spent_choosing_strategy": 0.0002238750457763672, "sum_time_estimating_p_vector": 0.00042557716369628906, "sum_time_loading_coverings": 0.0003535747528076172}, "5": {"enters": 1, "count_subgroups": 4, "sum_estimated_prob_of_next_k": 0.9548274162697133, "sum_sr": 4, "sum_time_spent_choosing_strategy": 4.601478576660156e-05, "sum_time_estimating_p_vector": 0.0001571178436279297, "sum_time_loading_coverings": 0.00010347366333007812}}