{"0": {"enters": 5, "count_subgroups": 8999, "sum_estimated_prob_of_next_k": 0, "sum_sr": 7822, "sum_time_spent_choosing_strategy": 0, "sum_time_estimating_p_vector": 0, "sum_time_loading_coverings": 0}, "1": {"enters": 1177, "count_subgroups": 157144, "sum_estimated_prob_of_next_k": 1108.469138011976, "sum_sr": 157066, "sum_time_spent_choosing_strategy": 1.2112925052642822, "sum_time_estimating_p_vector": 0.23385858535766602, "sum_time_loading_coverings": 0.4349489212036133}, "2": {"enters": 78, "count_subgroups": 312, "sum_estimated_prob_of_next_k": 77.81842745370176, "sum_sr": 309, "sum_time_spent_choosing_strategy": 0.02828836441040039, "sum_time_estimating_p_vector": 0.012400627136230469, "sum_time_loading_coverings": 0.01686406135559082}, "3": {"enters": 3, "count_subgroups": 12, "sum_estimated_prob_of_next_k": 2.9593482751811973, "sum_sr": 8, "sum_time_spent_choosing_strategy": 0.000507354736328125, "sum_time_estimating_p_vector": 0.0004889965057373047, "sum_time_loading_coverings": 0.0004715919494628906}, "4": {"enters": 4, "count_subgroups": 16, "sum_estimated_prob_of_next_k": 3.9764566041460743, "sum_sr": 16, "sum_time_spent_choosing_strategy": 0.00038695335388183594, "sum_time_estimating_p_vector": 0.0005643367767333984, "sum_time_loading_coverings": 0.0005090236663818359}}