{"0": {"enters": 5, "count_subgroups": 9001, "sum_estimated_prob_of_next_k": 0, "sum_sr": 7781, "sum_time_spent_choosing_strategy": 0, "sum_time_estimating_p_vector": 0, "sum_time_loading_coverings": 0}, "1": {"enters": 1220, "count_subgroups": 115104, "sum_estimated_prob_of_next_k": 1143.7350442790053, "sum_sr": 115022, "sum_time_spent_choosing_strategy": 1.2395293712615967, "sum_time_estimating_p_vector": 0.23095154762268066, "sum_time_loading_coverings": 0.4026334285736084}, "2": {"enters": 82, "count_subgroups": 328, "sum_estimated_prob_of_next_k": 81.74177465879131, "sum_sr": 319, "sum_time_spent_choosing_strategy": 0.02964949607849121, "sum_time_estimating_p_vector": 0.013169050216674805, "sum_time_loading_coverings": 0.01727771759033203}, "3": {"enters": 9, "count_subgroups": 36, "sum_estimated_prob_of_next_k": 8.943854142231284, "sum_sr": 36, "sum_time_spent_choosing_strategy": 0.0013968944549560547, "sum_time_estimating_p_vector": 0.0013689994812011719, "sum_time_loading_coverings": 0.0013325214385986328}}
