{"0": {"enters": 5, "count_subgroups": 9001, "sum_estimated_prob_of_next_k": 0, "sum_sr": 7837, "sum_time_spent_choosing_strategy": 0, "sum_time_estimating_p_vector": 0, "sum_time_loading_coverings": 0}, "1": {"enters": 1164, "count_subgroups": 262156, "sum_estimated_prob_of_next_k": 1081.6312781666625, "sum_sr": 262093, "sum_time_spent_choosing_strategy": 1.2269139289855957, "sum_time_estimating_p_vector": 0.22327399253845215, "sum_time_loading_coverings": 0.5139620304107666}, "2": {"enters": 63, "count_subgroups": 256, "sum_estimated_prob_of_next_k": 62.76573155680407, "sum_sr": 252, "sum_time_spent_choosing_strategy": 0.021596908569335938, "sum_time_estimating_p_vector": 0.00987553596496582, "sum_time_loading_coverings": 0.012993335723876953}, "3": {"enters": 4, "count_subgroups": 16, "sum_estimated_prob_of_next_k": 3.9881662792229897, "sum_sr": 15, "sum_time_spent_choosing_strategy": 0.0007307529449462891, "sum_time_estimating_p_vector": 0.0005307197570800781, "sum_time_loading_coverings": 0.0006632804870605469}, "4": {"enters": 1, "count_subgroups": 4, "sum_estimated_prob_of_next_k": 0.9948658305739093, "sum_sr": 4, "sum_time_spent_choosing_strategy": 8.749961853027344e-05, "sum_time_estimating_p_vector": 0.00013136863708496094, "sum_time_loading_coverings": 0.000118255615234375}}