{"0": {"enters": 5, "count_subgroups": 21037, "sum_estimated_prob_of_next_k": 0, "sum_sr": 18374, "sum_time_spent_choosing_strategy": 0, "sum_time_estimating_p_vector": 0, "sum_time_loading_coverings": 0}, "1": {"enters": 2663, "count_subgroups": 10652, "sum_estimated_prob_of_next_k": 2659.6270695739454, "sum_sr": 9817, "sum_time_spent_choosing_strategy": 10.385096549987793, "sum_time_estimating_p_vector": 0.41747593879699707, "sum_time_loading_coverings": 0.6693892478942871}, "2": {"enters": 835, "count_subgroups": 3341, "sum_estimated_prob_of_next_k": 830.2718389303734, "sum_sr": 3005, "sum_time_spent_choosing_strategy": 1.2925095558166504, "sum_time_estimating_p_vector": 0.12508773803710938, "sum_time_loading_coverings": 0.17415475845336914}, "3": {"enters": 336, "count_subgroups": 1410, "sum_estimated_prob_of_next_k": 330.91523637660214, "sum_sr": 1203, "sum_time_spent_choosing_strategy": 0.2659447193145752, "sum_time_estimating_p_vector": 0.049935340881347656, "sum_time_loading_coverings": 0.061618804931640625}, "4": {"enters": 207, "count_subgroups": 843, "sum_estimated_prob_of_next_k": 197.09198225345895, "sum_sr": 725, "sum_time_spent_choosing_strategy": 0.08440685272216797, "sum_time_estimating_p_vector": 0.030963897705078125, "sum_time_loading_coverings": 0.030941009521484375}, "5": {"enters": 118, "count_subgroups": 617, "sum_estimated_prob_of_next_k": 115.26254700859405, "sum_sr": 546, "sum_time_spent_choosing_strategy": 0.024704694747924805, "sum_time_estimating_p_vector": 0.017256498336791992, "sum_time_loading_coverings": 0.014277935028076172}, "6": {"enters": 71, "count_subgroups": 332, "sum_estimated_prob_of_next_k": 69.1516200763723, "sum_sr": 303, "sum_time_spent_choosing_strategy": 0.006685495376586914, "sum_time_estimating_p_vector": 0.01049494743347168, "sum_time_loading_coverings": 0.006728649139404297}, "7": {"enters": 29, "count_subgroups": 118, "sum_estimated_prob_of_next_k": 23.385720647502392, "sum_sr": 108, "sum_time_spent_choosing_strategy": 0.0010402202606201172, "sum_time_estimating_p_vector": 0.004393339157104492, "sum_time_loading_coverings": 0.001890420913696289}, "8": {"enters": 10, "count_subgroups": 40, "sum_estimated_prob_of_next_k": 9.189322974559431, "sum_sr": 40, "sum_time_spent_choosing_strategy": 0.0001723766326904297, "sum_time_estimating_p_vector": 0.0014340877532958984, "sum_time_loading_coverings": 0.0004019737243652344}}