{"0": {"enters": 5, "count_subgroups": 21039, "sum_estimated_prob_of_next_k": 0, "sum_sr": 18211, "sum_time_spent_choosing_strategy": 0, "sum_time_estimating_p_vector": 0, "sum_time_loading_coverings": 0}, "1": {"enters": 2828, "count_subgroups": 11312, "sum_estimated_prob_of_next_k": 2821.946368186133, "sum_sr": 10083, "sum_time_spent_choosing_strategy": 10.449100255966187, "sum_time_estimating_p_vector": 0.4393153190612793, "sum_time_loading_coverings": 0.705794095993042}, "2": {"enters": 1229, "count_subgroups": 4916, "sum_estimated_prob_of_next_k": 1218.2821599848833, "sum_sr": 4271, "sum_time_spent_choosing_strategy": 1.852863073348999, "sum_time_estimating_p_vector": 0.17946529388427734, "sum_time_loading_coverings": 0.25377345085144043}, "3": {"enters": 645, "count_subgroups": 2729, "sum_estimated_prob_of_next_k": 634.0732980357435, "sum_sr": 2264, "sum_time_spent_choosing_strategy": 0.499194860458374, "sum_time_estimating_p_vector": 0.09346485137939453, "sum_time_loading_coverings": 0.11673378944396973}, "4": {"enters": 465, "count_subgroups": 1896, "sum_estimated_prob_of_next_k": 442.37237219394643, "sum_sr": 1581, "sum_time_spent_choosing_strategy": 0.18463134765625, "sum_time_estimating_p_vector": 0.06692385673522949, "sum_time_loading_coverings": 0.0686957836151123}, "5": {"enters": 315, "count_subgroups": 1593, "sum_estimated_prob_of_next_k": 306.9665553638987, "sum_sr": 1416, "sum_time_spent_choosing_strategy": 0.06540274620056152, "sum_time_estimating_p_vector": 0.04509758949279785, "sum_time_loading_coverings": 0.03900313377380371}, "6": {"enters": 177, "count_subgroups": 790, "sum_estimated_prob_of_next_k": 171.90194751409547, "sum_sr": 731, "sum_time_spent_choosing_strategy": 0.017863988876342773, "sum_time_estimating_p_vector": 0.025744915008544922, "sum_time_loading_coverings": 0.01777052879333496}, "7": {"enters": 59, "count_subgroups": 264, "sum_estimated_prob_of_next_k": 52.264055357247166, "sum_sr": 241, "sum_time_spent_choosing_strategy": 0.0026290416717529297, "sum_time_estimating_p_vector": 0.008353471755981445, "sum_time_loading_coverings": 0.004149675369262695}, "8": {"enters": 23, "count_subgroups": 92, "sum_estimated_prob_of_next_k": 21.644269137994762, "sum_sr": 87, "sum_time_spent_choosing_strategy": 0.0005438327789306641, "sum_time_estimating_p_vector": 0.0032258033752441406, "sum_time_loading_coverings": 0.0011281967163085938}, "9": {"enters": 5, "count_subgroups": 20, "sum_estimated_prob_of_next_k": 4.756540105916177, "sum_sr": 20, "sum_time_spent_choosing_strategy": 0.00011801719665527344, "sum_time_estimating_p_vector": 0.0007872581481933594, "sum_time_loading_coverings": 0.00026154518127441406}}