{"0": {"enters": 5, "count_subgroups": 21036, "sum_estimated_prob_of_next_k": 0, "sum_sr": 18407, "sum_time_spent_choosing_strategy": 0, "sum_time_estimating_p_vector": 0, "sum_time_loading_coverings": 0}, "1": {"enters": 2629, "count_subgroups": 10516, "sum_estimated_prob_of_next_k": 2624.804092614098, "sum_sr": 9645, "sum_time_spent_choosing_strategy": 10.254058599472046, "sum_time_estimating_p_vector": 0.42563462257385254, "sum_time_loading_coverings": 0.6687116622924805}, "2": {"enters": 871, "count_subgroups": 3484, "sum_estimated_prob_of_next_k": 865.074317320387, "sum_sr": 3117, "sum_time_spent_choosing_strategy": 1.3625574111938477, "sum_time_estimating_p_vector": 0.12968897819519043, "sum_time_loading_coverings": 0.1819167137145996}, "3": {"enters": 367, "count_subgroups": 1543, "sum_estimated_prob_of_next_k": 361.84736594658, "sum_sr": 1317, "sum_time_spent_choosing_strategy": 0.2861766815185547, "sum_time_estimating_p_vector": 0.05407524108886719, "sum_time_loading_coverings": 0.06538915634155273}, "4": {"enters": 226, "count_subgroups": 915, "sum_estimated_prob_of_next_k": 215.48519641674207, "sum_sr": 780, "sum_time_spent_choosing_strategy": 0.0908360481262207, "sum_time_estimating_p_vector": 0.03399372100830078, "sum_time_loading_coverings": 0.03379034996032715}, "5": {"enters": 135, "count_subgroups": 688, "sum_estimated_prob_of_next_k": 132.14628090093206, "sum_sr": 620, "sum_time_spent_choosing_strategy": 0.027943134307861328, "sum_time_estimating_p_vector": 0.019800424575805664, "sum_time_loading_coverings": 0.01639413833618164}, "6": {"enters": 68, "count_subgroups": 311, "sum_estimated_prob_of_next_k": 66.07177342717245, "sum_sr": 298, "sum_time_spent_choosing_strategy": 0.006380319595336914, "sum_time_estimating_p_vector": 0.00982356071472168, "sum_time_loading_coverings": 0.006673336029052734}, "7": {"enters": 13, "count_subgroups": 58, "sum_estimated_prob_of_next_k": 11.997131850796979, "sum_sr": 53, "sum_time_spent_choosing_strategy": 0.0006151199340820312, "sum_time_estimating_p_vector": 0.0018558502197265625, "sum_time_loading_coverings": 0.0009484291076660156}, "8": {"enters": 5, "count_subgroups": 20, "sum_estimated_prob_of_next_k": 4.958513109256306, "sum_sr": 18, "sum_time_spent_choosing_strategy": 0.00017118453979492188, "sum_time_estimating_p_vector": 0.0007252693176269531, "sum_time_loading_coverings": 0.000308990478515625}, "9": {"enters": 2, "count_subgroups": 8, "sum_estimated_prob_of_next_k": 1.9998702907755066, "sum_sr": 8, "sum_time_spent_choosing_strategy": 3.4332275390625e-05, "sum_time_estimating_p_vector": 0.0002875328063964844, "sum_time_loading_coverings": 8.249282836914062e-05}}