{"0": {"enters": 10, "count_subgroups": 412796, "sum_estimated_prob_of_next_k": 0, "sum_sr": 379832, "sum_time_spent_choosing_strategy": 0, "sum_time_estimating_p_vector": 0, "sum_time_loading_coverings": 0}, "1": {"enters": 32964, "count_subgroups": 170527, "sum_estimated_prob_of_next_k": 32676.230814523275, "sum_sr": 143678, "sum_time_spent_choosing_strategy": 121.09738731384277, "sum_time_estimating_p_vector": 6.735021591186523, "sum_time_loading_coverings": 11.80780291557312}, "2": {"enters": 26849, "count_subgroups": 140874, "sum_estimated_prob_of_next_k": 26497.804537861724, "sum_sr": 121094, "sum_time_spent_choosing_strategy": 42.497705698013306, "sum_time_estimating_p_vector": 5.044801235198975, "sum_time_loading_coverings": 7.6898744106292725}, "3": {"enters": 19780, "count_subgroups": 103704, "sum_estimated_prob_of_next_k": 19392.06093266053, "sum_sr": 91936, "sum_time_spent_choosing_strategy": 15.172496795654297, "sum_time_estimating_p_vector": 3.6528186798095703, "sum_time_loading_coverings": 4.772397756576538}, "4": {"enters": 11768, "count_subgroups": 62923, "sum_estimated_prob_of_next_k": 11329.10587978851, "sum_sr": 56169, "sum_time_spent_choosing_strategy": 4.739133834838867, "sum_time_estimating_p_vector": 2.134631872177124, "sum_time_loading_coverings": 2.4166829586029053}}