{"0": {"enters": 10, "count_subgroups": 405922, "sum_estimated_prob_of_next_k": 0, "sum_sr": 372298, "sum_time_spent_choosing_strategy": 0, "sum_time_estimating_p_vector": 0, "sum_time_loading_coverings": 0}, "1": {"enters": 33624, "count_subgroups": 174175, "sum_estimated_prob_of_next_k": 33329.42504734954, "sum_sr": 147660, "sum_time_spent_choosing_strategy": 122.08194017410278, "sum_time_estimating_p_vector": 6.373568296432495, "sum_time_loading_coverings": 11.382983684539795}, "2": {"enters": 26515, "count_subgroups": 139600, "sum_estimated_prob_of_next_k": 26154.06012417906, "sum_sr": 119918, "sum_time_spent_choosing_strategy": 41.46588706970215, "sum_time_estimating_p_vector": 4.757094383239746, "sum_time_loading_coverings": 7.294302940368652}, "3": {"enters": 19682, "count_subgroups": 103670, "sum_estimated_prob_of_next_k": 19280.48837554707, "sum_sr": 92086, "sum_time_spent_choosing_strategy": 15.116984605789185, "sum_time_estimating_p_vector": 3.482346773147583, "sum_time_loading_coverings": 4.582463502883911}, "4": {"enters": 11584, "count_subgroups": 62006, "sum_estimated_prob_of_next_k": 11128.176851652983, "sum_sr": 55167, "sum_time_spent_choosing_strategy": 4.6910316944122314, "sum_time_estimating_p_vector": 2.003880739212036, "sum_time_loading_coverings": 2.2804811000823975}}