{"0": {"enters": 10, "count_subgroups": 393688, "sum_estimated_prob_of_next_k": 0, "sum_sr": 360913, "sum_time_spent_choosing_strategy": 0, "sum_time_estimating_p_vector": 0, "sum_time_loading_coverings": 0}, "1": {"enters": 32775, "count_subgroups": 169513, "sum_estimated_prob_of_next_k": 32484.397064633325, "sum_sr": 143761, "sum_time_spent_choosing_strategy": 123.35749173164368, "sum_time_estimating_p_vector": 6.397115468978882, "sum_time_loading_coverings": 11.218746900558472}, "2": {"enters": 25752, "count_subgroups": 135064, "sum_estimated_prob_of_next_k": 25409.04638315276, "sum_sr": 116122, "sum_time_spent_choosing_strategy": 43.5075798034668, "sum_time_estimating_p_vector": 4.74150276184082, "sum_time_loading_coverings": 7.156984329223633}, "3": {"enters": 18942, "count_subgroups": 99162, "sum_estimated_prob_of_next_k": 18578.614508882445, "sum_sr": 87999, "sum_time_spent_choosing_strategy": 16.184080362319946, "sum_time_estimating_p_vector": 3.4411098957061768, "sum_time_loading_coverings": 4.491074562072754}, "4": {"enters": 11163, "count_subgroups": 59503, "sum_estimated_prob_of_next_k": 10753.691038510704, "sum_sr": 52860, "sum_time_spent_choosing_strategy": 4.95485258102417, "sum_time_estimating_p_vector": 1.9995265007019043, "sum_time_loading_coverings": 2.270946741104126}}