{"0": {"enters": 10, "count_subgroups": 393245, "sum_estimated_prob_of_next_k": 0, "sum_sr": 360889, "sum_time_spent_choosing_strategy": 0, "sum_time_estimating_p_vector": 0, "sum_time_loading_coverings": 0}, "1": {"enters": 32356, "count_subgroups": 168065, "sum_estimated_prob_of_next_k": 32065.93053374581, "sum_sr": 141746, "sum_time_spent_choosing_strategy": 119.03308534622192, "sum_time_estimating_p_vector": 6.126351833343506, "sum_time_loading_coverings": 10.926588535308838}, "2": {"enters": 26319, "count_subgroups": 138961, "sum_estimated_prob_of_next_k": 25951.557809688962, "sum_sr": 119042, "sum_time_spent_choosing_strategy": 40.19418454170227, "sum_time_estimating_p_vector": 4.727638244628906, "sum_time_loading_coverings": 7.1308722496032715}, "3": {"enters": 19919, "count_subgroups": 105424, "sum_estimated_prob_of_next_k": 19503.789911045995, "sum_sr": 93546, "sum_time_spent_choosing_strategy": 14.3621826171875, "sum_time_estimating_p_vector": 3.510693311691284, "sum_time_loading_coverings": 4.572532415390015}, "4": {"enters": 11878, "count_subgroups": 63190, "sum_estimated_prob_of_next_k": 11348.580519630967, "sum_sr": 56031, "sum_time_spent_choosing_strategy": 4.211711406707764, "sum_time_estimating_p_vector": 2.035278797149658, "sum_time_loading_coverings": 2.2762820720672607}}