{"0": {"enters": 10, "count_subgroups": 385086, "sum_estimated_prob_of_next_k": 0, "sum_sr": 351853, "sum_time_spent_choosing_strategy": 0, "sum_time_estimating_p_vector": 0, "sum_time_loading_coverings": 0}, "1": {"enters": 33233, "count_subgroups": 172117, "sum_estimated_prob_of_next_k": 32929.72838444864, "sum_sr": 145582, "sum_time_spent_choosing_strategy": 124.77157592773438, "sum_time_estimating_p_vector": 6.4994893074035645, "sum_time_loading_coverings": 11.30505895614624}, "2": {"enters": 26535, "count_subgroups": 139483, "sum_estimated_prob_of_next_k": 26169.999098378834, "sum_sr": 120270, "sum_time_spent_choosing_strategy": 44.67910432815552, "sum_time_estimating_p_vector": 4.82001805305481, "sum_time_loading_coverings": 7.347965955734253}, "3": {"enters": 19213, "count_subgroups": 100976, "sum_estimated_prob_of_next_k": 18825.64211074156, "sum_sr": 89646, "sum_time_spent_choosing_strategy": 15.688004493713379, "sum_time_estimating_p_vector": 3.449758291244507, "sum_time_loading_coverings": 4.501111030578613}, "4": {"enters": 11330, "count_subgroups": 60217, "sum_estimated_prob_of_next_k": 10888.44063027371, "sum_sr": 53626, "sum_time_spent_choosing_strategy": 4.837476968765259, "sum_time_estimating_p_vector": 1.9896199703216553, "sum_time_loading_coverings": 2.255716323852539}}