{"0": {"enters": 10, "count_subgroups": 387170, "sum_estimated_prob_of_next_k": 0, "sum_sr": 355206, "sum_time_spent_choosing_strategy": 0, "sum_time_estimating_p_vector": 0, "sum_time_loading_coverings": 0}, "1": {"enters": 31964, "count_subgroups": 165644, "sum_estimated_prob_of_next_k": 31680.454171314777, "sum_sr": 140717, "sum_time_spent_choosing_strategy": 121.09291696548462, "sum_time_estimating_p_vector": 6.136884689331055, "sum_time_loading_coverings": 10.963429927825928}, "2": {"enters": 24927, "count_subgroups": 131233, "sum_estimated_prob_of_next_k": 24584.112805383385, "sum_sr": 112451, "sum_time_spent_choosing_strategy": 41.50527095794678, "sum_time_estimating_p_vector": 4.518991231918335, "sum_time_loading_coverings": 6.908046722412109}, "3": {"enters": 18782, "count_subgroups": 99119, "sum_estimated_prob_of_next_k": 18395.343085543493, "sum_sr": 87559, "sum_time_spent_choosing_strategy": 14.518516063690186, "sum_time_estimating_p_vector": 3.343757390975952, "sum_time_loading_coverings": 4.360071897506714}, "4": {"enters": 11560, "count_subgroups": 61389, "sum_estimated_prob_of_next_k": 11078.8552384886, "sum_sr": 54290, "sum_time_spent_choosing_strategy": 4.4400787353515625, "sum_time_estimating_p_vector": 2.0171306133270264, "sum_time_loading_coverings": 2.261168956756592}}