{"0": {"enters": 10, "count_subgroups": 397553, "sum_estimated_prob_of_next_k": 0, "sum_sr": 364631, "sum_time_spent_choosing_strategy": 0, "sum_time_estimating_p_vector": 0, "sum_time_loading_coverings": 0}, "1": {"enters": 32922, "count_subgroups": 170448, "sum_estimated_prob_of_next_k": 32627.549875663535, "sum_sr": 143647, "sum_time_spent_choosing_strategy": 122.36759734153748, "sum_time_estimating_p_vector": 6.394116640090942, "sum_time_loading_coverings": 11.20685076713562}, "2": {"enters": 26801, "count_subgroups": 141001, "sum_estimated_prob_of_next_k": 26434.739176296658, "sum_sr": 120402, "sum_time_spent_choosing_strategy": 42.784571409225464, "sum_time_estimating_p_vector": 4.907853603363037, "sum_time_loading_coverings": 7.332953453063965}, "3": {"enters": 20599, "count_subgroups": 108265, "sum_estimated_prob_of_next_k": 20184.62987243531, "sum_sr": 95387, "sum_time_spent_choosing_strategy": 15.685667753219604, "sum_time_estimating_p_vector": 3.70469069480896, "sum_time_loading_coverings": 4.768045902252197}, "4": {"enters": 12878, "count_subgroups": 68825, "sum_estimated_prob_of_next_k": 12383.363617769508, "sum_sr": 61038, "sum_time_spent_choosing_strategy": 5.036574363708496, "sum_time_estimating_p_vector": 2.26853084564209, "sum_time_loading_coverings": 2.535922050476074}}