{"0": {"enters": 10, "count_subgroups": 411946, "sum_estimated_prob_of_next_k": 0, "sum_sr": 378898, "sum_time_spent_choosing_strategy": 0, "sum_time_estimating_p_vector": 0, "sum_time_loading_coverings": 0}, "1": {"enters": 33048, "count_subgroups": 171259, "sum_estimated_prob_of_next_k": 32752.42922123529, "sum_sr": 144800, "sum_time_spent_choosing_strategy": 123.93709659576416, "sum_time_estimating_p_vector": 6.456332445144653, "sum_time_loading_coverings": 11.50365138053894}, "2": {"enters": 26459, "count_subgroups": 139243, "sum_estimated_prob_of_next_k": 26098.69718189945, "sum_sr": 119075, "sum_time_spent_choosing_strategy": 44.238717794418335, "sum_time_estimating_p_vector": 4.867233514785767, "sum_time_loading_coverings": 7.446547508239746}, "3": {"enters": 20168, "count_subgroups": 106276, "sum_estimated_prob_of_next_k": 19761.007938400566, "sum_sr": 93687, "sum_time_spent_choosing_strategy": 16.184096336364746, "sum_time_estimating_p_vector": 3.65971302986145, "sum_time_loading_coverings": 4.757595539093018}, "4": {"enters": 12589, "count_subgroups": 66793, "sum_estimated_prob_of_next_k": 12091.302491822698, "sum_sr": 59141, "sum_time_spent_choosing_strategy": 5.016395330429077, "sum_time_estimating_p_vector": 2.2393181324005127, "sum_time_loading_coverings": 2.5267555713653564}}