{"0": {"enters": 6, "count_subgroups": 174476, "sum_estimated_prob_of_next_k": 0, "sum_sr": 158531, "sum_time_spent_choosing_strategy": 0, "sum_time_estimating_p_vector": 0, "sum_time_loading_coverings": 0}, "1": {"enters": 15945, "count_subgroups": 79905, "sum_estimated_prob_of_next_k": 15832.101453085837, "sum_sr": 72092, "sum_time_spent_choosing_strategy": 88.49757647514343, "sum_time_estimating_p_vector": 3.210132360458374, "sum_time_loading_coverings": 6.283482789993286}, "2": {"enters": 7813, "count_subgroups": 39486, "sum_estimated_prob_of_next_k": 7719.588997425096, "sum_sr": 35334, "sum_time_spent_choosing_strategy": 25.937285900115967, "sum_time_estimating_p_vector": 1.4916470050811768, "sum_time_loading_coverings": 2.6917498111724854}, "3": {"enters": 4152, "count_subgroups": 21056, "sum_estimated_prob_of_next_k": 4092.5929058635716, "sum_sr": 19136, "sum_time_spent_choosing_strategy": 8.613232135772705, "sum_time_estimating_p_vector": 0.7888309955596924, "sum_time_loading_coverings": 1.2725541591644287}, "4": {"enters": 1920, "count_subgroups": 9622, "sum_estimated_prob_of_next_k": 1871.483148027812, "sum_sr": 8731, "sum_time_spent_choosing_strategy": 2.3832833766937256, "sum_time_estimating_p_vector": 0.36012959480285645, "sum_time_loading_coverings": 0.5223841667175293}, "5": {"enters": 891, "count_subgroups": 4574, "sum_estimated_prob_of_next_k": 865.1817182812515, "sum_sr": 4109, "sum_time_spent_choosing_strategy": 0.6563024520874023, "sum_time_estimating_p_vector": 0.16110920906066895, "sum_time_loading_coverings": 0.2145078182220459}, "6": {"enters": 465, "count_subgroups": 2729, "sum_estimated_prob_of_next_k": 453.4868527283498, "sum_sr": 2461, "sum_time_spent_choosing_strategy": 0.2013840675354004, "sum_time_estimating_p_vector": 0.08089137077331543, "sum_time_loading_coverings": 0.09885382652282715}, "7": {"enters": 268, "count_subgroups": 1783, "sum_estimated_prob_of_next_k": 260.9442806262955, "sum_sr": 1625, "sum_time_spent_choosing_strategy": 0.06224417686462402, "sum_time_estimating_p_vector": 0.04511857032775879, "sum_time_loading_coverings": 0.04841446876525879}, "8": {"enters": 158, "count_subgroups": 880, "sum_estimated_prob_of_next_k": 152.8855462765234, "sum_sr": 790, "sum_time_spent_choosing_strategy": 0.019655942916870117, "sum_time_estimating_p_vector": 0.025784969329833984, "sum_time_loading_coverings": 0.02410602569580078}, "9": {"enters": 90, "count_subgroups": 692, "sum_estimated_prob_of_next_k": 89.38071063415744, "sum_sr": 660, "sum_time_spent_choosing_strategy": 0.00571894645690918, "sum_time_estimating_p_vector": 0.014792919158935547, "sum_time_loading_coverings": 0.009731292724609375}, "10": {"enters": 32, "count_subgroups": 160, "sum_estimated_prob_of_next_k": 31.009409601039373, "sum_sr": 147, "sum_time_spent_choosing_strategy": 0.0012290477752685547, "sum_time_estimating_p_vector": 0.005608558654785156, "sum_time_loading_coverings": 0.002770662307739258}, "11": {"enters": 13, "count_subgroups": 65, "sum_estimated_prob_of_next_k": 12.966826899748392, "sum_sr": 62, "sum_time_spent_choosing_strategy": 0.0005023479461669922, "sum_time_estimating_p_vector": 0.002398967742919922, "sum_time_loading_coverings": 0.0011997222900390625}, "12": {"enters": 3, "count_subgroups": 15, "sum_estimated_prob_of_next_k": 2.9999335735648325, "sum_sr": 15, "sum_time_spent_choosing_strategy": 9.679794311523438e-05, "sum_time_estimating_p_vector": 0.0005514621734619141, "sum_time_loading_coverings": 0.0002624988555908203}}