{"0": {"enters": 6, "count_subgroups": 174476, "sum_estimated_prob_of_next_k": 0, "sum_sr": 158744, "sum_time_spent_choosing_strategy": 0, "sum_time_estimating_p_vector": 0, "sum_time_loading_coverings": 0}, "1": {"enters": 15732, "count_subgroups": 78806, "sum_estimated_prob_of_next_k": 15625.280273888591, "sum_sr": 71203, "sum_time_spent_choosing_strategy": 87.76294088363647, "sum_time_estimating_p_vector": 3.0165348052978516, "sum_time_loading_coverings": 6.099856615066528}, "2": {"enters": 7603, "count_subgroups": 38401, "sum_estimated_prob_of_next_k": 7522.454205358538, "sum_sr": 34662, "sum_time_spent_choosing_strategy": 25.414058446884155, "sum_time_estimating_p_vector": 1.4029357433319092, "sum_time_loading_coverings": 2.594067096710205}, "3": {"enters": 3739, "count_subgroups": 18933, "sum_estimated_prob_of_next_k": 3684.489274538258, "sum_sr": 17095, "sum_time_spent_choosing_strategy": 7.875731945037842, "sum_time_estimating_p_vector": 0.6855201721191406, "sum_time_loading_coverings": 1.126964807510376}, "4": {"enters": 1838, "count_subgroups": 9213, "sum_estimated_prob_of_next_k": 1795.8925089623783, "sum_sr": 8316, "sum_time_spent_choosing_strategy": 2.3485782146453857, "sum_time_estimating_p_vector": 0.33350276947021484, "sum_time_loading_coverings": 0.49162745475769043}, "5": {"enters": 897, "count_subgroups": 4537, "sum_estimated_prob_of_next_k": 871.2411646106099, "sum_sr": 4007, "sum_time_spent_choosing_strategy": 0.6804711818695068, "sum_time_estimating_p_vector": 0.15748286247253418, "sum_time_loading_coverings": 0.21463489532470703}, "6": {"enters": 530, "count_subgroups": 3058, "sum_estimated_prob_of_next_k": 517.6250853914385, "sum_sr": 2763, "sum_time_spent_choosing_strategy": 0.2415623664855957, "sum_time_estimating_p_vector": 0.09048867225646973, "sum_time_loading_coverings": 0.11088323593139648}, "7": {"enters": 295, "count_subgroups": 1896, "sum_estimated_prob_of_next_k": 288.91541108236635, "sum_sr": 1741, "sum_time_spent_choosing_strategy": 0.07522392272949219, "sum_time_estimating_p_vector": 0.04973864555358887, "sum_time_loading_coverings": 0.05395317077636719}, "8": {"enters": 155, "count_subgroups": 814, "sum_estimated_prob_of_next_k": 150.33717613194455, "sum_sr": 748, "sum_time_spent_choosing_strategy": 0.023046493530273438, "sum_time_estimating_p_vector": 0.02669072151184082, "sum_time_loading_coverings": 0.02574443817138672}, "9": {"enters": 66, "count_subgroups": 445, "sum_estimated_prob_of_next_k": 65.08625204134732, "sum_sr": 413, "sum_time_spent_choosing_strategy": 0.005514383316040039, "sum_time_estimating_p_vector": 0.01101231575012207, "sum_time_loading_coverings": 0.00813150405883789}, "10": {"enters": 32, "count_subgroups": 178, "sum_estimated_prob_of_next_k": 30.148491955170623, "sum_sr": 162, "sum_time_spent_choosing_strategy": 0.0014674663543701172, "sum_time_estimating_p_vector": 0.005378007888793945, "sum_time_loading_coverings": 0.003197908401489258}, "11": {"enters": 16, "count_subgroups": 80, "sum_estimated_prob_of_next_k": 15.569596433077146, "sum_sr": 79, "sum_time_spent_choosing_strategy": 0.0004801750183105469, "sum_time_estimating_p_vector": 0.0026521682739257812, "sum_time_loading_coverings": 0.0012133121490478516}, "12": {"enters": 1, "count_subgroups": 5, "sum_estimated_prob_of_next_k": 0.9990587554891383, "sum_sr": 5, "sum_time_spent_choosing_strategy": 3.2901763916015625e-05, "sum_time_estimating_p_vector": 0.00018262863159179688, "sum_time_loading_coverings": 8.344650268554688e-05}}