{"0": {"enters": 6, "count_subgroups": 174476, "sum_estimated_prob_of_next_k": 0, "sum_sr": 157804, "sum_time_spent_choosing_strategy": 0, "sum_time_estimating_p_vector": 0, "sum_time_loading_coverings": 0}, "1": {"enters": 16672, "count_subgroups": 83564, "sum_estimated_prob_of_next_k": 16549.28979516646, "sum_sr": 74900, "sum_time_spent_choosing_strategy": 93.82650065422058, "sum_time_estimating_p_vector": 3.390958786010742, "sum_time_loading_coverings": 6.722533941268921}, "2": {"enters": 8664, "count_subgroups": 43771, "sum_estimated_prob_of_next_k": 8564.22028410784, "sum_sr": 39311, "sum_time_spent_choosing_strategy": 29.043930768966675, "sum_time_estimating_p_vector": 1.6630735397338867, "sum_time_loading_coverings": 3.0633809566497803}, "3": {"enters": 4460, "count_subgroups": 22623, "sum_estimated_prob_of_next_k": 4394.60698899417, "sum_sr": 20494, "sum_time_spent_choosing_strategy": 9.381426095962524, "sum_time_estimating_p_vector": 0.8568103313446045, "sum_time_loading_coverings": 1.3942978382110596}, "4": {"enters": 2129, "count_subgroups": 10689, "sum_estimated_prob_of_next_k": 2078.7665292382108, "sum_sr": 9672, "sum_time_spent_choosing_strategy": 2.709287166595459, "sum_time_estimating_p_vector": 0.4065730571746826, "sum_time_loading_coverings": 0.5923957824707031}, "5": {"enters": 1017, "count_subgroups": 5241, "sum_estimated_prob_of_next_k": 988.6751814583989, "sum_sr": 4645, "sum_time_spent_choosing_strategy": 0.7614727020263672, "sum_time_estimating_p_vector": 0.18648982048034668, "sum_time_loading_coverings": 0.25479650497436523}, "6": {"enters": 596, "count_subgroups": 3457, "sum_estimated_prob_of_next_k": 581.1571269672633, "sum_sr": 3111, "sum_time_spent_choosing_strategy": 0.25768542289733887, "sum_time_estimating_p_vector": 0.10590171813964844, "sum_time_loading_coverings": 0.12689900398254395}, "7": {"enters": 346, "count_subgroups": 2080, "sum_estimated_prob_of_next_k": 332.6552314321958, "sum_sr": 1861, "sum_time_spent_choosing_strategy": 0.08284521102905273, "sum_time_estimating_p_vector": 0.062015533447265625, "sum_time_loading_coverings": 0.06416177749633789}, "8": {"enters": 219, "count_subgroups": 1197, "sum_estimated_prob_of_next_k": 211.20885321375417, "sum_sr": 1064, "sum_time_spent_choosing_strategy": 0.02879619598388672, "sum_time_estimating_p_vector": 0.03763008117675781, "sum_time_loading_coverings": 0.03446364402770996}, "9": {"enters": 133, "count_subgroups": 981, "sum_estimated_prob_of_next_k": 131.5432959432516, "sum_sr": 919, "sum_time_spent_choosing_strategy": 0.00987696647644043, "sum_time_estimating_p_vector": 0.022243022918701172, "sum_time_loading_coverings": 0.01621556282043457}, "10": {"enters": 62, "count_subgroups": 340, "sum_estimated_prob_of_next_k": 57.843615132878746, "sum_sr": 323, "sum_time_spent_choosing_strategy": 0.0023946762084960938, "sum_time_estimating_p_vector": 0.010108709335327148, "sum_time_loading_coverings": 0.005215167999267578}, "11": {"enters": 17, "count_subgroups": 85, "sum_estimated_prob_of_next_k": 15.933803731123342, "sum_sr": 85, "sum_time_spent_choosing_strategy": 0.0005114078521728516, "sum_time_estimating_p_vector": 0.0027146339416503906, "sum_time_loading_coverings": 0.0011782646179199219}}