{"0": {"enters": 6, "count_subgroups": 174476, "sum_estimated_prob_of_next_k": 0, "sum_sr": 159687, "sum_time_spent_choosing_strategy": 0, "sum_time_estimating_p_vector": 0, "sum_time_loading_coverings": 0}, "1": {"enters": 14789, "count_subgroups": 74076, "sum_estimated_prob_of_next_k": 14690.089107844844, "sum_sr": 67316, "sum_time_spent_choosing_strategy": 82.58189964294434, "sum_time_estimating_p_vector": 2.8161509037017822, "sum_time_loading_coverings": 5.724343299865723}, "2": {"enters": 6760, "count_subgroups": 34151, "sum_estimated_prob_of_next_k": 6684.07427048816, "sum_sr": 30917, "sum_time_spent_choosing_strategy": 22.57570743560791, "sum_time_estimating_p_vector": 1.2301466464996338, "sum_time_loading_coverings": 2.275559663772583}, "3": {"enters": 3234, "count_subgroups": 16356, "sum_estimated_prob_of_next_k": 3191.539411867107, "sum_sr": 15105, "sum_time_spent_choosing_strategy": 6.731490612030029, "sum_time_estimating_p_vector": 0.5855190753936768, "sum_time_loading_coverings": 0.9609174728393555}, "4": {"enters": 1251, "count_subgroups": 6268, "sum_estimated_prob_of_next_k": 1222.6489369380372, "sum_sr": 5762, "sum_time_spent_choosing_strategy": 1.5838062763214111, "sum_time_estimating_p_vector": 0.22084617614746094, "sum_time_loading_coverings": 0.3291347026824951}, "5": {"enters": 506, "count_subgroups": 2590, "sum_estimated_prob_of_next_k": 491.6838059010968, "sum_sr": 2368, "sum_time_spent_choosing_strategy": 0.3774099349975586, "sum_time_estimating_p_vector": 0.08728194236755371, "sum_time_loading_coverings": 0.11967158317565918}, "6": {"enters": 222, "count_subgroups": 1286, "sum_estimated_prob_of_next_k": 217.3216829373375, "sum_sr": 1187, "sum_time_spent_choosing_strategy": 0.09573483467102051, "sum_time_estimating_p_vector": 0.03799724578857422, "sum_time_loading_coverings": 0.046142578125}, "7": {"enters": 99, "count_subgroups": 600, "sum_estimated_prob_of_next_k": 95.40393569515793, "sum_sr": 552, "sum_time_spent_choosing_strategy": 0.022807836532592773, "sum_time_estimating_p_vector": 0.01584315299987793, "sum_time_loading_coverings": 0.017258644104003906}, "8": {"enters": 48, "count_subgroups": 266, "sum_estimated_prob_of_next_k": 46.524126946951746, "sum_sr": 238, "sum_time_spent_choosing_strategy": 0.006511688232421875, "sum_time_estimating_p_vector": 0.007414579391479492, "sum_time_loading_coverings": 0.007185697555541992}, "9": {"enters": 28, "count_subgroups": 231, "sum_estimated_prob_of_next_k": 27.83348058655764, "sum_sr": 221, "sum_time_spent_choosing_strategy": 0.0017578601837158203, "sum_time_estimating_p_vector": 0.004106283187866211, "sum_time_loading_coverings": 0.0028188228607177734}, "10": {"enters": 10, "count_subgroups": 58, "sum_estimated_prob_of_next_k": 9.463727367372815, "sum_sr": 58, "sum_time_spent_choosing_strategy": 0.0002532005310058594, "sum_time_estimating_p_vector": 0.0014705657958984375, "sum_time_loading_coverings": 0.0005815029144287109}}