{"0": {"enters": 6, "count_subgroups": 174476, "sum_estimated_prob_of_next_k": 0, "sum_sr": 158173, "sum_time_spent_choosing_strategy": 0, "sum_time_estimating_p_vector": 0, "sum_time_loading_coverings": 0}, "1": {"enters": 16303, "count_subgroups": 81694, "sum_estimated_prob_of_next_k": 16190.886348105832, "sum_sr": 73174, "sum_time_spent_choosing_strategy": 89.70354747772217, "sum_time_estimating_p_vector": 3.1256072521209717, "sum_time_loading_coverings": 6.419158697128296}, "2": {"enters": 8520, "count_subgroups": 43031, "sum_estimated_prob_of_next_k": 8422.978370739258, "sum_sr": 38544, "sum_time_spent_choosing_strategy": 27.90100908279419, "sum_time_estimating_p_vector": 1.5739307403564453, "sum_time_loading_coverings": 2.9275014400482178}, "3": {"enters": 4487, "count_subgroups": 22737, "sum_estimated_prob_of_next_k": 4423.065348465165, "sum_sr": 20672, "sum_time_spent_choosing_strategy": 9.212688446044922, "sum_time_estimating_p_vector": 0.821495771408081, "sum_time_loading_coverings": 1.3646111488342285}, "4": {"enters": 2065, "count_subgroups": 10385, "sum_estimated_prob_of_next_k": 2012.6907855231264, "sum_sr": 9430, "sum_time_spent_choosing_strategy": 2.537311553955078, "sum_time_estimating_p_vector": 0.37037229537963867, "sum_time_loading_coverings": 0.5613229274749756}, "5": {"enters": 955, "count_subgroups": 4974, "sum_estimated_prob_of_next_k": 929.9150820335304, "sum_sr": 4510, "sum_time_spent_choosing_strategy": 0.6885986328125, "sum_time_estimating_p_vector": 0.16925740242004395, "sum_time_loading_coverings": 0.23108577728271484}, "6": {"enters": 464, "count_subgroups": 2659, "sum_estimated_prob_of_next_k": 452.82940263123635, "sum_sr": 2415, "sum_time_spent_choosing_strategy": 0.1992356777191162, "sum_time_estimating_p_vector": 0.07861065864562988, "sum_time_loading_coverings": 0.0977015495300293}, "7": {"enters": 244, "count_subgroups": 1491, "sum_estimated_prob_of_next_k": 236.75115739898996, "sum_sr": 1394, "sum_time_spent_choosing_strategy": 0.06057476997375488, "sum_time_estimating_p_vector": 0.04199409484863281, "sum_time_loading_coverings": 0.04625058174133301}, "8": {"enters": 97, "count_subgroups": 521, "sum_estimated_prob_of_next_k": 93.38320860118948, "sum_sr": 475, "sum_time_spent_choosing_strategy": 0.013261079788208008, "sum_time_estimating_p_vector": 0.015919208526611328, "sum_time_loading_coverings": 0.015398502349853516}, "9": {"enters": 46, "count_subgroups": 328, "sum_estimated_prob_of_next_k": 45.558792025476755, "sum_sr": 318, "sum_time_spent_choosing_strategy": 0.0030434131622314453, "sum_time_estimating_p_vector": 0.007459878921508789, "sum_time_loading_coverings": 0.005455732345581055}, "10": {"enters": 10, "count_subgroups": 50, "sum_estimated_prob_of_next_k": 9.66091117186692, "sum_sr": 43, "sum_time_spent_choosing_strategy": 0.0003261566162109375, "sum_time_estimating_p_vector": 0.0017757415771484375, "sum_time_loading_coverings": 0.0008542537689208984}, "11": {"enters": 7, "count_subgroups": 35, "sum_estimated_prob_of_next_k": 6.785337024629149, "sum_sr": 33, "sum_time_spent_choosing_strategy": 0.00015854835510253906, "sum_time_estimating_p_vector": 0.0012569427490234375, "sum_time_loading_coverings": 0.0005381107330322266}, "12": {"enters": 2, "count_subgroups": 10, "sum_estimated_prob_of_next_k": 1.9189525601382234, "sum_sr": 10, "sum_time_spent_choosing_strategy": 3.886222839355469e-05, "sum_time_estimating_p_vector": 0.0003600120544433594, "sum_time_loading_coverings": 0.0001087188720703125}}