{"0": {"enters": 6, "count_subgroups": 174476, "sum_estimated_prob_of_next_k": 0, "sum_sr": 158043, "sum_time_spent_choosing_strategy": 0, "sum_time_estimating_p_vector": 0, "sum_time_loading_coverings": 0}, "1": {"enters": 16433, "count_subgroups": 82308, "sum_estimated_prob_of_next_k": 16321.471182273168, "sum_sr": 73826, "sum_time_spent_choosing_strategy": 91.07322597503662, "sum_time_estimating_p_vector": 3.217256546020508, "sum_time_loading_coverings": 6.577781915664673}, "2": {"enters": 8482, "count_subgroups": 42820, "sum_estimated_prob_of_next_k": 8389.345218738268, "sum_sr": 38243, "sum_time_spent_choosing_strategy": 28.130000352859497, "sum_time_estimating_p_vector": 1.5771434307098389, "sum_time_loading_coverings": 2.952188014984131}, "3": {"enters": 4577, "count_subgroups": 23218, "sum_estimated_prob_of_next_k": 4513.321985840263, "sum_sr": 21012, "sum_time_spent_choosing_strategy": 9.487107753753662, "sum_time_estimating_p_vector": 0.8442294597625732, "sum_time_loading_coverings": 1.4174997806549072}, "4": {"enters": 2206, "count_subgroups": 11063, "sum_estimated_prob_of_next_k": 2152.342588652786, "sum_sr": 10039, "sum_time_spent_choosing_strategy": 2.767277717590332, "sum_time_estimating_p_vector": 0.40148282051086426, "sum_time_loading_coverings": 0.6115388870239258}, "5": {"enters": 1024, "count_subgroups": 5255, "sum_estimated_prob_of_next_k": 994.052176519304, "sum_sr": 4726, "sum_time_spent_choosing_strategy": 0.7663486003875732, "sum_time_estimating_p_vector": 0.18271589279174805, "sum_time_loading_coverings": 0.24956440925598145}, "6": {"enters": 529, "count_subgroups": 3064, "sum_estimated_prob_of_next_k": 516.9295363042276, "sum_sr": 2741, "sum_time_spent_choosing_strategy": 0.23437094688415527, "sum_time_estimating_p_vector": 0.09017205238342285, "sum_time_loading_coverings": 0.11537623405456543}, "7": {"enters": 323, "count_subgroups": 2079, "sum_estimated_prob_of_next_k": 314.7876650504804, "sum_sr": 1840, "sum_time_spent_choosing_strategy": 0.07851815223693848, "sum_time_estimating_p_vector": 0.054800987243652344, "sum_time_loading_coverings": 0.0602116584777832}, "8": {"enters": 239, "count_subgroups": 1286, "sum_estimated_prob_of_next_k": 229.8348802628021, "sum_sr": 1115, "sum_time_spent_choosing_strategy": 0.031323909759521484, "sum_time_estimating_p_vector": 0.03855252265930176, "sum_time_loading_coverings": 0.038344621658325195}, "9": {"enters": 171, "count_subgroups": 1283, "sum_estimated_prob_of_next_k": 169.10022971476204, "sum_sr": 1190, "sum_time_spent_choosing_strategy": 0.011777162551879883, "sum_time_estimating_p_vector": 0.02659749984741211, "sum_time_loading_coverings": 0.019055604934692383}, "10": {"enters": 93, "count_subgroups": 511, "sum_estimated_prob_of_next_k": 86.30528675689366, "sum_sr": 464, "sum_time_spent_choosing_strategy": 0.0032749176025390625, "sum_time_estimating_p_vector": 0.014178276062011719, "sum_time_loading_coverings": 0.007624149322509766}, "11": {"enters": 47, "count_subgroups": 239, "sum_estimated_prob_of_next_k": 44.169549503337436, "sum_sr": 226, "sum_time_spent_choosing_strategy": 0.001308441162109375, "sum_time_estimating_p_vector": 0.007130861282348633, "sum_time_loading_coverings": 0.0035314559936523438}, "12": {"enters": 13, "count_subgroups": 65, "sum_estimated_prob_of_next_k": 12.06229985628864, "sum_sr": 62, "sum_time_spent_choosing_strategy": 0.0003132820129394531, "sum_time_estimating_p_vector": 0.0019152164459228516, "sum_time_loading_coverings": 0.0008072853088378906}, "13": {"enters": 3, "count_subgroups": 15, "sum_estimated_prob_of_next_k": 2.801779052171856, "sum_sr": 15, "sum_time_spent_choosing_strategy": 6.198883056640625e-05, "sum_time_estimating_p_vector": 0.00042176246643066406, "sum_time_loading_coverings": 0.00015926361083984375}}