{"0": {"enters": 6, "count_subgroups": 174476, "sum_estimated_prob_of_next_k": 0, "sum_sr": 158357, "sum_time_spent_choosing_strategy": 0, "sum_time_estimating_p_vector": 0, "sum_time_loading_coverings": 0}, "1": {"enters": 16119, "count_subgroups": 80722, "sum_estimated_prob_of_next_k": 16011.170617859847, "sum_sr": 72750, "sum_time_spent_choosing_strategy": 89.86618971824646, "sum_time_estimating_p_vector": 3.159538745880127, "sum_time_loading_coverings": 6.391284465789795}, "2": {"enters": 7972, "count_subgroups": 40210, "sum_estimated_prob_of_next_k": 7885.73227958163, "sum_sr": 36621, "sum_time_spent_choosing_strategy": 26.682289600372314, "sum_time_estimating_p_vector": 1.4829626083374023, "sum_time_loading_coverings": 2.7619168758392334}, "3": {"enters": 3589, "count_subgroups": 18138, "sum_estimated_prob_of_next_k": 3541.962343618048, "sum_sr": 16641, "sum_time_spent_choosing_strategy": 7.555385112762451, "sum_time_estimating_p_vector": 0.6636178493499756, "sum_time_loading_coverings": 1.102757215499878}, "4": {"enters": 1497, "count_subgroups": 7509, "sum_estimated_prob_of_next_k": 1464.2342553909075, "sum_sr": 6819, "sum_time_spent_choosing_strategy": 1.910766839981079, "sum_time_estimating_p_vector": 0.2725181579589844, "sum_time_loading_coverings": 0.4081113338470459}, "5": {"enters": 690, "count_subgroups": 3503, "sum_estimated_prob_of_next_k": 672.5077387323764, "sum_sr": 3128, "sum_time_spent_choosing_strategy": 0.527230978012085, "sum_time_estimating_p_vector": 0.12453866004943848, "sum_time_loading_coverings": 0.16794323921203613}, "6": {"enters": 375, "count_subgroups": 2119, "sum_estimated_prob_of_next_k": 366.6581469025584, "sum_sr": 1904, "sum_time_spent_choosing_strategy": 0.16970157623291016, "sum_time_estimating_p_vector": 0.06528210639953613, "sum_time_loading_coverings": 0.08016061782836914}, "7": {"enters": 215, "count_subgroups": 1317, "sum_estimated_prob_of_next_k": 209.19310135922208, "sum_sr": 1229, "sum_time_spent_choosing_strategy": 0.05575394630432129, "sum_time_estimating_p_vector": 0.03730607032775879, "sum_time_loading_coverings": 0.04001736640930176}, "8": {"enters": 88, "count_subgroups": 462, "sum_estimated_prob_of_next_k": 84.65038132915772, "sum_sr": 438, "sum_time_spent_choosing_strategy": 0.013058900833129883, "sum_time_estimating_p_vector": 0.014537572860717773, "sum_time_loading_coverings": 0.01411890983581543}, "9": {"enters": 24, "count_subgroups": 158, "sum_estimated_prob_of_next_k": 23.661904717872137, "sum_sr": 156, "sum_time_spent_choosing_strategy": 0.0021066665649414062, "sum_time_estimating_p_vector": 0.003810405731201172, "sum_time_loading_coverings": 0.003152132034301758}, "10": {"enters": 2, "count_subgroups": 18, "sum_estimated_prob_of_next_k": 1.992740475351883, "sum_sr": 18, "sum_time_spent_choosing_strategy": 9.870529174804688e-05, "sum_time_estimating_p_vector": 0.0003223419189453125, "sum_time_loading_coverings": 0.00017380714416503906}}