{"0": {"enters": 6, "count_subgroups": 174476, "sum_estimated_prob_of_next_k": 0, "sum_sr": 158840, "sum_time_spent_choosing_strategy": 0, "sum_time_estimating_p_vector": 0, "sum_time_loading_coverings": 0}, "1": {"enters": 15636, "count_subgroups": 78312, "sum_estimated_prob_of_next_k": 15529.97548679598, "sum_sr": 70592, "sum_time_spent_choosing_strategy": 85.69748091697693, "sum_time_estimating_p_vector": 3.001044511795044, "sum_time_loading_coverings": 6.031694412231445}, "2": {"enters": 7720, "count_subgroups": 39019, "sum_estimated_prob_of_next_k": 7633.357432797401, "sum_sr": 34999, "sum_time_spent_choosing_strategy": 25.279627084732056, "sum_time_estimating_p_vector": 1.422532081604004, "sum_time_loading_coverings": 2.5977776050567627}, "3": {"enters": 4020, "count_subgroups": 20334, "sum_estimated_prob_of_next_k": 3963.2447820803386, "sum_sr": 18485, "sum_time_spent_choosing_strategy": 8.223623514175415, "sum_time_estimating_p_vector": 0.7362403869628906, "sum_time_loading_coverings": 1.197953224182129}, "4": {"enters": 1849, "count_subgroups": 9288, "sum_estimated_prob_of_next_k": 1805.757119254642, "sum_sr": 8373, "sum_time_spent_choosing_strategy": 2.272609233856201, "sum_time_estimating_p_vector": 0.3331456184387207, "sum_time_loading_coverings": 0.49283456802368164}, "5": {"enters": 915, "count_subgroups": 4748, "sum_estimated_prob_of_next_k": 890.0603372336343, "sum_sr": 4244, "sum_time_spent_choosing_strategy": 0.6627895832061768, "sum_time_estimating_p_vector": 0.1636195182800293, "sum_time_loading_coverings": 0.21683430671691895}, "6": {"enters": 504, "count_subgroups": 2852, "sum_estimated_prob_of_next_k": 493.24356065870677, "sum_sr": 2604, "sum_time_spent_choosing_strategy": 0.21360492706298828, "sum_time_estimating_p_vector": 0.08670330047607422, "sum_time_loading_coverings": 0.1047980785369873}, "7": {"enters": 248, "count_subgroups": 1492, "sum_estimated_prob_of_next_k": 241.20204575921147, "sum_sr": 1368, "sum_time_spent_choosing_strategy": 0.059552907943725586, "sum_time_estimating_p_vector": 0.041974782943725586, "sum_time_loading_coverings": 0.04603743553161621}, "8": {"enters": 124, "count_subgroups": 666, "sum_estimated_prob_of_next_k": 120.47636043187124, "sum_sr": 608, "sum_time_spent_choosing_strategy": 0.016826391220092773, "sum_time_estimating_p_vector": 0.02101302146911621, "sum_time_loading_coverings": 0.019587278366088867}, "9": {"enters": 58, "count_subgroups": 382, "sum_estimated_prob_of_next_k": 57.4127355149476, "sum_sr": 348, "sum_time_spent_choosing_strategy": 0.004466056823730469, "sum_time_estimating_p_vector": 0.009646415710449219, "sum_time_loading_coverings": 0.007237672805786133}, "10": {"enters": 34, "count_subgroups": 176, "sum_estimated_prob_of_next_k": 32.92087369567154, "sum_sr": 151, "sum_time_spent_choosing_strategy": 0.0015492439270019531, "sum_time_estimating_p_vector": 0.006073713302612305, "sum_time_loading_coverings": 0.0034449100494384766}, "11": {"enters": 25, "count_subgroups": 125, "sum_estimated_prob_of_next_k": 24.879354448396796, "sum_sr": 111, "sum_time_spent_choosing_strategy": 0.0007259845733642578, "sum_time_estimating_p_vector": 0.004580497741699219, "sum_time_loading_coverings": 0.0018887519836425781}, "12": {"enters": 14, "count_subgroups": 70, "sum_estimated_prob_of_next_k": 13.999446595481905, "sum_sr": 67, "sum_time_spent_choosing_strategy": 0.0003046989440917969, "sum_time_estimating_p_vector": 0.0025572776794433594, "sum_time_loading_coverings": 0.0008630752563476562}, "13": {"enters": 3, "count_subgroups": 15, "sum_estimated_prob_of_next_k": 2.999990683765396, "sum_sr": 15, "sum_time_spent_choosing_strategy": 5.91278076171875e-05, "sum_time_estimating_p_vector": 0.0005402565002441406, "sum_time_loading_coverings": 0.00015687942504882812}}