{"0": {"enters": 4, "count_subgroups": 381225, "sum_estimated_prob_of_next_k": 0, "sum_sr": 360986, "sum_time_spent_choosing_strategy": 0, "sum_time_estimating_p_vector": 0, "sum_time_loading_coverings": 0}, "1": {"enters": 20239, "count_subgroups": 101527, "sum_estimated_prob_of_next_k": 20165.815470674224, "sum_sr": 96382, "sum_time_spent_choosing_strategy": 115.71268558502197, "sum_time_estimating_p_vector": 3.1525912284851074, "sum_time_loading_coverings": 7.069709062576294}, "2": {"enters": 5145, "count_subgroups": 25971, "sum_estimated_prob_of_next_k": 5117.689363156766, "sum_sr": 25064, "sum_time_spent_choosing_strategy": 11.783780097961426, "sum_time_estimating_p_vector": 0.7485616207122803, "sum_time_loading_coverings": 1.4021096229553223}, "3": {"enters": 907, "count_subgroups": 4669, "sum_estimated_prob_of_next_k": 899.9471694758284, "sum_sr": 4538, "sum_time_spent_choosing_strategy": 1.0146191120147705, "sum_time_estimating_p_vector": 0.13153910636901855, "sum_time_loading_coverings": 0.21090006828308105}, "4": {"enters": 131, "count_subgroups": 712, "sum_estimated_prob_of_next_k": 129.09048980037693, "sum_sr": 698, "sum_time_spent_choosing_strategy": 0.07844352722167969, "sum_time_estimating_p_vector": 0.019176244735717773, "sum_time_loading_coverings": 0.02608036994934082}, "5": {"enters": 14, "count_subgroups": 81, "sum_estimated_prob_of_next_k": 13.842420624493649, "sum_sr": 81, "sum_time_spent_choosing_strategy": 0.005104780197143555, "sum_time_estimating_p_vector": 0.002008199691772461, "sum_time_loading_coverings": 0.0024635791778564453}}