{"0": {"enters": 4, "count_subgroups": 378477, "sum_estimated_prob_of_next_k": 0, "sum_sr": 358222, "sum_time_spent_choosing_strategy": 0, "sum_time_estimating_p_vector": 0, "sum_time_loading_coverings": 0}, "1": {"enters": 20255, "count_subgroups": 101613, "sum_estimated_prob_of_next_k": 20182.051644092557, "sum_sr": 96525, "sum_time_spent_choosing_strategy": 116.39253044128418, "sum_time_estimating_p_vector": 3.08866548538208, "sum_time_loading_coverings": 7.017146348953247}, "2": {"enters": 5088, "count_subgroups": 25671, "sum_estimated_prob_of_next_k": 5060.341877290808, "sum_sr": 24764, "sum_time_spent_choosing_strategy": 11.539305686950684, "sum_time_estimating_p_vector": 0.7356603145599365, "sum_time_loading_coverings": 1.380544900894165}, "3": {"enters": 907, "count_subgroups": 4677, "sum_estimated_prob_of_next_k": 898.0191800768001, "sum_sr": 4528, "sum_time_spent_choosing_strategy": 0.9858174324035645, "sum_time_estimating_p_vector": 0.1309363842010498, "sum_time_loading_coverings": 0.2084827423095703}, "4": {"enters": 149, "count_subgroups": 810, "sum_estimated_prob_of_next_k": 146.2399478922286, "sum_sr": 793, "sum_time_spent_choosing_strategy": 0.08804893493652344, "sum_time_estimating_p_vector": 0.021422147750854492, "sum_time_loading_coverings": 0.02917194366455078}, "5": {"enters": 17, "count_subgroups": 99, "sum_estimated_prob_of_next_k": 16.575721104775994, "sum_sr": 97, "sum_time_spent_choosing_strategy": 0.005841493606567383, "sum_time_estimating_p_vector": 0.0024094581604003906, "sum_time_loading_coverings": 0.002858400344848633}, "6": {"enters": 2, "count_subgroups": 15, "sum_estimated_prob_of_next_k": 1.9346465735470535, "sum_sr": 14, "sum_time_spent_choosing_strategy": 0.00038814544677734375, "sum_time_estimating_p_vector": 0.0002779960632324219, "sum_time_loading_coverings": 0.0002644062042236328}, "7": {"enters": 1, "count_subgroups": 5, "sum_estimated_prob_of_next_k": 0.9948728898446176, "sum_sr": 5, "sum_time_spent_choosing_strategy": 0.00014662742614746094, "sum_time_estimating_p_vector": 0.00014066696166992188, "sum_time_loading_coverings": 0.00013208389282226562}}