{"0": {"enters": 4, "count_subgroups": 381010, "sum_estimated_prob_of_next_k": 0, "sum_sr": 360884, "sum_time_spent_choosing_strategy": 0, "sum_time_estimating_p_vector": 0, "sum_time_loading_coverings": 0}, "1": {"enters": 20126, "count_subgroups": 100970, "sum_estimated_prob_of_next_k": 20051.569967731564, "sum_sr": 95822, "sum_time_spent_choosing_strategy": 116.87437009811401, "sum_time_estimating_p_vector": 3.1618947982788086, "sum_time_loading_coverings": 7.118295431137085}, "2": {"enters": 5148, "count_subgroups": 25999, "sum_estimated_prob_of_next_k": 5119.169336051307, "sum_sr": 25078, "sum_time_spent_choosing_strategy": 11.765867948532104, "sum_time_estimating_p_vector": 0.7573494911193848, "sum_time_loading_coverings": 1.4139089584350586}, "3": {"enters": 921, "count_subgroups": 4750, "sum_estimated_prob_of_next_k": 912.2284484184369, "sum_sr": 4623, "sum_time_spent_choosing_strategy": 1.0196607112884521, "sum_time_estimating_p_vector": 0.13457155227661133, "sum_time_loading_coverings": 0.2149643898010254}, "4": {"enters": 127, "count_subgroups": 694, "sum_estimated_prob_of_next_k": 125.49022168447573, "sum_sr": 675, "sum_time_spent_choosing_strategy": 0.07573914527893066, "sum_time_estimating_p_vector": 0.018549442291259766, "sum_time_loading_coverings": 0.025967836380004883}, "5": {"enters": 19, "count_subgroups": 105, "sum_estimated_prob_of_next_k": 18.779289490550177, "sum_sr": 105, "sum_time_spent_choosing_strategy": 0.007333278656005859, "sum_time_estimating_p_vector": 0.002730846405029297, "sum_time_loading_coverings": 0.0034770965576171875}}