{"1": {"enters": 416, "count_subgroups": 13427, "sum_estimated_prob_of_next_k": 396.17210004907696, "sum_sr": 13425, "sum_time_spent_choosing_strategy": 0.5145316123962402, "sum_time_estimating_p_vector": 0.09531831741333008, "sum_time_loading_coverings": 0.1305403709411621}}