{"1": {"enters": 478, "count_subgroups": 11876, "sum_estimated_prob_of_next_k": 455.62914137477, "sum_sr": 11872, "sum_time_spent_choosing_strategy": 0.6171326637268066, "sum_time_estimating_p_vector": 0.09107804298400879, "sum_time_loading_coverings": 0.13254046440124512}}