{"1": {"enters": 465, "count_subgroups": 14467, "sum_estimated_prob_of_next_k": 442.0530723515151, "sum_sr": 14462, "sum_time_spent_choosing_strategy": 0.5757477283477783, "sum_time_estimating_p_vector": 0.09732413291931152, "sum_time_loading_coverings": 0.13825154304504395}}