{"1": {"enters": 441, "count_subgroups": 16957, "sum_estimated_prob_of_next_k": 417.4553607241543, "sum_sr": 16954, "sum_time_spent_choosing_strategy": 0.5542926788330078, "sum_time_estimating_p_vector": 0.09547829627990723, "sum_time_loading_coverings": 0.13695383071899414}}