{"1": {"enters": 438, "count_subgroups": 76956, "sum_estimated_prob_of_next_k": 414.3654866576557, "sum_sr": 76955, "sum_time_spent_choosing_strategy": 0.5597295761108398, "sum_time_estimating_p_vector": 0.08654475212097168, "sum_time_loading_coverings": 0.18553924560546875}}