{"1": {"enters": 441, "count_subgroups": 19614, "sum_estimated_prob_of_next_k": 418.84433781140325, "sum_sr": 19611, "sum_time_spent_choosing_strategy": 0.5687634944915771, "sum_time_estimating_p_vector": 0.08700299263000488, "sum_time_loading_coverings": 0.13533306121826172}}