{"1": {"enters": 452, "count_subgroups": 22750, "sum_estimated_prob_of_next_k": 427.76755776730886, "sum_sr": 22749, "sum_time_spent_choosing_strategy": 0.5607340335845947, "sum_time_estimating_p_vector": 0.0884711742401123, "sum_time_loading_coverings": 0.14033770561218262}}