{"0": {"enters": 5, "count_subgroups": 1784851, "sum_estimated_prob_of_next_k": 0, "sum_sr": 1739221, "sum_time_spent_choosing_strategy": 0, "sum_time_estimating_p_vector": 0, "sum_time_loading_coverings": 0}, "1": {"enters": 45630, "count_subgroups": 233442, "sum_estimated_prob_of_next_k": 45392.82709958551, "sum_sr": 230127, "sum_time_spent_choosing_strategy": 86.97919917106628, "sum_time_estimating_p_vector": 7.1745219230651855, "sum_time_loading_coverings": 13.392750263214111}, "2": {"enters": 3315, "count_subgroups": 16934, "sum_estimated_prob_of_next_k": 3304.6113145259833, "sum_sr": 16721, "sum_time_spent_choosing_strategy": 2.971287727355957, "sum_time_estimating_p_vector": 0.49088501930236816, "sum_time_loading_coverings": 0.801093578338623}, "3": {"enters": 213, "count_subgroups": 1063, "sum_estimated_prob_of_next_k": 212.75033968709914, "sum_sr": 814, "sum_time_spent_choosing_strategy": 0.6580922603607178, "sum_time_estimating_p_vector": 0.031702280044555664, "sum_time_loading_coverings": 0.05808305740356445}, "4": {"enters": 249, "count_subgroups": 1239, "sum_estimated_prob_of_next_k": 246.7572329383905, "sum_sr": 34, "sum_time_spent_choosing_strategy": 1.7896180152893066, "sum_time_estimating_p_vector": 0.036896705627441406, "sum_time_loading_coverings": 0.09322595596313477}, "5": {"enters": 1205, "count_subgroups": 6025, "sum_estimated_prob_of_next_k": 1166.9413569524352, "sum_sr": 5, "sum_time_spent_choosing_strategy": 5.578047037124634, "sum_time_estimating_p_vector": 0.17860960960388184, "sum_time_loading_coverings": 0.4024624824523926}, "6": {"enters": 6020, "count_subgroups": 31737, "sum_estimated_prob_of_next_k": 5871.236293154827, "sum_sr": 2157, "sum_time_spent_choosing_strategy": 17.503135681152344, "sum_time_estimating_p_vector": 0.8903288841247559, "sum_time_loading_coverings": 1.8329644203186035}, "7": {"enters": 29580, "count_subgroups": 151373, "sum_estimated_prob_of_next_k": 29193.13756424718, "sum_sr": 82277, "sum_time_spent_choosing_strategy": 54.42084813117981, "sum_time_estimating_p_vector": 4.3722310066223145, "sum_time_loading_coverings": 8.2721266746521}, "8": {"enters": 69096, "count_subgroups": 357998, "sum_estimated_prob_of_next_k": 68050.84188824373, "sum_sr": 242631, "sum_time_spent_choosing_strategy": 76.696937084198, "sum_time_estimating_p_vector": 10.217504739761353, "sum_time_loading_coverings": 17.0976984500885}, "9": {"enters": 115367, "count_subgroups": 595882, "sum_estimated_prob_of_next_k": 113884.16928140819, "sum_sr": 552439, "sum_time_spent_choosing_strategy": 75.43415689468384, "sum_time_estimating_p_vector": 17.08471441268921, "sum_time_loading_coverings": 24.69415807723999}, "10": {"enters": 43443, "count_subgroups": 228271, "sum_estimated_prob_of_next_k": 43006.32494125921, "sum_sr": 225111, "sum_time_spent_choosing_strategy": 16.447717666625977, "sum_time_estimating_p_vector": 6.4271910190582275, "sum_time_loading_coverings": 8.174680948257446}, "11": {"enters": 3160, "count_subgroups": 15886, "sum_estimated_prob_of_next_k": 3140.9750528927943, "sum_sr": 15717, "sum_time_spent_choosing_strategy": 0.7075953483581543, "sum_time_estimating_p_vector": 0.46477365493774414, "sum_time_loading_coverings": 0.6145031452178955}, "12": {"enters": 169, "count_subgroups": 862, "sum_estimated_prob_of_next_k": 168.49438628565605, "sum_sr": 841, "sum_time_spent_choosing_strategy": 0.025653600692749023, "sum_time_estimating_p_vector": 0.025128602981567383, "sum_time_loading_coverings": 0.02441573143005371}, "13": {"enters": 21, "count_subgroups": 106, "sum_estimated_prob_of_next_k": 20.985063492267656, "sum_sr": 101, "sum_time_spent_choosing_strategy": 0.0021779537200927734, "sum_time_estimating_p_vector": 0.003065347671508789, "sum_time_loading_coverings": 0.0026845932006835938}, "14": {"enters": 5, "count_subgroups": 25, "sum_estimated_prob_of_next_k": 4.99999860077412, "sum_sr": 24, "sum_time_spent_choosing_strategy": 0.0003814697265625, "sum_time_estimating_p_vector": 0.000720977783203125, "sum_time_loading_coverings": 0.0005526542663574219}, "15": {"enters": 1, "count_subgroups": 5, "sum_estimated_prob_of_next_k": 1.0, "sum_sr": 5, "sum_time_spent_choosing_strategy": 5.1021575927734375e-05, "sum_time_estimating_p_vector": 0.0001423358917236328, "sum_time_loading_coverings": 8.749961853027344e-05}}