{"0": {"enters": 5, "count_subgroups": 1784800, "sum_estimated_prob_of_next_k": 0, "sum_sr": 1740293, "sum_time_spent_choosing_strategy": 0, "sum_time_estimating_p_vector": 0, "sum_time_loading_coverings": 0}, "1": {"enters": 44507, "count_subgroups": 227726, "sum_estimated_prob_of_next_k": 44271.236848264605, "sum_sr": 224414, "sum_time_spent_choosing_strategy": 83.51108479499817, "sum_time_estimating_p_vector": 6.810525894165039, "sum_time_loading_coverings": 12.680525541305542}, "2": {"enters": 3312, "count_subgroups": 17028, "sum_estimated_prob_of_next_k": 3300.9018695621753, "sum_sr": 16809, "sum_time_spent_choosing_strategy": 3.0292320251464844, "sum_time_estimating_p_vector": 0.47626399993896484, "sum_time_loading_coverings": 0.7728304862976074}, "3": {"enters": 219, "count_subgroups": 1116, "sum_estimated_prob_of_next_k": 218.2924608853367, "sum_sr": 743, "sum_time_spent_choosing_strategy": 0.8967928886413574, "sum_time_estimating_p_vector": 0.031401872634887695, "sum_time_loading_coverings": 0.06088089942932129}, "4": {"enters": 373, "count_subgroups": 1861, "sum_estimated_prob_of_next_k": 368.38296160911125, "sum_sr": 45, "sum_time_spent_choosing_strategy": 2.5520689487457275, "sum_time_estimating_p_vector": 0.05337214469909668, "sum_time_loading_coverings": 0.12985634803771973}, "5": {"enters": 1816, "count_subgroups": 9080, "sum_estimated_prob_of_next_k": 1752.7087466990624, "sum_sr": 4, "sum_time_spent_choosing_strategy": 7.828810214996338, "sum_time_estimating_p_vector": 0.2597784996032715, "sum_time_loading_coverings": 0.5622923374176025}, "6": {"enters": 9076, "count_subgroups": 47517, "sum_estimated_prob_of_next_k": 8860.207450245955, "sum_sr": 11056, "sum_time_spent_choosing_strategy": 24.112987995147705, "sum_time_estimating_p_vector": 1.2958741188049316, "sum_time_loading_coverings": 2.554487943649292}, "7": {"enters": 36461, "count_subgroups": 188268, "sum_estimated_prob_of_next_k": 35962.776053193884, "sum_sr": 123743, "sum_time_spent_choosing_strategy": 59.77130174636841, "sum_time_estimating_p_vector": 5.202355146408081, "sum_time_loading_coverings": 9.41113567352295}, "8": {"enters": 64525, "count_subgroups": 343640, "sum_estimated_prob_of_next_k": 63284.83172605898, "sum_sr": 239987, "sum_time_spent_choosing_strategy": 62.385427474975586, "sum_time_estimating_p_vector": 9.189990997314453, "sum_time_loading_coverings": 14.579626560211182}, "9": {"enters": 103653, "count_subgroups": 545766, "sum_estimated_prob_of_next_k": 102003.92656743476, "sum_sr": 503135, "sum_time_spent_choosing_strategy": 61.23716688156128, "sum_time_estimating_p_vector": 14.777289152145386, "sum_time_loading_coverings": 20.402413845062256}, "10": {"enters": 42631, "count_subgroups": 223260, "sum_estimated_prob_of_next_k": 42108.44362183605, "sum_sr": 217725, "sum_time_spent_choosing_strategy": 14.80437970161438, "sum_time_estimating_p_vector": 6.0899574756622314, "sum_time_loading_coverings": 7.567062854766846}, "11": {"enters": 5535, "count_subgroups": 29082, "sum_estimated_prob_of_next_k": 5499.1633588635605, "sum_sr": 28537, "sum_time_spent_choosing_strategy": 1.0700960159301758, "sum_time_estimating_p_vector": 0.787168025970459, "sum_time_loading_coverings": 0.8170592784881592}, "12": {"enters": 545, "count_subgroups": 2844, "sum_estimated_prob_of_next_k": 543.4047806073419, "sum_sr": 2822, "sum_time_spent_choosing_strategy": 0.06603097915649414, "sum_time_estimating_p_vector": 0.07741832733154297, "sum_time_loading_coverings": 0.0675652027130127}, "13": {"enters": 22, "count_subgroups": 114, "sum_estimated_prob_of_next_k": 21.919947555574254, "sum_sr": 112, "sum_time_spent_choosing_strategy": 0.0014941692352294922, "sum_time_estimating_p_vector": 0.0031664371490478516, "sum_time_loading_coverings": 0.002137422561645508}, "14": {"enters": 2, "count_subgroups": 10, "sum_estimated_prob_of_next_k": 1.9999997144247446, "sum_sr": 10, "sum_time_spent_choosing_strategy": 8.058547973632812e-05, "sum_time_estimating_p_vector": 0.00028252601623535156, "sum_time_loading_coverings": 0.00015234947204589844}}