{"0": {"enters": 5, "count_subgroups": 1774253, "sum_estimated_prob_of_next_k": 0, "sum_sr": 1729480, "sum_time_spent_choosing_strategy": 0, "sum_time_estimating_p_vector": 0, "sum_time_loading_coverings": 0}, "1": {"enters": 44773, "count_subgroups": 229030, "sum_estimated_prob_of_next_k": 44542.76531239393, "sum_sr": 225803, "sum_time_spent_choosing_strategy": 86.8937611579895, "sum_time_estimating_p_vector": 7.078179597854614, "sum_time_loading_coverings": 12.71704912185669}, "2": {"enters": 3227, "count_subgroups": 16470, "sum_estimated_prob_of_next_k": 3218.0727233320245, "sum_sr": 16276, "sum_time_spent_choosing_strategy": 2.8940978050231934, "sum_time_estimating_p_vector": 0.4805448055267334, "sum_time_loading_coverings": 0.7515573501586914}, "3": {"enters": 194, "count_subgroups": 975, "sum_estimated_prob_of_next_k": 193.62460293046288, "sum_sr": 767, "sum_time_spent_choosing_strategy": 0.5459651947021484, "sum_time_estimating_p_vector": 0.029026508331298828, "sum_time_loading_coverings": 0.048822641372680664}, "4": {"enters": 208, "count_subgroups": 1034, "sum_estimated_prob_of_next_k": 205.6892337518676, "sum_sr": 55, "sum_time_spent_choosing_strategy": 1.455901861190796, "sum_time_estimating_p_vector": 0.030640363693237305, "sum_time_loading_coverings": 0.07375168800354004}, "5": {"enters": 979, "count_subgroups": 4896, "sum_estimated_prob_of_next_k": 942.4449347986316, "sum_sr": 0, "sum_time_spent_choosing_strategy": 4.498316526412964, "sum_time_estimating_p_vector": 0.14401483535766602, "sum_time_loading_coverings": 0.3107273578643799}, "6": {"enters": 4896, "count_subgroups": 26066, "sum_estimated_prob_of_next_k": 4749.620306858236, "sum_sr": 3460, "sum_time_spent_choosing_strategy": 13.997313737869263, "sum_time_estimating_p_vector": 0.7191853523254395, "sum_time_loading_coverings": 1.4102880954742432}, "7": {"enters": 22606, "count_subgroups": 118397, "sum_estimated_prob_of_next_k": 22198.510729537127, "sum_sr": 59487, "sum_time_spent_choosing_strategy": 39.999950885772705, "sum_time_estimating_p_vector": 3.3300230503082275, "sum_time_loading_coverings": 5.850791692733765}, "8": {"enters": 58910, "count_subgroups": 311077, "sum_estimated_prob_of_next_k": 57748.8634585203, "sum_sr": 197686, "sum_time_spent_choosing_strategy": 62.48588681221008, "sum_time_estimating_p_vector": 8.675528049468994, "sum_time_loading_coverings": 13.392771005630493}, "9": {"enters": 113391, "count_subgroups": 599863, "sum_estimated_prob_of_next_k": 111759.04106040655, "sum_sr": 548182, "sum_time_spent_choosing_strategy": 73.0628457069397, "sum_time_estimating_p_vector": 16.691519498825073, "sum_time_loading_coverings": 22.769584894180298}, "10": {"enters": 51681, "count_subgroups": 276483, "sum_estimated_prob_of_next_k": 51019.04687493136, "sum_sr": 269561, "sum_time_spent_choosing_strategy": 19.15078902244568, "sum_time_estimating_p_vector": 7.615771055221558, "sum_time_loading_coverings": 9.128432512283325}, "11": {"enters": 6922, "count_subgroups": 36814, "sum_estimated_prob_of_next_k": 6797.995262568799, "sum_sr": 36104, "sum_time_spent_choosing_strategy": 1.3321104049682617, "sum_time_estimating_p_vector": 1.0179781913757324, "sum_time_loading_coverings": 1.0054891109466553}, "12": {"enters": 710, "count_subgroups": 3995, "sum_estimated_prob_of_next_k": 700.6650050587164, "sum_sr": 3941, "sum_time_spent_choosing_strategy": 0.08012175559997559, "sum_time_estimating_p_vector": 0.10392308235168457, "sum_time_loading_coverings": 0.0841522216796875}, "13": {"enters": 54, "count_subgroups": 293, "sum_estimated_prob_of_next_k": 53.389891761984735, "sum_sr": 289, "sum_time_spent_choosing_strategy": 0.003951549530029297, "sum_time_estimating_p_vector": 0.007883071899414062, "sum_time_loading_coverings": 0.005509138107299805}, "14": {"enters": 4, "count_subgroups": 20, "sum_estimated_prob_of_next_k": 3.9562921557569846, "sum_sr": 20, "sum_time_spent_choosing_strategy": 0.00016236305236816406, "sum_time_estimating_p_vector": 0.0005762577056884766, "sum_time_loading_coverings": 0.00029730796813964844}}