{"0": {"enters": 5, "count_subgroups": 247760, "sum_estimated_prob_of_next_k": 0, "sum_sr": 237740, "sum_time_spent_choosing_strategy": 0, "sum_time_estimating_p_vector": 0, "sum_time_loading_coverings": 0}, "1": {"enters": 10020, "count_subgroups": 50742, "sum_estimated_prob_of_next_k": 9893.37495559192, "sum_sr": 46881, "sum_time_spent_choosing_strategy": 93.52362203598022, "sum_time_estimating_p_vector": 1.5810182094573975, "sum_time_loading_coverings": 4.0653345584869385}, "2": {"enters": 3861, "count_subgroups": 20379, "sum_estimated_prob_of_next_k": 3790.24923626043, "sum_sr": 18480, "sum_time_spent_choosing_strategy": 18.31519865989685, "sum_time_estimating_p_vector": 0.5678544044494629, "sum_time_loading_coverings": 1.2952158451080322}, "3": {"enters": 1899, "count_subgroups": 10901, "sum_estimated_prob_of_next_k": 1849.6212953893544, "sum_sr": 9680, "sum_time_spent_choosing_strategy": 4.765864610671997, "sum_time_estimating_p_vector": 0.2783839702606201, "sum_time_loading_coverings": 0.533050537109375}, "4": {"enters": 1221, "count_subgroups": 7672, "sum_estimated_prob_of_next_k": 1177.6357510855933, "sum_sr": 6728, "sum_time_spent_choosing_strategy": 1.7132151126861572, "sum_time_estimating_p_vector": 0.178513765335083, "sum_time_loading_coverings": 0.2899937629699707}, "5": {"enters": 944, "count_subgroups": 6753, "sum_estimated_prob_of_next_k": 911.6816916055167, "sum_sr": 6107, "sum_time_spent_choosing_strategy": 0.7359211444854736, "sum_time_estimating_p_vector": 0.13680791854858398, "sum_time_loading_coverings": 0.1885383129119873}, "6": {"enters": 646, "count_subgroups": 4757, "sum_estimated_prob_of_next_k": 617.4797333152042, "sum_sr": 4233, "sum_time_spent_choosing_strategy": 0.2738618850708008, "sum_time_estimating_p_vector": 0.09361624717712402, "sum_time_loading_coverings": 0.10654163360595703}, "7": {"enters": 524, "count_subgroups": 3792, "sum_estimated_prob_of_next_k": 493.8460063797191, "sum_sr": 3424, "sum_time_spent_choosing_strategy": 0.11380267143249512, "sum_time_estimating_p_vector": 0.07601332664489746, "sum_time_loading_coverings": 0.06894302368164062}, "8": {"enters": 368, "count_subgroups": 2586, "sum_estimated_prob_of_next_k": 342.95531600285375, "sum_sr": 2374, "sum_time_spent_choosing_strategy": 0.04419136047363281, "sum_time_estimating_p_vector": 0.05365610122680664, "sum_time_loading_coverings": 0.04019570350646973}, "9": {"enters": 212, "count_subgroups": 1538, "sum_estimated_prob_of_next_k": 198.2182883277977, "sum_sr": 1458, "sum_time_spent_choosing_strategy": 0.0164792537689209, "sum_time_estimating_p_vector": 0.030667543411254883, "sum_time_loading_coverings": 0.019080400466918945}, "10": {"enters": 80, "count_subgroups": 726, "sum_estimated_prob_of_next_k": 75.95290500142715, "sum_sr": 706, "sum_time_spent_choosing_strategy": 0.0042400360107421875, "sum_time_estimating_p_vector": 0.011384963989257812, "sum_time_loading_coverings": 0.005841493606567383}, "11": {"enters": 20, "count_subgroups": 170, "sum_estimated_prob_of_next_k": 17.007973088485098, "sum_sr": 170, "sum_time_spent_choosing_strategy": 0.0004894733428955078, "sum_time_estimating_p_vector": 0.002843141555786133, "sum_time_loading_coverings": 0.0009639263153076172}}