{"0": {"enters": 5, "count_subgroups": 247764, "sum_estimated_prob_of_next_k": 0, "sum_sr": 237681, "sum_time_spent_choosing_strategy": 0, "sum_time_estimating_p_vector": 0, "sum_time_loading_coverings": 0}, "1": {"enters": 10083, "count_subgroups": 51016, "sum_estimated_prob_of_next_k": 9957.054713378662, "sum_sr": 47268, "sum_time_spent_choosing_strategy": 94.31499767303467, "sum_time_estimating_p_vector": 1.5562248229980469, "sum_time_loading_coverings": 3.9684665203094482}, "2": {"enters": 3748, "count_subgroups": 19724, "sum_estimated_prob_of_next_k": 3680.790938877578, "sum_sr": 18042, "sum_time_spent_choosing_strategy": 17.779619693756104, "sum_time_estimating_p_vector": 0.5414445400238037, "sum_time_loading_coverings": 1.224320650100708}, "3": {"enters": 1682, "count_subgroups": 9430, "sum_estimated_prob_of_next_k": 1635.2502448711732, "sum_sr": 8384, "sum_time_spent_choosing_strategy": 4.25577712059021, "sum_time_estimating_p_vector": 0.24315500259399414, "sum_time_loading_coverings": 0.45928168296813965}, "4": {"enters": 1046, "count_subgroups": 6614, "sum_estimated_prob_of_next_k": 1009.0433893872605, "sum_sr": 5849, "sum_time_spent_choosing_strategy": 1.4952895641326904, "sum_time_estimating_p_vector": 0.15142607688903809, "sum_time_loading_coverings": 0.2446744441986084}, "5": {"enters": 765, "count_subgroups": 5482, "sum_estimated_prob_of_next_k": 738.1109815887285, "sum_sr": 4932, "sum_time_spent_choosing_strategy": 0.6001508235931396, "sum_time_estimating_p_vector": 0.11077547073364258, "sum_time_loading_coverings": 0.14965343475341797}, "6": {"enters": 550, "count_subgroups": 3996, "sum_estimated_prob_of_next_k": 526.6725147366265, "sum_sr": 3565, "sum_time_spent_choosing_strategy": 0.22823452949523926, "sum_time_estimating_p_vector": 0.07906937599182129, "sum_time_loading_coverings": 0.08787965774536133}, "7": {"enters": 431, "count_subgroups": 2989, "sum_estimated_prob_of_next_k": 404.27086937558147, "sum_sr": 2657, "sum_time_spent_choosing_strategy": 0.09430480003356934, "sum_time_estimating_p_vector": 0.06156659126281738, "sum_time_loading_coverings": 0.057413339614868164}, "8": {"enters": 332, "count_subgroups": 2386, "sum_estimated_prob_of_next_k": 314.61738349096845, "sum_sr": 2173, "sum_time_spent_choosing_strategy": 0.04020547866821289, "sum_time_estimating_p_vector": 0.047296762466430664, "sum_time_loading_coverings": 0.03558850288391113}, "9": {"enters": 213, "count_subgroups": 1641, "sum_estimated_prob_of_next_k": 199.86979245767927, "sum_sr": 1552, "sum_time_spent_choosing_strategy": 0.015748023986816406, "sum_time_estimating_p_vector": 0.030613183975219727, "sum_time_loading_coverings": 0.018161773681640625}, "10": {"enters": 89, "count_subgroups": 813, "sum_estimated_prob_of_next_k": 82.11550006568297, "sum_sr": 804, "sum_time_spent_choosing_strategy": 0.0036852359771728516, "sum_time_estimating_p_vector": 0.01254582405090332, "sum_time_loading_coverings": 0.005599021911621094}, "11": {"enters": 9, "count_subgroups": 45, "sum_estimated_prob_of_next_k": 6.909750851137837, "sum_sr": 45, "sum_time_spent_choosing_strategy": 0.0001690387725830078, "sum_time_estimating_p_vector": 0.0012645721435546875, "sum_time_loading_coverings": 0.00039958953857421875}}