{"0": {"enters": 5, "count_subgroups": 247764, "sum_estimated_prob_of_next_k": 0, "sum_sr": 237680, "sum_time_spent_choosing_strategy": 0, "sum_time_estimating_p_vector": 0, "sum_time_loading_coverings": 0}, "1": {"enters": 10084, "count_subgroups": 51005, "sum_estimated_prob_of_next_k": 9958.20968350049, "sum_sr": 47287, "sum_time_spent_choosing_strategy": 94.9501280784607, "sum_time_estimating_p_vector": 1.6509079933166504, "sum_time_loading_coverings": 4.102465867996216}, "2": {"enters": 3718, "count_subgroups": 19583, "sum_estimated_prob_of_next_k": 3651.0119046936757, "sum_sr": 17729, "sum_time_spent_choosing_strategy": 17.539860486984253, "sum_time_estimating_p_vector": 0.5558483600616455, "sum_time_loading_coverings": 1.2472455501556396}, "3": {"enters": 1854, "count_subgroups": 10678, "sum_estimated_prob_of_next_k": 1803.6421219756517, "sum_sr": 9413, "sum_time_spent_choosing_strategy": 4.58493185043335, "sum_time_estimating_p_vector": 0.2772481441497803, "sum_time_loading_coverings": 0.5188343524932861}, "4": {"enters": 1265, "count_subgroups": 8234, "sum_estimated_prob_of_next_k": 1218.798724281054, "sum_sr": 7269, "sum_time_spent_choosing_strategy": 1.677281379699707, "sum_time_estimating_p_vector": 0.18918919563293457, "sum_time_loading_coverings": 0.2951514720916748}, "5": {"enters": 965, "count_subgroups": 6981, "sum_estimated_prob_of_next_k": 933.0478606130049, "sum_sr": 6306, "sum_time_spent_choosing_strategy": 0.6759586334228516, "sum_time_estimating_p_vector": 0.14313220977783203, "sum_time_loading_coverings": 0.18588829040527344}, "6": {"enters": 675, "count_subgroups": 4780, "sum_estimated_prob_of_next_k": 639.6716329772833, "sum_sr": 4319, "sum_time_spent_choosing_strategy": 0.25586438179016113, "sum_time_estimating_p_vector": 0.0993647575378418, "sum_time_loading_coverings": 0.10703253746032715}, "7": {"enters": 461, "count_subgroups": 3360, "sum_estimated_prob_of_next_k": 436.1278360775108, "sum_sr": 3086, "sum_time_spent_choosing_strategy": 0.09255838394165039, "sum_time_estimating_p_vector": 0.06781864166259766, "sum_time_loading_coverings": 0.05930495262145996}, "8": {"enters": 274, "count_subgroups": 1942, "sum_estimated_prob_of_next_k": 254.81232564397277, "sum_sr": 1817, "sum_time_spent_choosing_strategy": 0.030161619186401367, "sum_time_estimating_p_vector": 0.04073905944824219, "sum_time_loading_coverings": 0.02913355827331543}, "9": {"enters": 125, "count_subgroups": 977, "sum_estimated_prob_of_next_k": 116.10438500363891, "sum_sr": 926, "sum_time_spent_choosing_strategy": 0.008376836776733398, "sum_time_estimating_p_vector": 0.018342256546020508, "sum_time_loading_coverings": 0.010806083679199219}, "10": {"enters": 51, "count_subgroups": 387, "sum_estimated_prob_of_next_k": 45.74256155436776, "sum_sr": 375, "sum_time_spent_choosing_strategy": 0.0021703243255615234, "sum_time_estimating_p_vector": 0.007474660873413086, "sum_time_loading_coverings": 0.0033910274505615234}, "11": {"enters": 12, "count_subgroups": 120, "sum_estimated_prob_of_next_k": 10.719199881767594, "sum_sr": 120, "sum_time_spent_choosing_strategy": 0.00033783912658691406, "sum_time_estimating_p_vector": 0.0018739700317382812, "sum_time_loading_coverings": 0.0006842613220214844}}