{"0": {"enters": 4, "count_subgroups": 912862, "sum_estimated_prob_of_next_k": 0, "sum_sr": 899338, "sum_time_spent_choosing_strategy": 0, "sum_time_estimating_p_vector": 0, "sum_time_loading_coverings": 0}, "1": {"enters": 13524, "count_subgroups": 83218, "sum_estimated_prob_of_next_k": 13298.42868067674, "sum_sr": 77814, "sum_time_spent_choosing_strategy": 147.9859721660614, "sum_time_estimating_p_vector": 2.2522661685943604, "sum_time_loading_coverings": 7.6356542110443115}, "2": {"enters": 5404, "count_subgroups": 33152, "sum_estimated_prob_of_next_k": 5347.961900018232, "sum_sr": 20637, "sum_time_spent_choosing_strategy": 37.524014949798584, "sum_time_estimating_p_vector": 0.7901091575622559, "sum_time_loading_coverings": 2.565403938293457}, "3": {"enters": 12515, "count_subgroups": 75239, "sum_estimated_prob_of_next_k": 12490.735392495233, "sum_sr": 56107, "sum_time_spent_choosing_strategy": 62.94013023376465, "sum_time_estimating_p_vector": 1.8242712020874023, "sum_time_loading_coverings": 5.5295820236206055}, "4": {"enters": 19132, "count_subgroups": 114908, "sum_estimated_prob_of_next_k": 19105.180594702393, "sum_sr": 102355, "sum_time_spent_choosing_strategy": 65.78016376495361, "sum_time_estimating_p_vector": 2.7811338901519775, "sum_time_loading_coverings": 7.6802685260772705}, "5": {"enters": 12553, "count_subgroups": 75475, "sum_estimated_prob_of_next_k": 12529.517141784549, "sum_sr": 70884, "sum_time_spent_choosing_strategy": 28.78386092185974, "sum_time_estimating_p_vector": 1.823349952697754, "sum_time_loading_coverings": 4.566789627075195}, "6": {"enters": 4591, "count_subgroups": 27820, "sum_estimated_prob_of_next_k": 4569.19093789513, "sum_sr": 26258, "sum_time_spent_choosing_strategy": 6.918673038482666, "sum_time_estimating_p_vector": 0.66571044921875, "sum_time_loading_coverings": 1.4449028968811035}, "7": {"enters": 1562, "count_subgroups": 9824, "sum_estimated_prob_of_next_k": 1545.8510973723949, "sum_sr": 9331, "sum_time_spent_choosing_strategy": 1.5584716796875, "sum_time_estimating_p_vector": 0.22730565071105957, "sum_time_loading_coverings": 0.4319636821746826}, "8": {"enters": 493, "count_subgroups": 3105, "sum_estimated_prob_of_next_k": 487.904239282328, "sum_sr": 3000, "sum_time_spent_choosing_strategy": 0.3374156951904297, "sum_time_estimating_p_vector": 0.07207250595092773, "sum_time_loading_coverings": 0.12197041511535645}, "9": {"enters": 105, "count_subgroups": 734, "sum_estimated_prob_of_next_k": 103.11133616715945, "sum_sr": 705, "sum_time_spent_choosing_strategy": 0.04689311981201172, "sum_time_estimating_p_vector": 0.015308380126953125, "sum_time_loading_coverings": 0.02268052101135254}, "10": {"enters": 29, "count_subgroups": 180, "sum_estimated_prob_of_next_k": 28.08469748378573, "sum_sr": 177, "sum_time_spent_choosing_strategy": 0.008730173110961914, "sum_time_estimating_p_vector": 0.004134178161621094, "sum_time_loading_coverings": 0.005780458450317383}, "11": {"enters": 3, "count_subgroups": 18, "sum_estimated_prob_of_next_k": 2.9718497004470388, "sum_sr": 17, "sum_time_spent_choosing_strategy": 0.0006668567657470703, "sum_time_estimating_p_vector": 0.00042438507080078125, "sum_time_loading_coverings": 0.0006072521209716797}, "12": {"enters": 1, "count_subgroups": 7, "sum_estimated_prob_of_next_k": 0.9368097748297425, "sum_sr": 7, "sum_time_spent_choosing_strategy": 0.00014638900756835938, "sum_time_estimating_p_vector": 0.0001430511474609375, "sum_time_loading_coverings": 0.00014066696166992188}}