{"0": {"enters": 4, "count_subgroups": 924508, "sum_estimated_prob_of_next_k": 0, "sum_sr": 910836, "sum_time_spent_choosing_strategy": 0, "sum_time_estimating_p_vector": 0, "sum_time_loading_coverings": 0}, "1": {"enters": 13672, "count_subgroups": 84206, "sum_estimated_prob_of_next_k": 13444.541271300714, "sum_sr": 78722, "sum_time_spent_choosing_strategy": 150.16313552856445, "sum_time_estimating_p_vector": 2.3259332180023193, "sum_time_loading_coverings": 7.857690811157227}, "2": {"enters": 5484, "count_subgroups": 33730, "sum_estimated_prob_of_next_k": 5430.083411856891, "sum_sr": 20899, "sum_time_spent_choosing_strategy": 38.30785942077637, "sum_time_estimating_p_vector": 0.8077242374420166, "sum_time_loading_coverings": 2.6622378826141357}, "3": {"enters": 12831, "count_subgroups": 77190, "sum_estimated_prob_of_next_k": 12805.756899150396, "sum_sr": 57207, "sum_time_spent_choosing_strategy": 64.7412428855896, "sum_time_estimating_p_vector": 1.8816418647766113, "sum_time_loading_coverings": 5.784395694732666}, "4": {"enters": 19983, "count_subgroups": 120069, "sum_estimated_prob_of_next_k": 19955.325343131713, "sum_sr": 107805, "sum_time_spent_choosing_strategy": 69.14775967597961, "sum_time_estimating_p_vector": 2.929473876953125, "sum_time_loading_coverings": 8.289056301116943}, "5": {"enters": 12264, "count_subgroups": 73818, "sum_estimated_prob_of_next_k": 12240.491126769772, "sum_sr": 69481, "sum_time_spent_choosing_strategy": 28.447670459747314, "sum_time_estimating_p_vector": 1.7903132438659668, "sum_time_loading_coverings": 4.501293182373047}, "6": {"enters": 4337, "count_subgroups": 26220, "sum_estimated_prob_of_next_k": 4318.349402153659, "sum_sr": 24803, "sum_time_spent_choosing_strategy": 6.730180740356445, "sum_time_estimating_p_vector": 0.631871223449707, "sum_time_loading_coverings": 1.4196147918701172}, "7": {"enters": 1417, "count_subgroups": 8811, "sum_estimated_prob_of_next_k": 1403.1619488273177, "sum_sr": 8338, "sum_time_spent_choosing_strategy": 1.485938310623169, "sum_time_estimating_p_vector": 0.20664024353027344, "sum_time_loading_coverings": 0.4112274646759033}, "8": {"enters": 473, "count_subgroups": 2916, "sum_estimated_prob_of_next_k": 468.7396877044526, "sum_sr": 2843, "sum_time_spent_choosing_strategy": 0.340069055557251, "sum_time_estimating_p_vector": 0.06874608993530273, "sum_time_loading_coverings": 0.1217033863067627}, "9": {"enters": 73, "count_subgroups": 504, "sum_estimated_prob_of_next_k": 71.69446874070528, "sum_sr": 491, "sum_time_spent_choosing_strategy": 0.03452777862548828, "sum_time_estimating_p_vector": 0.010634183883666992, "sum_time_loading_coverings": 0.016413211822509766}, "10": {"enters": 13, "count_subgroups": 102, "sum_estimated_prob_of_next_k": 12.514368772860916, "sum_sr": 99, "sum_time_spent_choosing_strategy": 0.004025459289550781, "sum_time_estimating_p_vector": 0.0019423961639404297, "sum_time_loading_coverings": 0.00261688232421875}, "11": {"enters": 3, "count_subgroups": 18, "sum_estimated_prob_of_next_k": 2.8428844742521706, "sum_sr": 18, "sum_time_spent_choosing_strategy": 0.0006279945373535156, "sum_time_estimating_p_vector": 0.00042819976806640625, "sum_time_loading_coverings": 0.0005447864532470703}}