{"0": {"enters": 4, "count_subgroups": 902812, "sum_estimated_prob_of_next_k": 0, "sum_sr": 889166, "sum_time_spent_choosing_strategy": 0, "sum_time_estimating_p_vector": 0, "sum_time_loading_coverings": 0}, "1": {"enters": 13646, "count_subgroups": 84107, "sum_estimated_prob_of_next_k": 13413.093295735276, "sum_sr": 78552, "sum_time_spent_choosing_strategy": 148.64872312545776, "sum_time_estimating_p_vector": 2.2444875240325928, "sum_time_loading_coverings": 7.659028053283691}, "2": {"enters": 5555, "count_subgroups": 34233, "sum_estimated_prob_of_next_k": 5498.246150614222, "sum_sr": 21181, "sum_time_spent_choosing_strategy": 38.71959924697876, "sum_time_estimating_p_vector": 0.8132419586181641, "sum_time_loading_coverings": 2.645282745361328}, "3": {"enters": 13052, "count_subgroups": 78545, "sum_estimated_prob_of_next_k": 13024.99356764711, "sum_sr": 58787, "sum_time_spent_choosing_strategy": 65.2335913181305, "sum_time_estimating_p_vector": 1.9012799263000488, "sum_time_loading_coverings": 5.758001804351807}, "4": {"enters": 19758, "count_subgroups": 118710, "sum_estimated_prob_of_next_k": 19726.534979925265, "sum_sr": 106928, "sum_time_spent_choosing_strategy": 67.13524961471558, "sum_time_estimating_p_vector": 2.872437000274658, "sum_time_loading_coverings": 7.993971824645996}, "5": {"enters": 11782, "count_subgroups": 70902, "sum_estimated_prob_of_next_k": 11756.716209622222, "sum_sr": 66805, "sum_time_spent_choosing_strategy": 26.51128387451172, "sum_time_estimating_p_vector": 1.7084734439849854, "sum_time_loading_coverings": 4.17772650718689}, "6": {"enters": 4097, "count_subgroups": 24741, "sum_estimated_prob_of_next_k": 4079.5063976689803, "sum_sr": 23613, "sum_time_spent_choosing_strategy": 6.04763650894165, "sum_time_estimating_p_vector": 0.5944540500640869, "sum_time_loading_coverings": 1.281358003616333}, "7": {"enters": 1128, "count_subgroups": 6973, "sum_estimated_prob_of_next_k": 1116.1822674869659, "sum_sr": 6643, "sum_time_spent_choosing_strategy": 1.1186749935150146, "sum_time_estimating_p_vector": 0.16367149353027344, "sum_time_loading_coverings": 0.3132603168487549}, "8": {"enters": 330, "count_subgroups": 2058, "sum_estimated_prob_of_next_k": 326.1903759006796, "sum_sr": 2005, "sum_time_spent_choosing_strategy": 0.2258291244506836, "sum_time_estimating_p_vector": 0.0482630729675293, "sum_time_loading_coverings": 0.08125543594360352}, "9": {"enters": 53, "count_subgroups": 373, "sum_estimated_prob_of_next_k": 51.8435786125384, "sum_sr": 365, "sum_time_spent_choosing_strategy": 0.02406477928161621, "sum_time_estimating_p_vector": 0.007711648941040039, "sum_time_loading_coverings": 0.011221647262573242}, "10": {"enters": 8, "count_subgroups": 70, "sum_estimated_prob_of_next_k": 7.778482670664857, "sum_sr": 70, "sum_time_spent_choosing_strategy": 0.0023000240325927734, "sum_time_estimating_p_vector": 0.0011568069458007812, "sum_time_loading_coverings": 0.0013630390167236328}}