{"0": {"enters": 5, "count_subgroups": 2943, "sum_estimated_prob_of_next_k": 0, "sum_sr": 2762, "sum_time_spent_choosing_strategy": 0, "sum_time_estimating_p_vector": 0, "sum_time_loading_coverings": 0}, "1": {"enters": 181, "count_subgroups": 786, "sum_estimated_prob_of_next_k": 180.6218239043865, "sum_sr": 765, "sum_time_spent_choosing_strategy": 0.48239660263061523, "sum_time_estimating_p_vector": 2.47955322265625e-05, "sum_time_loading_coverings": 0.05365943908691406}, "2": {"enters": 21, "count_subgroups": 84, "sum_estimated_prob_of_next_k": 20.993528437164006, "sum_sr": 80, "sum_time_spent_choosing_strategy": 0.024050235748291016, "sum_time_estimating_p_vector": 2.1457672119140625e-06, "sum_time_loading_coverings": 0.004621982574462891}, "3": {"enters": 4, "count_subgroups": 60, "sum_estimated_prob_of_next_k": 3.999983852118544, "sum_sr": 60, "sum_time_spent_choosing_strategy": 0.002646207809448242, "sum_time_estimating_p_vector": 4.76837158203125e-07, "sum_time_loading_coverings": 0.0006792545318603516}}