{"0": {"enters": 5, "count_subgroups": 2944, "sum_estimated_prob_of_next_k": 0, "sum_sr": 2773, "sum_time_spent_choosing_strategy": 0, "sum_time_estimating_p_vector": 0, "sum_time_loading_coverings": 0}, "1": {"enters": 171, "count_subgroups": 738, "sum_estimated_prob_of_next_k": 170.65231271153695, "sum_sr": 709, "sum_time_spent_choosing_strategy": 0.4664041996002197, "sum_time_estimating_p_vector": 2.3365020751953125e-05, "sum_time_loading_coverings": 0.051076650619506836}, "2": {"enters": 29, "count_subgroups": 116, "sum_estimated_prob_of_next_k": 28.990940162323742, "sum_sr": 91, "sum_time_spent_choosing_strategy": 0.03385329246520996, "sum_time_estimating_p_vector": 4.0531158447265625e-06, "sum_time_loading_coverings": 0.00630950927734375}, "3": {"enters": 25, "count_subgroups": 375, "sum_estimated_prob_of_next_k": 24.99989907574091, "sum_sr": 373, "sum_time_spent_choosing_strategy": 0.016693830490112305, "sum_time_estimating_p_vector": 2.86102294921875e-06, "sum_time_loading_coverings": 0.0042877197265625}, "4": {"enters": 2, "count_subgroups": 86, "sum_estimated_prob_of_next_k": 1.9999993142566843, "sum_sr": 86, "sum_time_spent_choosing_strategy": 0.0002541542053222656, "sum_time_estimating_p_vector": 2.384185791015625e-07, "sum_time_loading_coverings": 0.00022864341735839844}}