{"0": {"enters": 5, "count_subgroups": 2943, "sum_estimated_prob_of_next_k": 0, "sum_sr": 2768, "sum_time_spent_choosing_strategy": 0, "sum_time_estimating_p_vector": 0, "sum_time_loading_coverings": 0}, "1": {"enters": 175, "count_subgroups": 758, "sum_estimated_prob_of_next_k": 174.63181954650028, "sum_sr": 736, "sum_time_spent_choosing_strategy": 0.46552515029907227, "sum_time_estimating_p_vector": 1.9311904907226562e-05, "sum_time_loading_coverings": 0.05574297904968262}, "2": {"enters": 22, "count_subgroups": 88, "sum_estimated_prob_of_next_k": 21.993820465412433, "sum_sr": 83, "sum_time_spent_choosing_strategy": 0.0291898250579834, "sum_time_estimating_p_vector": 1.9073486328125e-06, "sum_time_loading_coverings": 0.0050678253173828125}, "3": {"enters": 5, "count_subgroups": 75, "sum_estimated_prob_of_next_k": 4.99997981514818, "sum_sr": 75, "sum_time_spent_choosing_strategy": 0.0032210350036621094, "sum_time_estimating_p_vector": 4.76837158203125e-07, "sum_time_loading_coverings": 0.0009248256683349609}}