{"0": {"enters": 5, "count_subgroups": 2944, "sum_estimated_prob_of_next_k": 0, "sum_sr": 2764, "sum_time_spent_choosing_strategy": 0, "sum_time_estimating_p_vector": 0, "sum_time_loading_coverings": 0}, "1": {"enters": 180, "count_subgroups": 774, "sum_estimated_prob_of_next_k": 179.59822895597293, "sum_sr": 739, "sum_time_spent_choosing_strategy": 0.4543306827545166, "sum_time_estimating_p_vector": 1.52587890625e-05, "sum_time_loading_coverings": 0.05244612693786621}, "2": {"enters": 35, "count_subgroups": 140, "sum_estimated_prob_of_next_k": 34.98899895619354, "sum_sr": 119, "sum_time_spent_choosing_strategy": 0.04024004936218262, "sum_time_estimating_p_vector": 3.5762786865234375e-06, "sum_time_loading_coverings": 0.007323026657104492}, "3": {"enters": 21, "count_subgroups": 315, "sum_estimated_prob_of_next_k": 20.999915223622363, "sum_sr": 314, "sum_time_spent_choosing_strategy": 0.013864755630493164, "sum_time_estimating_p_vector": 1.1920928955078125e-06, "sum_time_loading_coverings": 0.003754854202270508}, "4": {"enters": 1, "count_subgroups": 43, "sum_estimated_prob_of_next_k": 0.9999996571283422, "sum_sr": 43, "sum_time_spent_choosing_strategy": 0.0001251697540283203, "sum_time_estimating_p_vector": 2.384185791015625e-07, "sum_time_loading_coverings": 0.00020194053649902344}}