{"0": {"enters": 5, "count_subgroups": 2941, "sum_estimated_prob_of_next_k": 0, "sum_sr": 2755, "sum_time_spent_choosing_strategy": 0, "sum_time_estimating_p_vector": 0, "sum_time_loading_coverings": 0}, "1": {"enters": 186, "count_subgroups": 812, "sum_estimated_prob_of_next_k": 185.62641883681644, "sum_sr": 777, "sum_time_spent_choosing_strategy": 0.4884064197540283, "sum_time_estimating_p_vector": 1.9073486328125e-05, "sum_time_loading_coverings": 0.05973386764526367}, "2": {"enters": 35, "count_subgroups": 284, "sum_estimated_prob_of_next_k": 34.99054073783417, "sum_sr": 273, "sum_time_spent_choosing_strategy": 0.04052591323852539, "sum_time_estimating_p_vector": 3.337860107421875e-06, "sum_time_loading_coverings": 0.008098125457763672}, "3": {"enters": 11, "count_subgroups": 165, "sum_estimated_prob_of_next_k": 10.999955593325996, "sum_sr": 164, "sum_time_spent_choosing_strategy": 0.007138252258300781, "sum_time_estimating_p_vector": 1.430511474609375e-06, "sum_time_loading_coverings": 0.002019643783569336}, "4": {"enters": 1, "count_subgroups": 43, "sum_estimated_prob_of_next_k": 0.9999996571283422, "sum_sr": 43, "sum_time_spent_choosing_strategy": 0.0001232624053955078, "sum_time_estimating_p_vector": 0.0, "sum_time_loading_coverings": 0.00012183189392089844}}