{"0": {"enters": 5, "count_subgroups": 2944, "sum_estimated_prob_of_next_k": 0, "sum_sr": 2753, "sum_time_spent_choosing_strategy": 0, "sum_time_estimating_p_vector": 0, "sum_time_loading_coverings": 0}, "1": {"enters": 191, "count_subgroups": 850, "sum_estimated_prob_of_next_k": 190.63730867709887, "sum_sr": 829, "sum_time_spent_choosing_strategy": 0.48917388916015625, "sum_time_estimating_p_vector": 2.1696090698242188e-05, "sum_time_loading_coverings": 0.057538509368896484}, "2": {"enters": 21, "count_subgroups": 120, "sum_estimated_prob_of_next_k": 20.9938284820612, "sum_sr": 113, "sum_time_spent_choosing_strategy": 0.024849653244018555, "sum_time_estimating_p_vector": 2.1457672119140625e-06, "sum_time_loading_coverings": 0.004629850387573242}, "3": {"enters": 7, "count_subgroups": 105, "sum_estimated_prob_of_next_k": 6.999971741207451, "sum_sr": 105, "sum_time_spent_choosing_strategy": 0.004472017288208008, "sum_time_estimating_p_vector": 9.5367431640625e-07, "sum_time_loading_coverings": 0.001171112060546875}}