{"0": {"enters": 5, "count_subgroups": 314631, "sum_estimated_prob_of_next_k": 0, "sum_sr": 300545, "sum_time_spent_choosing_strategy": 0, "sum_time_estimating_p_vector": 0, "sum_time_loading_coverings": 0}, "1": {"enters": 14086, "count_subgroups": 56362, "sum_estimated_prob_of_next_k": 13962.278990495659, "sum_sr": 53233, "sum_time_spent_choosing_strategy": 12.277018547058105, "sum_time_estimating_p_vector": 2.1324105262756348, "sum_time_loading_coverings": 2.63681697845459}, "2": {"enters": 3129, "count_subgroups": 13043, "sum_estimated_prob_of_next_k": 3061.606014744517, "sum_sr": 12240, "sum_time_spent_choosing_strategy": 1.5174503326416016, "sum_time_estimating_p_vector": 0.45202088356018066, "sum_time_loading_coverings": 0.49870824813842773}, "3": {"enters": 803, "count_subgroups": 3531, "sum_estimated_prob_of_next_k": 788.2435890220421, "sum_sr": 3410, "sum_time_spent_choosing_strategy": 0.21108222007751465, "sum_time_estimating_p_vector": 0.11583304405212402, "sum_time_loading_coverings": 0.10524868965148926}, "4": {"enters": 121, "count_subgroups": 484, "sum_estimated_prob_of_next_k": 115.33838626711744, "sum_sr": 458, "sum_time_spent_choosing_strategy": 0.014200448989868164, "sum_time_estimating_p_vector": 0.01717090606689453, "sum_time_loading_coverings": 0.013153314590454102}, "5": {"enters": 26, "count_subgroups": 146, "sum_estimated_prob_of_next_k": 25.631682777383425, "sum_sr": 145, "sum_time_spent_choosing_strategy": 0.0013129711151123047, "sum_time_estimating_p_vector": 0.003681659698486328, "sum_time_loading_coverings": 0.0017478466033935547}, "6": {"enters": 1, "count_subgroups": 4, "sum_estimated_prob_of_next_k": 0.9189322974559433, "sum_sr": 4, "sum_time_spent_choosing_strategy": 1.71661376953125e-05, "sum_time_estimating_p_vector": 0.00014019012451171875, "sum_time_loading_coverings": 4.124641418457031e-05}}