{"0": {"enters": 5, "count_subgroups": 314631, "sum_estimated_prob_of_next_k": 0, "sum_sr": 300359, "sum_time_spent_choosing_strategy": 0, "sum_time_estimating_p_vector": 0, "sum_time_loading_coverings": 0}, "1": {"enters": 14272, "count_subgroups": 57102, "sum_estimated_prob_of_next_k": 14147.326020267152, "sum_sr": 54193, "sum_time_spent_choosing_strategy": 12.050986051559448, "sum_time_estimating_p_vector": 2.1927130222320557, "sum_time_loading_coverings": 2.635188102722168}, "2": {"enters": 2909, "count_subgroups": 12073, "sum_estimated_prob_of_next_k": 2842.384358736825, "sum_sr": 11417, "sum_time_spent_choosing_strategy": 1.39823317527771, "sum_time_estimating_p_vector": 0.4230930805206299, "sum_time_loading_coverings": 0.46259641647338867}, "3": {"enters": 656, "count_subgroups": 2848, "sum_estimated_prob_of_next_k": 644.7556132301959, "sum_sr": 2760, "sum_time_spent_choosing_strategy": 0.17165732383728027, "sum_time_estimating_p_vector": 0.09499931335449219, "sum_time_loading_coverings": 0.08584022521972656}, "4": {"enters": 88, "count_subgroups": 352, "sum_estimated_prob_of_next_k": 84.94045504634735, "sum_sr": 343, "sum_time_spent_choosing_strategy": 0.010989665985107422, "sum_time_estimating_p_vector": 0.012841463088989258, "sum_time_loading_coverings": 0.009620904922485352}, "5": {"enters": 9, "count_subgroups": 49, "sum_estimated_prob_of_next_k": 8.867976895210711, "sum_sr": 48, "sum_time_spent_choosing_strategy": 0.0004889965057373047, "sum_time_estimating_p_vector": 0.0012772083282470703, "sum_time_loading_coverings": 0.0007169246673583984}, "6": {"enters": 1, "count_subgroups": 4, "sum_estimated_prob_of_next_k": 0.9728609409619342, "sum_sr": 4, "sum_time_spent_choosing_strategy": 3.24249267578125e-05, "sum_time_estimating_p_vector": 0.000141143798828125, "sum_time_loading_coverings": 6.008148193359375e-05}}