{"0": {"enters": 5, "count_subgroups": 314633, "sum_estimated_prob_of_next_k": 0, "sum_sr": 301172, "sum_time_spent_choosing_strategy": 0, "sum_time_estimating_p_vector": 0, "sum_time_loading_coverings": 0}, "1": {"enters": 13461, "count_subgroups": 53860, "sum_estimated_prob_of_next_k": 13340.931664054007, "sum_sr": 51188, "sum_time_spent_choosing_strategy": 11.410009384155273, "sum_time_estimating_p_vector": 2.1039037704467773, "sum_time_loading_coverings": 2.537855625152588}, "2": {"enters": 2672, "count_subgroups": 11074, "sum_estimated_prob_of_next_k": 2616.410646499133, "sum_sr": 10505, "sum_time_spent_choosing_strategy": 1.265692949295044, "sum_time_estimating_p_vector": 0.39327096939086914, "sum_time_loading_coverings": 0.429854154586792}, "3": {"enters": 569, "count_subgroups": 2457, "sum_estimated_prob_of_next_k": 560.3045888426369, "sum_sr": 2408, "sum_time_spent_choosing_strategy": 0.14855265617370605, "sum_time_estimating_p_vector": 0.08298468589782715, "sum_time_loading_coverings": 0.07654476165771484}, "4": {"enters": 49, "count_subgroups": 196, "sum_estimated_prob_of_next_k": 46.850809908997654, "sum_sr": 192, "sum_time_spent_choosing_strategy": 0.0053441524505615234, "sum_time_estimating_p_vector": 0.007195949554443359, "sum_time_loading_coverings": 0.005176544189453125}, "5": {"enters": 4, "count_subgroups": 24, "sum_estimated_prob_of_next_k": 3.9764344812387593, "sum_sr": 24, "sum_time_spent_choosing_strategy": 0.0002014636993408203, "sum_time_estimating_p_vector": 0.0005626678466796875, "sum_time_loading_coverings": 0.00025177001953125}}