{"0": {"enters": 5, "count_subgroups": 27501, "sum_estimated_prob_of_next_k": 0, "sum_sr": 25280, "sum_time_spent_choosing_strategy": 0, "sum_time_estimating_p_vector": 0, "sum_time_loading_coverings": 0}, "1": {"enters": 2221, "count_subgroups": 8884, "sum_estimated_prob_of_next_k": 2215.142411369974, "sum_sr": 8191, "sum_time_spent_choosing_strategy": 10.205997228622437, "sum_time_estimating_p_vector": 0.3362760543823242, "sum_time_loading_coverings": 0.5566179752349854}, "2": {"enters": 693, "count_subgroups": 2772, "sum_estimated_prob_of_next_k": 689.288447295244, "sum_sr": 2448, "sum_time_spent_choosing_strategy": 0.8698892593383789, "sum_time_estimating_p_vector": 0.09615516662597656, "sum_time_loading_coverings": 0.12837457656860352}, "3": {"enters": 324, "count_subgroups": 1296, "sum_estimated_prob_of_next_k": 321.82613440946466, "sum_sr": 1159, "sum_time_spent_choosing_strategy": 0.19574785232543945, "sum_time_estimating_p_vector": 0.0434565544128418, "sum_time_loading_coverings": 0.049849748611450195}, "4": {"enters": 137, "count_subgroups": 548, "sum_estimated_prob_of_next_k": 135.79256413272358, "sum_sr": 493, "sum_time_spent_choosing_strategy": 0.04083967208862305, "sum_time_estimating_p_vector": 0.01744818687438965, "sum_time_loading_coverings": 0.01803874969482422}, "5": {"enters": 55, "count_subgroups": 220, "sum_estimated_prob_of_next_k": 53.585269448011054, "sum_sr": 193, "sum_time_spent_choosing_strategy": 0.008043050765991211, "sum_time_estimating_p_vector": 0.006792783737182617, "sum_time_loading_coverings": 0.006974220275878906}, "6": {"enters": 27, "count_subgroups": 132, "sum_estimated_prob_of_next_k": 26.880287180415777, "sum_sr": 125, "sum_time_spent_choosing_strategy": 0.0020771026611328125, "sum_time_estimating_p_vector": 0.0031795501708984375, "sum_time_loading_coverings": 0.0023050308227539062}, "7": {"enters": 7, "count_subgroups": 28, "sum_estimated_prob_of_next_k": 6.666799936124281, "sum_sr": 25, "sum_time_spent_choosing_strategy": 0.00025725364685058594, "sum_time_estimating_p_vector": 0.0008227825164794922, "sum_time_loading_coverings": 0.0004622936248779297}, "8": {"enters": 3, "count_subgroups": 12, "sum_estimated_prob_of_next_k": 2.9570692358045925, "sum_sr": 12, "sum_time_spent_choosing_strategy": 5.221366882324219e-05, "sum_time_estimating_p_vector": 0.00032711029052734375, "sum_time_loading_coverings": 0.00011873245239257812}}