{"0": {"enters": 5, "count_subgroups": 27504, "sum_estimated_prob_of_next_k": 0, "sum_sr": 25355, "sum_time_spent_choosing_strategy": 0, "sum_time_estimating_p_vector": 0, "sum_time_loading_coverings": 0}, "1": {"enters": 2149, "count_subgroups": 8596, "sum_estimated_prob_of_next_k": 2143.5725001291685, "sum_sr": 7955, "sum_time_spent_choosing_strategy": 9.992544651031494, "sum_time_estimating_p_vector": 0.3431432247161865, "sum_time_loading_coverings": 0.553215503692627}, "2": {"enters": 641, "count_subgroups": 2564, "sum_estimated_prob_of_next_k": 637.502608232132, "sum_sr": 2272, "sum_time_spent_choosing_strategy": 0.8355638980865479, "sum_time_estimating_p_vector": 0.08958220481872559, "sum_time_loading_coverings": 0.1240532398223877}, "3": {"enters": 292, "count_subgroups": 1168, "sum_estimated_prob_of_next_k": 289.89631758448724, "sum_sr": 1023, "sum_time_spent_choosing_strategy": 0.17737054824829102, "sum_time_estimating_p_vector": 0.03931236267089844, "sum_time_loading_coverings": 0.04671311378479004}, "4": {"enters": 145, "count_subgroups": 580, "sum_estimated_prob_of_next_k": 143.60458823921527, "sum_sr": 524, "sum_time_spent_choosing_strategy": 0.0433201789855957, "sum_time_estimating_p_vector": 0.018520116806030273, "sum_time_loading_coverings": 0.01954197883605957}, "5": {"enters": 56, "count_subgroups": 224, "sum_estimated_prob_of_next_k": 54.61698418726539, "sum_sr": 194, "sum_time_spent_choosing_strategy": 0.008296489715576172, "sum_time_estimating_p_vector": 0.006797313690185547, "sum_time_loading_coverings": 0.007016181945800781}, "6": {"enters": 30, "count_subgroups": 150, "sum_estimated_prob_of_next_k": 29.872183131232116, "sum_sr": 145, "sum_time_spent_choosing_strategy": 0.002301931381225586, "sum_time_estimating_p_vector": 0.0034465789794921875, "sum_time_loading_coverings": 0.002508878707885742}, "7": {"enters": 5, "count_subgroups": 20, "sum_estimated_prob_of_next_k": 4.66963175361976, "sum_sr": 19, "sum_time_spent_choosing_strategy": 0.0001583099365234375, "sum_time_estimating_p_vector": 0.0005538463592529297, "sum_time_loading_coverings": 0.00031495094299316406}, "8": {"enters": 1, "count_subgroups": 4, "sum_estimated_prob_of_next_k": 0.9868901366931275, "sum_sr": 4, "sum_time_spent_choosing_strategy": 1.6927719116210938e-05, "sum_time_estimating_p_vector": 0.0001399517059326172, "sum_time_loading_coverings": 4.076957702636719e-05}}