{"0": {"enters": 5, "count_subgroups": 27499, "sum_estimated_prob_of_next_k": 0, "sum_sr": 25287, "sum_time_spent_choosing_strategy": 0, "sum_time_estimating_p_vector": 0, "sum_time_loading_coverings": 0}, "1": {"enters": 2212, "count_subgroups": 8848, "sum_estimated_prob_of_next_k": 2205.8822542551557, "sum_sr": 8156, "sum_time_spent_choosing_strategy": 10.172228574752808, "sum_time_estimating_p_vector": 0.3359527587890625, "sum_time_loading_coverings": 0.5631825923919678}, "2": {"enters": 692, "count_subgroups": 2768, "sum_estimated_prob_of_next_k": 688.4548495645287, "sum_sr": 2504, "sum_time_spent_choosing_strategy": 0.885333776473999, "sum_time_estimating_p_vector": 0.09702348709106445, "sum_time_loading_coverings": 0.13261723518371582}, "3": {"enters": 264, "count_subgroups": 1056, "sum_estimated_prob_of_next_k": 262.34179139356075, "sum_sr": 953, "sum_time_spent_choosing_strategy": 0.1605851650238037, "sum_time_estimating_p_vector": 0.03585219383239746, "sum_time_loading_coverings": 0.0425875186920166}, "4": {"enters": 103, "count_subgroups": 412, "sum_estimated_prob_of_next_k": 102.06563720436698, "sum_sr": 363, "sum_time_spent_choosing_strategy": 0.030537843704223633, "sum_time_estimating_p_vector": 0.012972354888916016, "sum_time_loading_coverings": 0.01402139663696289}, "5": {"enters": 49, "count_subgroups": 196, "sum_estimated_prob_of_next_k": 47.659475239829355, "sum_sr": 165, "sum_time_spent_choosing_strategy": 0.007138252258300781, "sum_time_estimating_p_vector": 0.0059032440185546875, "sum_time_loading_coverings": 0.006354331970214844}, "6": {"enters": 31, "count_subgroups": 153, "sum_estimated_prob_of_next_k": 30.859589839722254, "sum_sr": 143, "sum_time_spent_choosing_strategy": 0.0023679733276367188, "sum_time_estimating_p_vector": 0.0036499500274658203, "sum_time_loading_coverings": 0.002623319625854492}, "7": {"enters": 10, "count_subgroups": 40, "sum_estimated_prob_of_next_k": 9.470659661603081, "sum_sr": 38, "sum_time_spent_choosing_strategy": 0.0003342628479003906, "sum_time_estimating_p_vector": 0.0011668205261230469, "sum_time_loading_coverings": 0.0006382465362548828}, "8": {"enters": 2, "count_subgroups": 8, "sum_estimated_prob_of_next_k": 1.9713794905363948, "sum_sr": 8, "sum_time_spent_choosing_strategy": 3.600120544433594e-05, "sum_time_estimating_p_vector": 0.00022029876708984375, "sum_time_loading_coverings": 8.034706115722656e-05}}