{"0": {"enters": 10, "count_subgroups": 310040, "sum_estimated_prob_of_next_k": 0, "sum_sr": 276471, "sum_time_spent_choosing_strategy": 0, "sum_time_estimating_p_vector": 0, "sum_time_loading_coverings": 0}, "1": {"enters": 33569, "count_subgroups": 167848, "sum_estimated_prob_of_next_k": 33506.1098518522, "sum_sr": 158444, "sum_time_spent_choosing_strategy": 132.0664427280426, "sum_time_estimating_p_vector": 6.095541954040527, "sum_time_loading_coverings": 11.359904289245605}, "2": {"enters": 9404, "count_subgroups": 47133, "sum_estimated_prob_of_next_k": 9343.80344060042, "sum_sr": 44232, "sum_time_spent_choosing_strategy": 22.45437717437744, "sum_time_estimating_p_vector": 1.5621140003204346, "sum_time_loading_coverings": 2.7634124755859375}, "3": {"enters": 2901, "count_subgroups": 14542, "sum_estimated_prob_of_next_k": 2860.9295634023115, "sum_sr": 13117, "sum_time_spent_choosing_strategy": 4.581582546234131, "sum_time_estimating_p_vector": 0.49098825454711914, "sum_time_loading_coverings": 0.7745518684387207}, "4": {"enters": 1425, "count_subgroups": 7127, "sum_estimated_prob_of_next_k": 1393.9468494457399, "sum_sr": 6224, "sum_time_spent_choosing_strategy": 1.4569122791290283, "sum_time_estimating_p_vector": 0.24619746208190918, "sum_time_loading_coverings": 0.3453390598297119}}