{"0": {"enters": 10, "count_subgroups": 310007, "sum_estimated_prob_of_next_k": 0, "sum_sr": 277752, "sum_time_spent_choosing_strategy": 0, "sum_time_estimating_p_vector": 0, "sum_time_loading_coverings": 0}, "1": {"enters": 32255, "count_subgroups": 161275, "sum_estimated_prob_of_next_k": 32196.35913118424, "sum_sr": 152102, "sum_time_spent_choosing_strategy": 126.90477085113525, "sum_time_estimating_p_vector": 5.52839994430542, "sum_time_loading_coverings": 10.63596773147583}, "2": {"enters": 9173, "count_subgroups": 45994, "sum_estimated_prob_of_next_k": 9115.621796541074, "sum_sr": 42957, "sum_time_spent_choosing_strategy": 21.564743757247925, "sum_time_estimating_p_vector": 1.4680471420288086, "sum_time_loading_coverings": 2.618413209915161}, "3": {"enters": 3037, "count_subgroups": 15219, "sum_estimated_prob_of_next_k": 2996.042508414219, "sum_sr": 13697, "sum_time_spent_choosing_strategy": 4.8232715129852295, "sum_time_estimating_p_vector": 0.4895646572113037, "sum_time_loading_coverings": 0.7886369228363037}, "4": {"enters": 1522, "count_subgroups": 7611, "sum_estimated_prob_of_next_k": 1485.2674997779525, "sum_sr": 6526, "sum_time_spent_choosing_strategy": 1.5894296169281006, "sum_time_estimating_p_vector": 0.2509942054748535, "sum_time_loading_coverings": 0.36385083198547363}}