{"0": {"enters": 10, "count_subgroups": 310013, "sum_estimated_prob_of_next_k": 0, "sum_sr": 277258, "sum_time_spent_choosing_strategy": 0, "sum_time_estimating_p_vector": 0, "sum_time_loading_coverings": 0}, "1": {"enters": 32755, "count_subgroups": 163789, "sum_estimated_prob_of_next_k": 32700.011288187423, "sum_sr": 154635, "sum_time_spent_choosing_strategy": 128.41934728622437, "sum_time_estimating_p_vector": 5.473301649093628, "sum_time_loading_coverings": 10.455052137374878}, "2": {"enters": 9154, "count_subgroups": 45862, "sum_estimated_prob_of_next_k": 9100.466444464546, "sum_sr": 43133, "sum_time_spent_choosing_strategy": 21.674912452697754, "sum_time_estimating_p_vector": 1.456366777420044, "sum_time_loading_coverings": 2.5652849674224854}, "3": {"enters": 2729, "count_subgroups": 13715, "sum_estimated_prob_of_next_k": 2694.8109226395227, "sum_sr": 12424, "sum_time_spent_choosing_strategy": 4.3362250328063965, "sum_time_estimating_p_vector": 0.43832921981811523, "sum_time_loading_coverings": 0.6990547180175781}, "4": {"enters": 1291, "count_subgroups": 6474, "sum_estimated_prob_of_next_k": 1261.2296463502896, "sum_sr": 5602, "sum_time_spent_choosing_strategy": 1.3450570106506348, "sum_time_estimating_p_vector": 0.21195697784423828, "sum_time_loading_coverings": 0.30156898498535156}}