{"0": {"enters": 10, "count_subgroups": 310159, "sum_estimated_prob_of_next_k": 0, "sum_sr": 277597, "sum_time_spent_choosing_strategy": 0, "sum_time_estimating_p_vector": 0, "sum_time_loading_coverings": 0}, "1": {"enters": 32562, "count_subgroups": 162814, "sum_estimated_prob_of_next_k": 32506.063154897278, "sum_sr": 153849, "sum_time_spent_choosing_strategy": 131.1098337173462, "sum_time_estimating_p_vector": 5.848491907119751, "sum_time_loading_coverings": 10.88329291343689}, "2": {"enters": 8965, "count_subgroups": 44917, "sum_estimated_prob_of_next_k": 8914.811207690025, "sum_sr": 42329, "sum_time_spent_choosing_strategy": 21.80353569984436, "sum_time_estimating_p_vector": 1.4727654457092285, "sum_time_loading_coverings": 2.5902950763702393}, "3": {"enters": 2588, "count_subgroups": 12972, "sum_estimated_prob_of_next_k": 2557.2844492536765, "sum_sr": 11995, "sum_time_spent_choosing_strategy": 4.185633420944214, "sum_time_estimating_p_vector": 0.42656612396240234, "sum_time_loading_coverings": 0.6742491722106934}, "4": {"enters": 977, "count_subgroups": 4893, "sum_estimated_prob_of_next_k": 955.6668485097946, "sum_sr": 4372, "sum_time_spent_choosing_strategy": 1.0006020069122314, "sum_time_estimating_p_vector": 0.16339516639709473, "sum_time_loading_coverings": 0.23222017288208008}}