{"0": {"enters": 10, "count_subgroups": 310002, "sum_estimated_prob_of_next_k": 0, "sum_sr": 277332, "sum_time_spent_choosing_strategy": 0, "sum_time_estimating_p_vector": 0, "sum_time_loading_coverings": 0}, "1": {"enters": 32670, "count_subgroups": 163350, "sum_estimated_prob_of_next_k": 32610.120679689033, "sum_sr": 154278, "sum_time_spent_choosing_strategy": 128.92590165138245, "sum_time_estimating_p_vector": 5.79740571975708, "sum_time_loading_coverings": 10.928545951843262}, "2": {"enters": 9072, "count_subgroups": 45471, "sum_estimated_prob_of_next_k": 9016.4117609493, "sum_sr": 42777, "sum_time_spent_choosing_strategy": 21.35144352912903, "sum_time_estimating_p_vector": 1.4829955101013184, "sum_time_loading_coverings": 2.6193339824676514}, "3": {"enters": 2694, "count_subgroups": 13504, "sum_estimated_prob_of_next_k": 2659.963757902991, "sum_sr": 12379, "sum_time_spent_choosing_strategy": 4.141897439956665, "sum_time_estimating_p_vector": 0.445096492767334, "sum_time_loading_coverings": 0.707855224609375}, "4": {"enters": 1125, "count_subgroups": 5629, "sum_estimated_prob_of_next_k": 1099.2737144509715, "sum_sr": 4924, "sum_time_spent_choosing_strategy": 1.1345269680023193, "sum_time_estimating_p_vector": 0.19069147109985352, "sum_time_loading_coverings": 0.2715475559234619}}