{"0": {"enters": 10, "count_subgroups": 310162, "sum_estimated_prob_of_next_k": 0, "sum_sr": 277128, "sum_time_spent_choosing_strategy": 0, "sum_time_estimating_p_vector": 0, "sum_time_loading_coverings": 0}, "1": {"enters": 33034, "count_subgroups": 165177, "sum_estimated_prob_of_next_k": 32975.63094545012, "sum_sr": 155899, "sum_time_spent_choosing_strategy": 132.25670289993286, "sum_time_estimating_p_vector": 5.948926687240601, "sum_time_loading_coverings": 11.090296268463135}, "2": {"enters": 9278, "count_subgroups": 46529, "sum_estimated_prob_of_next_k": 9219.612410819724, "sum_sr": 43404, "sum_time_spent_choosing_strategy": 22.308391332626343, "sum_time_estimating_p_vector": 1.5348131656646729, "sum_time_loading_coverings": 2.7023568153381348}, "3": {"enters": 3125, "count_subgroups": 15707, "sum_estimated_prob_of_next_k": 3082.504666510168, "sum_sr": 14012, "sum_time_spent_choosing_strategy": 5.006781816482544, "sum_time_estimating_p_vector": 0.5235114097595215, "sum_time_loading_coverings": 0.8242301940917969}, "4": {"enters": 1695, "count_subgroups": 8496, "sum_estimated_prob_of_next_k": 1654.7296888925343, "sum_sr": 7253, "sum_time_spent_choosing_strategy": 1.7917718887329102, "sum_time_estimating_p_vector": 0.2938206195831299, "sum_time_loading_coverings": 0.4160904884338379}}