{"0": {"enters": 10, "count_subgroups": 310166, "sum_estimated_prob_of_next_k": 0, "sum_sr": 277151, "sum_time_spent_choosing_strategy": 0, "sum_time_estimating_p_vector": 0, "sum_time_loading_coverings": 0}, "1": {"enters": 33015, "count_subgroups": 165084, "sum_estimated_prob_of_next_k": 32953.649572161456, "sum_sr": 155749, "sum_time_spent_choosing_strategy": 133.67203831672668, "sum_time_estimating_p_vector": 5.697478771209717, "sum_time_loading_coverings": 10.830010414123535}, "2": {"enters": 9335, "count_subgroups": 46781, "sum_estimated_prob_of_next_k": 9276.735301479895, "sum_sr": 43998, "sum_time_spent_choosing_strategy": 22.702396631240845, "sum_time_estimating_p_vector": 1.5092077255249023, "sum_time_loading_coverings": 2.6714580059051514}, "3": {"enters": 2783, "count_subgroups": 13972, "sum_estimated_prob_of_next_k": 2747.215203422271, "sum_sr": 12783, "sum_time_spent_choosing_strategy": 4.451325178146362, "sum_time_estimating_p_vector": 0.456787109375, "sum_time_loading_coverings": 0.7254412174224854}, "4": {"enters": 1189, "count_subgroups": 5964, "sum_estimated_prob_of_next_k": 1160.5826954636636, "sum_sr": 5219, "sum_time_spent_choosing_strategy": 1.2514801025390625, "sum_time_estimating_p_vector": 0.19807696342468262, "sum_time_loading_coverings": 0.28465700149536133}}