{"0": {"enters": 10, "count_subgroups": 310022, "sum_estimated_prob_of_next_k": 0, "sum_sr": 278062, "sum_time_spent_choosing_strategy": 0, "sum_time_estimating_p_vector": 0, "sum_time_loading_coverings": 0}, "1": {"enters": 31960, "count_subgroups": 159796, "sum_estimated_prob_of_next_k": 31905.04734885569, "sum_sr": 151260, "sum_time_spent_choosing_strategy": 128.27056860923767, "sum_time_estimating_p_vector": 5.558774471282959, "sum_time_loading_coverings": 10.397251605987549}, "2": {"enters": 8536, "count_subgroups": 42782, "sum_estimated_prob_of_next_k": 8484.31719799737, "sum_sr": 40270, "sum_time_spent_choosing_strategy": 20.413167238235474, "sum_time_estimating_p_vector": 1.385460615158081, "sum_time_loading_coverings": 2.413926839828491}, "3": {"enters": 2512, "count_subgroups": 12585, "sum_estimated_prob_of_next_k": 2480.7016098901286, "sum_sr": 11600, "sum_time_spent_choosing_strategy": 3.9235174655914307, "sum_time_estimating_p_vector": 0.4103555679321289, "sum_time_loading_coverings": 0.6410109996795654}, "4": {"enters": 985, "count_subgroups": 4924, "sum_estimated_prob_of_next_k": 961.3714780106974, "sum_sr": 4317, "sum_time_spent_choosing_strategy": 1.0173749923706055, "sum_time_estimating_p_vector": 0.1629805564880371, "sum_time_loading_coverings": 0.22969698905944824}}