{"1": {"enters": 25, "count_subgroups": 4203, "sum_estimated_prob_of_next_k": 23.133980660994812, "sum_sr": 4203, "sum_time_spent_choosing_strategy": 0.05702066421508789, "sum_time_estimating_p_vector": 0.006791353225708008, "sum_time_loading_coverings": 0.013632774353027344}}