{"0": {"enters": 6, "count_subgroups": 152728, "sum_estimated_prob_of_next_k": 0, "sum_sr": 135866, "sum_time_spent_choosing_strategy": 0, "sum_time_estimating_p_vector": 0, "sum_time_loading_coverings": 0}, "1": {"enters": 16862, "count_subgroups": 84465, "sum_estimated_prob_of_next_k": 16747.283841660133, "sum_sr": 75840, "sum_time_spent_choosing_strategy": 95.12510800361633, "sum_time_estimating_p_vector": 3.3156301975250244, "sum_time_loading_coverings": 6.706334352493286}, "2": {"enters": 8625, "count_subgroups": 43558, "sum_estimated_prob_of_next_k": 8531.237923867946, "sum_sr": 38936, "sum_time_spent_choosing_strategy": 28.744613647460938, "sum_time_estimating_p_vector": 1.5966858863830566, "sum_time_loading_coverings": 2.971127986907959}, "3": {"enters": 4622, "count_subgroups": 23421, "sum_estimated_prob_of_next_k": 4559.574111264105, "sum_sr": 21386, "sum_time_spent_choosing_strategy": 9.598646879196167, "sum_time_estimating_p_vector": 0.849107027053833, "sum_time_loading_coverings": 1.40468430519104}, "4": {"enters": 2035, "count_subgroups": 10225, "sum_estimated_prob_of_next_k": 1987.5649302182176, "sum_sr": 9181, "sum_time_spent_choosing_strategy": 2.555331230163574, "sum_time_estimating_p_vector": 0.368638277053833, "sum_time_loading_coverings": 0.5560872554779053}, "5": {"enters": 1044, "count_subgroups": 5385, "sum_estimated_prob_of_next_k": 1014.9383020510005, "sum_sr": 4742, "sum_time_spent_choosing_strategy": 0.8004088401794434, "sum_time_estimating_p_vector": 0.18356108665466309, "sum_time_loading_coverings": 0.2528862953186035}, "6": {"enters": 643, "count_subgroups": 3775, "sum_estimated_prob_of_next_k": 627.3258875896902, "sum_sr": 3352, "sum_time_spent_choosing_strategy": 0.27674198150634766, "sum_time_estimating_p_vector": 0.10848307609558105, "sum_time_loading_coverings": 0.13709187507629395}, "7": {"enters": 423, "count_subgroups": 2686, "sum_estimated_prob_of_next_k": 409.4931710873888, "sum_sr": 2361, "sum_time_spent_choosing_strategy": 0.09841179847717285, "sum_time_estimating_p_vector": 0.07045459747314453, "sum_time_loading_coverings": 0.07618093490600586}, "8": {"enters": 325, "count_subgroups": 1799, "sum_estimated_prob_of_next_k": 313.2680613292549, "sum_sr": 1614, "sum_time_spent_choosing_strategy": 0.04000067710876465, "sum_time_estimating_p_vector": 0.05280566215515137, "sum_time_loading_coverings": 0.04998469352722168}, "9": {"enters": 185, "count_subgroups": 1425, "sum_estimated_prob_of_next_k": 183.3673322213982, "sum_sr": 1350, "sum_time_spent_choosing_strategy": 0.012254476547241211, "sum_time_estimating_p_vector": 0.02871561050415039, "sum_time_loading_coverings": 0.019964933395385742}, "10": {"enters": 75, "count_subgroups": 399, "sum_estimated_prob_of_next_k": 68.08863398992409, "sum_sr": 374, "sum_time_spent_choosing_strategy": 0.002439737319946289, "sum_time_estimating_p_vector": 0.011265039443969727, "sum_time_loading_coverings": 0.005781888961791992}, "11": {"enters": 25, "count_subgroups": 125, "sum_estimated_prob_of_next_k": 23.41266402241712, "sum_sr": 125, "sum_time_spent_choosing_strategy": 0.0005412101745605469, "sum_time_estimating_p_vector": 0.003641366958618164, "sum_time_loading_coverings": 0.001445770263671875}}