{"0": {"enters": 6, "count_subgroups": 152728, "sum_estimated_prob_of_next_k": 0, "sum_sr": 136548, "sum_time_spent_choosing_strategy": 0, "sum_time_estimating_p_vector": 0, "sum_time_loading_coverings": 0}, "1": {"enters": 16180, "count_subgroups": 81055, "sum_estimated_prob_of_next_k": 16070.237210073778, "sum_sr": 73293, "sum_time_spent_choosing_strategy": 98.50430870056152, "sum_time_estimating_p_vector": 3.23717999458313, "sum_time_loading_coverings": 6.422887086868286}, "2": {"enters": 7762, "count_subgroups": 39200, "sum_estimated_prob_of_next_k": 7679.928125834654, "sum_sr": 35448, "sum_time_spent_choosing_strategy": 27.78260564804077, "sum_time_estimating_p_vector": 1.491316556930542, "sum_time_loading_coverings": 2.6944048404693604}, "3": {"enters": 3752, "count_subgroups": 18986, "sum_estimated_prob_of_next_k": 3698.122878411794, "sum_sr": 17094, "sum_time_spent_choosing_strategy": 8.300919771194458, "sum_time_estimating_p_vector": 0.7132613658905029, "sum_time_loading_coverings": 1.1528618335723877}, "4": {"enters": 1892, "count_subgroups": 9488, "sum_estimated_prob_of_next_k": 1847.9600655821503, "sum_sr": 8475, "sum_time_spent_choosing_strategy": 2.533928394317627, "sum_time_estimating_p_vector": 0.35432982444763184, "sum_time_loading_coverings": 0.5184195041656494}, "5": {"enters": 1013, "count_subgroups": 5126, "sum_estimated_prob_of_next_k": 984.8729165086334, "sum_sr": 4528, "sum_time_spent_choosing_strategy": 0.8128430843353271, "sum_time_estimating_p_vector": 0.1861114501953125, "sum_time_loading_coverings": 0.2520110607147217}, "6": {"enters": 598, "count_subgroups": 3476, "sum_estimated_prob_of_next_k": 585.6788768188721, "sum_sr": 3178, "sum_time_spent_choosing_strategy": 0.2833395004272461, "sum_time_estimating_p_vector": 0.10565757751464844, "sum_time_loading_coverings": 0.13036012649536133}, "7": {"enters": 298, "count_subgroups": 1942, "sum_estimated_prob_of_next_k": 291.3307241391709, "sum_sr": 1813, "sum_time_spent_choosing_strategy": 0.07852315902709961, "sum_time_estimating_p_vector": 0.05147886276245117, "sum_time_loading_coverings": 0.05595874786376953}, "8": {"enters": 129, "count_subgroups": 690, "sum_estimated_prob_of_next_k": 124.67641363051104, "sum_sr": 646, "sum_time_spent_choosing_strategy": 0.019002914428710938, "sum_time_estimating_p_vector": 0.022223234176635742, "sum_time_loading_coverings": 0.020858287811279297}, "9": {"enters": 44, "count_subgroups": 319, "sum_estimated_prob_of_next_k": 43.58735283417338, "sum_sr": 297, "sum_time_spent_choosing_strategy": 0.0035343170166015625, "sum_time_estimating_p_vector": 0.007513284683227539, "sum_time_loading_coverings": 0.0052988529205322266}, "10": {"enters": 22, "count_subgroups": 114, "sum_estimated_prob_of_next_k": 19.84998765605493, "sum_sr": 105, "sum_time_spent_choosing_strategy": 0.0007770061492919922, "sum_time_estimating_p_vector": 0.003357410430908203, "sum_time_loading_coverings": 0.0017323493957519531}, "11": {"enters": 9, "count_subgroups": 45, "sum_estimated_prob_of_next_k": 8.405337156515568, "sum_sr": 45, "sum_time_spent_choosing_strategy": 0.0001862049102783203, "sum_time_estimating_p_vector": 0.0012993812561035156, "sum_time_loading_coverings": 0.0004856586456298828}}