{"0": {"enters": 6, "count_subgroups": 152728, "sum_estimated_prob_of_next_k": 0, "sum_sr": 136161, "sum_time_spent_choosing_strategy": 0, "sum_time_estimating_p_vector": 0, "sum_time_loading_coverings": 0}, "1": {"enters": 16567, "count_subgroups": 82970, "sum_estimated_prob_of_next_k": 16455.64103756537, "sum_sr": 74811, "sum_time_spent_choosing_strategy": 94.3844223022461, "sum_time_estimating_p_vector": 3.2666921615600586, "sum_time_loading_coverings": 6.591497898101807}, "2": {"enters": 8159, "count_subgroups": 41146, "sum_estimated_prob_of_next_k": 8075.799126740326, "sum_sr": 37493, "sum_time_spent_choosing_strategy": 27.4671630859375, "sum_time_estimating_p_vector": 1.5157229900360107, "sum_time_loading_coverings": 2.8191237449645996}, "3": {"enters": 3653, "count_subgroups": 18493, "sum_estimated_prob_of_next_k": 3603.1809934801176, "sum_sr": 16954, "sum_time_spent_choosing_strategy": 7.662838697433472, "sum_time_estimating_p_vector": 0.6757922172546387, "sum_time_loading_coverings": 1.116105556488037}, "4": {"enters": 1539, "count_subgroups": 7712, "sum_estimated_prob_of_next_k": 1503.8228916281935, "sum_sr": 6963, "sum_time_spent_choosing_strategy": 1.948502540588379, "sum_time_estimating_p_vector": 0.28119969367980957, "sum_time_loading_coverings": 0.418135404586792}, "5": {"enters": 749, "count_subgroups": 3811, "sum_estimated_prob_of_next_k": 727.3078071685421, "sum_sr": 3322, "sum_time_spent_choosing_strategy": 0.5671625137329102, "sum_time_estimating_p_vector": 0.13277053833007812, "sum_time_loading_coverings": 0.18259549140930176}, "6": {"enters": 489, "count_subgroups": 2765, "sum_estimated_prob_of_next_k": 477.5294184927562, "sum_sr": 2493, "sum_time_spent_choosing_strategy": 0.22024893760681152, "sum_time_estimating_p_vector": 0.08545327186584473, "sum_time_loading_coverings": 0.10605978965759277}, "7": {"enters": 272, "count_subgroups": 1688, "sum_estimated_prob_of_next_k": 265.95823015100507, "sum_sr": 1561, "sum_time_spent_choosing_strategy": 0.06898283958435059, "sum_time_estimating_p_vector": 0.04961895942687988, "sum_time_loading_coverings": 0.05126786231994629}, "8": {"enters": 127, "count_subgroups": 677, "sum_estimated_prob_of_next_k": 123.34151281829318, "sum_sr": 647, "sum_time_spent_choosing_strategy": 0.017913103103637695, "sum_time_estimating_p_vector": 0.02171802520751953, "sum_time_loading_coverings": 0.020325660705566406}, "9": {"enters": 30, "count_subgroups": 199, "sum_estimated_prob_of_next_k": 29.71664637427317, "sum_sr": 192, "sum_time_spent_choosing_strategy": 0.0023965835571289062, "sum_time_estimating_p_vector": 0.005282402038574219, "sum_time_loading_coverings": 0.003962278366088867}, "10": {"enters": 7, "count_subgroups": 37, "sum_estimated_prob_of_next_k": 6.711080334163827, "sum_sr": 35, "sum_time_spent_choosing_strategy": 0.00038433074951171875, "sum_time_estimating_p_vector": 0.001237630844116211, "sum_time_loading_coverings": 0.00078582763671875}, "11": {"enters": 2, "count_subgroups": 10, "sum_estimated_prob_of_next_k": 1.9089435655683875, "sum_sr": 8, "sum_time_spent_choosing_strategy": 0.00010156631469726562, "sum_time_estimating_p_vector": 0.000514984130859375, "sum_time_loading_coverings": 0.00022292137145996094}, "12": {"enters": 2, "count_subgroups": 10, "sum_estimated_prob_of_next_k": 1.9981895071883842, "sum_sr": 10, "sum_time_spent_choosing_strategy": 6.532669067382812e-05, "sum_time_estimating_p_vector": 0.00035643577575683594, "sum_time_loading_coverings": 0.00019598007202148438}}