{"0": {"enters": 6, "count_subgroups": 152728, "sum_estimated_prob_of_next_k": 0, "sum_sr": 135994, "sum_time_spent_choosing_strategy": 0, "sum_time_estimating_p_vector": 0, "sum_time_loading_coverings": 0}, "1": {"enters": 16734, "count_subgroups": 83869, "sum_estimated_prob_of_next_k": 16618.682930452418, "sum_sr": 75038, "sum_time_spent_choosing_strategy": 93.39370203018188, "sum_time_estimating_p_vector": 3.195827007293701, "sum_time_loading_coverings": 6.547798156738281}, "2": {"enters": 8831, "count_subgroups": 44574, "sum_estimated_prob_of_next_k": 8737.425117927307, "sum_sr": 40118, "sum_time_spent_choosing_strategy": 29.101587533950806, "sum_time_estimating_p_vector": 1.6191396713256836, "sum_time_loading_coverings": 3.010057210922241}, "3": {"enters": 4456, "count_subgroups": 22611, "sum_estimated_prob_of_next_k": 4396.459000867588, "sum_sr": 20676, "sum_time_spent_choosing_strategy": 9.093245029449463, "sum_time_estimating_p_vector": 0.813389778137207, "sum_time_loading_coverings": 1.357975721359253}, "4": {"enters": 1935, "count_subgroups": 9719, "sum_estimated_prob_of_next_k": 1888.1254919008022, "sum_sr": 8835, "sum_time_spent_choosing_strategy": 2.369385004043579, "sum_time_estimating_p_vector": 0.34859657287597656, "sum_time_loading_coverings": 0.5266714096069336}, "5": {"enters": 884, "count_subgroups": 4603, "sum_estimated_prob_of_next_k": 860.3069364609462, "sum_sr": 4169, "sum_time_spent_choosing_strategy": 0.6354992389678955, "sum_time_estimating_p_vector": 0.15372252464294434, "sum_time_loading_coverings": 0.21431398391723633}, "6": {"enters": 434, "count_subgroups": 2478, "sum_estimated_prob_of_next_k": 422.65417827376393, "sum_sr": 2246, "sum_time_spent_choosing_strategy": 0.1828618049621582, "sum_time_estimating_p_vector": 0.07305192947387695, "sum_time_loading_coverings": 0.09278512001037598}, "7": {"enters": 232, "count_subgroups": 1404, "sum_estimated_prob_of_next_k": 222.9019252938766, "sum_sr": 1279, "sum_time_spent_choosing_strategy": 0.054962873458862305, "sum_time_estimating_p_vector": 0.0382847785949707, "sum_time_loading_coverings": 0.04175376892089844}, "8": {"enters": 125, "count_subgroups": 673, "sum_estimated_prob_of_next_k": 120.72561212281902, "sum_sr": 614, "sum_time_spent_choosing_strategy": 0.01733088493347168, "sum_time_estimating_p_vector": 0.020416259765625, "sum_time_loading_coverings": 0.020777463912963867}, "9": {"enters": 59, "count_subgroups": 407, "sum_estimated_prob_of_next_k": 58.28392443344634, "sum_sr": 382, "sum_time_spent_choosing_strategy": 0.0046956539154052734, "sum_time_estimating_p_vector": 0.009273529052734375, "sum_time_loading_coverings": 0.007004261016845703}, "10": {"enters": 25, "count_subgroups": 145, "sum_estimated_prob_of_next_k": 23.597654857433103, "sum_sr": 123, "sum_time_spent_choosing_strategy": 0.001157999038696289, "sum_time_estimating_p_vector": 0.004216194152832031, "sum_time_loading_coverings": 0.0026133060455322266}, "11": {"enters": 22, "count_subgroups": 114, "sum_estimated_prob_of_next_k": 21.554611327515605, "sum_sr": 108, "sum_time_spent_choosing_strategy": 0.0006859302520751953, "sum_time_estimating_p_vector": 0.003905057907104492, "sum_time_loading_coverings": 0.0017437934875488281}, "12": {"enters": 6, "count_subgroups": 30, "sum_estimated_prob_of_next_k": 5.999555706984248, "sum_sr": 30, "sum_time_spent_choosing_strategy": 0.00019049644470214844, "sum_time_estimating_p_vector": 0.0010979175567626953, "sum_time_loading_coverings": 0.0005342960357666016}}