{"0": {"enters": 6, "count_subgroups": 152728, "sum_estimated_prob_of_next_k": 0, "sum_sr": 136329, "sum_time_spent_choosing_strategy": 0, "sum_time_estimating_p_vector": 0, "sum_time_loading_coverings": 0}, "1": {"enters": 16399, "count_subgroups": 82187, "sum_estimated_prob_of_next_k": 16283.1024608278, "sum_sr": 74130, "sum_time_spent_choosing_strategy": 93.48135709762573, "sum_time_estimating_p_vector": 3.2184226512908936, "sum_time_loading_coverings": 6.6424267292022705}, "2": {"enters": 8057, "count_subgroups": 40731, "sum_estimated_prob_of_next_k": 7965.378632582765, "sum_sr": 36697, "sum_time_spent_choosing_strategy": 27.736066341400146, "sum_time_estimating_p_vector": 1.4787886142730713, "sum_time_loading_coverings": 2.765610456466675}, "3": {"enters": 4034, "count_subgroups": 20494, "sum_estimated_prob_of_next_k": 3974.4110705024486, "sum_sr": 18621, "sum_time_spent_choosing_strategy": 8.346230030059814, "sum_time_estimating_p_vector": 0.7305047512054443, "sum_time_loading_coverings": 1.225447177886963}, "4": {"enters": 1873, "count_subgroups": 9397, "sum_estimated_prob_of_next_k": 1826.4290447737278, "sum_sr": 8527, "sum_time_spent_choosing_strategy": 2.322390556335449, "sum_time_estimating_p_vector": 0.33299732208251953, "sum_time_loading_coverings": 0.5071990489959717}, "5": {"enters": 870, "count_subgroups": 4500, "sum_estimated_prob_of_next_k": 847.2216953298624, "sum_sr": 4060, "sum_time_spent_choosing_strategy": 0.6355326175689697, "sum_time_estimating_p_vector": 0.15018796920776367, "sum_time_loading_coverings": 0.20787763595581055}, "6": {"enters": 440, "count_subgroups": 2485, "sum_estimated_prob_of_next_k": 428.5034198320712, "sum_sr": 2250, "sum_time_spent_choosing_strategy": 0.19251465797424316, "sum_time_estimating_p_vector": 0.07524299621582031, "sum_time_loading_coverings": 0.09242606163024902}, "7": {"enters": 235, "count_subgroups": 1400, "sum_estimated_prob_of_next_k": 226.83562585649392, "sum_sr": 1270, "sum_time_spent_choosing_strategy": 0.05660820007324219, "sum_time_estimating_p_vector": 0.03922581672668457, "sum_time_loading_coverings": 0.04373884201049805}, "8": {"enters": 130, "count_subgroups": 694, "sum_estimated_prob_of_next_k": 125.98020378650482, "sum_sr": 624, "sum_time_spent_choosing_strategy": 0.018436670303344727, "sum_time_estimating_p_vector": 0.021904945373535156, "sum_time_loading_coverings": 0.020626068115234375}, "9": {"enters": 70, "count_subgroups": 439, "sum_estimated_prob_of_next_k": 69.2013836590768, "sum_sr": 406, "sum_time_spent_choosing_strategy": 0.0063784122467041016, "sum_time_estimating_p_vector": 0.011775732040405273, "sum_time_loading_coverings": 0.009101152420043945}, "10": {"enters": 33, "count_subgroups": 193, "sum_estimated_prob_of_next_k": 32.06452985717495, "sum_sr": 169, "sum_time_spent_choosing_strategy": 0.0018084049224853516, "sum_time_estimating_p_vector": 0.005987882614135742, "sum_time_loading_coverings": 0.0035750865936279297}, "11": {"enters": 24, "count_subgroups": 128, "sum_estimated_prob_of_next_k": 23.711513306523692, "sum_sr": 110, "sum_time_spent_choosing_strategy": 0.001056671142578125, "sum_time_estimating_p_vector": 0.004217386245727539, "sum_time_loading_coverings": 0.0023996829986572266}, "12": {"enters": 18, "count_subgroups": 90, "sum_estimated_prob_of_next_k": 17.62518177011887, "sum_sr": 90, "sum_time_spent_choosing_strategy": 0.0005681514739990234, "sum_time_estimating_p_vector": 0.0032138824462890625, "sum_time_loading_coverings": 0.0015311241149902344}}