{"0": {"enters": 6, "count_subgroups": 152728, "sum_estimated_prob_of_next_k": 0, "sum_sr": 137488, "sum_time_spent_choosing_strategy": 0, "sum_time_estimating_p_vector": 0, "sum_time_loading_coverings": 0}, "1": {"enters": 15240, "count_subgroups": 76346, "sum_estimated_prob_of_next_k": 15137.798315436617, "sum_sr": 69323, "sum_time_spent_choosing_strategy": 86.8452296257019, "sum_time_estimating_p_vector": 2.96947979927063, "sum_time_loading_coverings": 5.9879469871521}, "2": {"enters": 7023, "count_subgroups": 35466, "sum_estimated_prob_of_next_k": 6945.365806866192, "sum_sr": 32299, "sum_time_spent_choosing_strategy": 23.4463529586792, "sum_time_estimating_p_vector": 1.3116886615753174, "sum_time_loading_coverings": 2.4114277362823486}, "3": {"enters": 3167, "count_subgroups": 16054, "sum_estimated_prob_of_next_k": 3124.1795980395036, "sum_sr": 14779, "sum_time_spent_choosing_strategy": 6.563734292984009, "sum_time_estimating_p_vector": 0.5925545692443848, "sum_time_loading_coverings": 0.9686174392700195}, "4": {"enters": 1275, "count_subgroups": 6403, "sum_estimated_prob_of_next_k": 1243.8433458686552, "sum_sr": 5861, "sum_time_spent_choosing_strategy": 1.5918724536895752, "sum_time_estimating_p_vector": 0.23277997970581055, "sum_time_loading_coverings": 0.34769654273986816}, "5": {"enters": 542, "count_subgroups": 2828, "sum_estimated_prob_of_next_k": 526.8838298115628, "sum_sr": 2543, "sum_time_spent_choosing_strategy": 0.39234256744384766, "sum_time_estimating_p_vector": 0.09599113464355469, "sum_time_loading_coverings": 0.1321549415588379}, "6": {"enters": 285, "count_subgroups": 1643, "sum_estimated_prob_of_next_k": 277.1233499988365, "sum_sr": 1488, "sum_time_spent_choosing_strategy": 0.1155843734741211, "sum_time_estimating_p_vector": 0.04876089096069336, "sum_time_loading_coverings": 0.05986833572387695}, "7": {"enters": 155, "count_subgroups": 867, "sum_estimated_prob_of_next_k": 145.29861517453108, "sum_sr": 763, "sum_time_spent_choosing_strategy": 0.033240318298339844, "sum_time_estimating_p_vector": 0.025124788284301758, "sum_time_loading_coverings": 0.026890039443969727}, "8": {"enters": 104, "count_subgroups": 601, "sum_estimated_prob_of_next_k": 100.1295482757362, "sum_sr": 535, "sum_time_spent_choosing_strategy": 0.011571407318115234, "sum_time_estimating_p_vector": 0.015978097915649414, "sum_time_loading_coverings": 0.014663934707641602}, "9": {"enters": 66, "count_subgroups": 561, "sum_estimated_prob_of_next_k": 65.3232231504645, "sum_sr": 534, "sum_time_spent_choosing_strategy": 0.0037648677825927734, "sum_time_estimating_p_vector": 0.009740829467773438, "sum_time_loading_coverings": 0.006494283676147461}, "10": {"enters": 27, "count_subgroups": 135, "sum_estimated_prob_of_next_k": 25.208871801129856, "sum_sr": 135, "sum_time_spent_choosing_strategy": 0.0006213188171386719, "sum_time_estimating_p_vector": 0.003969669342041016, "sum_time_loading_coverings": 0.0017960071563720703}}