{"0": {"enters": 6, "count_subgroups": 152728, "sum_estimated_prob_of_next_k": 0, "sum_sr": 136634, "sum_time_spent_choosing_strategy": 0, "sum_time_estimating_p_vector": 0, "sum_time_loading_coverings": 0}, "1": {"enters": 16094, "count_subgroups": 80616, "sum_estimated_prob_of_next_k": 15984.173137152766, "sum_sr": 72850, "sum_time_spent_choosing_strategy": 91.5030345916748, "sum_time_estimating_p_vector": 3.185417890548706, "sum_time_loading_coverings": 6.5103394985198975}, "2": {"enters": 7766, "count_subgroups": 39217, "sum_estimated_prob_of_next_k": 7681.4408443382, "sum_sr": 35305, "sum_time_spent_choosing_strategy": 26.065351247787476, "sum_time_estimating_p_vector": 1.44535231590271, "sum_time_loading_coverings": 2.7098488807678223}, "3": {"enters": 3912, "count_subgroups": 19806, "sum_estimated_prob_of_next_k": 3859.5000735146687, "sum_sr": 18038, "sum_time_spent_choosing_strategy": 8.144489526748657, "sum_time_estimating_p_vector": 0.7220625877380371, "sum_time_loading_coverings": 1.2021880149841309}, "4": {"enters": 1768, "count_subgroups": 8871, "sum_estimated_prob_of_next_k": 1723.9488422075294, "sum_sr": 7947, "sum_time_spent_choosing_strategy": 2.207345724105835, "sum_time_estimating_p_vector": 0.3209981918334961, "sum_time_loading_coverings": 0.48717737197875977}, "5": {"enters": 924, "count_subgroups": 4778, "sum_estimated_prob_of_next_k": 897.481812795692, "sum_sr": 4260, "sum_time_spent_choosing_strategy": 0.6787674427032471, "sum_time_estimating_p_vector": 0.16288208961486816, "sum_time_loading_coverings": 0.22250962257385254}, "6": {"enters": 518, "count_subgroups": 3003, "sum_estimated_prob_of_next_k": 506.7194894925831, "sum_sr": 2754, "sum_time_spent_choosing_strategy": 0.2243337631225586, "sum_time_estimating_p_vector": 0.0888519287109375, "sum_time_loading_coverings": 0.11074018478393555}, "7": {"enters": 249, "count_subgroups": 1534, "sum_estimated_prob_of_next_k": 241.42983196502527, "sum_sr": 1408, "sum_time_spent_choosing_strategy": 0.060138702392578125, "sum_time_estimating_p_vector": 0.041893959045410156, "sum_time_loading_coverings": 0.04726839065551758}, "8": {"enters": 126, "count_subgroups": 673, "sum_estimated_prob_of_next_k": 121.54112706248968, "sum_sr": 606, "sum_time_spent_choosing_strategy": 0.017417192459106445, "sum_time_estimating_p_vector": 0.020732641220092773, "sum_time_loading_coverings": 0.02080392837524414}, "9": {"enters": 67, "count_subgroups": 463, "sum_estimated_prob_of_next_k": 66.18983924474881, "sum_sr": 433, "sum_time_spent_choosing_strategy": 0.005251646041870117, "sum_time_estimating_p_vector": 0.011136054992675781, "sum_time_loading_coverings": 0.00792551040649414}, "10": {"enters": 30, "count_subgroups": 184, "sum_estimated_prob_of_next_k": 28.801855358305104, "sum_sr": 159, "sum_time_spent_choosing_strategy": 0.0013544559478759766, "sum_time_estimating_p_vector": 0.00510716438293457, "sum_time_loading_coverings": 0.0029451847076416016}, "11": {"enters": 25, "count_subgroups": 125, "sum_estimated_prob_of_next_k": 24.822312124275033, "sum_sr": 104, "sum_time_spent_choosing_strategy": 0.0008075237274169922, "sum_time_estimating_p_vector": 0.0045588016510009766, "sum_time_loading_coverings": 0.002234220504760742}, "12": {"enters": 21, "count_subgroups": 105, "sum_estimated_prob_of_next_k": 20.994467818975494, "sum_sr": 99, "sum_time_spent_choosing_strategy": 0.0005130767822265625, "sum_time_estimating_p_vector": 0.004057645797729492, "sum_time_loading_coverings": 0.0013651847839355469}, "13": {"enters": 6, "count_subgroups": 30, "sum_estimated_prob_of_next_k": 5.9999813626821625, "sum_sr": 30, "sum_time_spent_choosing_strategy": 0.00011324882507324219, "sum_time_estimating_p_vector": 0.0010802745819091797, "sum_time_loading_coverings": 0.0003266334533691406}}