{"0": {"enters": 6, "count_subgroups": 152728, "sum_estimated_prob_of_next_k": 0, "sum_sr": 135583, "sum_time_spent_choosing_strategy": 0, "sum_time_estimating_p_vector": 0, "sum_time_loading_coverings": 0}, "1": {"enters": 17145, "count_subgroups": 85935, "sum_estimated_prob_of_next_k": 17018.560144362586, "sum_sr": 77140, "sum_time_spent_choosing_strategy": 97.26081562042236, "sum_time_estimating_p_vector": 3.371328115463257, "sum_time_loading_coverings": 6.630690813064575}, "2": {"enters": 8795, "count_subgroups": 44472, "sum_estimated_prob_of_next_k": 8696.678064173517, "sum_sr": 40108, "sum_time_spent_choosing_strategy": 29.388206243515015, "sum_time_estimating_p_vector": 1.6618194580078125, "sum_time_loading_coverings": 2.9741992950439453}, "3": {"enters": 4364, "count_subgroups": 22088, "sum_estimated_prob_of_next_k": 4303.219538699428, "sum_sr": 20117, "sum_time_spent_choosing_strategy": 9.070758581161499, "sum_time_estimating_p_vector": 0.8183636665344238, "sum_time_loading_coverings": 1.309169054031372}, "4": {"enters": 1971, "count_subgroups": 9881, "sum_estimated_prob_of_next_k": 1920.4287831211127, "sum_sr": 8828, "sum_time_spent_choosing_strategy": 2.451594829559326, "sum_time_estimating_p_vector": 0.3596200942993164, "sum_time_loading_coverings": 0.5251574516296387}, "5": {"enters": 1053, "count_subgroups": 5522, "sum_estimated_prob_of_next_k": 1023.7845031801988, "sum_sr": 4869, "sum_time_spent_choosing_strategy": 0.7532243728637695, "sum_time_estimating_p_vector": 0.18509483337402344, "sum_time_loading_coverings": 0.24897265434265137}, "6": {"enters": 653, "count_subgroups": 3813, "sum_estimated_prob_of_next_k": 635.1248488958946, "sum_sr": 3401, "sum_time_spent_choosing_strategy": 0.26070690155029297, "sum_time_estimating_p_vector": 0.11013007164001465, "sum_time_loading_coverings": 0.13215136528015137}, "7": {"enters": 412, "count_subgroups": 2339, "sum_estimated_prob_of_next_k": 390.0689567640693, "sum_sr": 2051, "sum_time_spent_choosing_strategy": 0.0903928279876709, "sum_time_estimating_p_vector": 0.06720852851867676, "sum_time_loading_coverings": 0.07130622863769531}, "8": {"enters": 288, "count_subgroups": 1607, "sum_estimated_prob_of_next_k": 278.40569661794285, "sum_sr": 1440, "sum_time_spent_choosing_strategy": 0.035032033920288086, "sum_time_estimating_p_vector": 0.04523801803588867, "sum_time_loading_coverings": 0.041936397552490234}, "9": {"enters": 167, "count_subgroups": 1250, "sum_estimated_prob_of_next_k": 165.19176119636097, "sum_sr": 1178, "sum_time_spent_choosing_strategy": 0.01105499267578125, "sum_time_estimating_p_vector": 0.02547144889831543, "sum_time_loading_coverings": 0.01764059066772461}, "10": {"enters": 72, "count_subgroups": 404, "sum_estimated_prob_of_next_k": 67.64631903523453, "sum_sr": 375, "sum_time_spent_choosing_strategy": 0.0027594566345214844, "sum_time_estimating_p_vector": 0.011554479598999023, "sum_time_loading_coverings": 0.006482362747192383}, "11": {"enters": 29, "count_subgroups": 145, "sum_estimated_prob_of_next_k": 27.604184754398638, "sum_sr": 138, "sum_time_spent_choosing_strategy": 0.0008068084716796875, "sum_time_estimating_p_vector": 0.004658937454223633, "sum_time_loading_coverings": 0.002125263214111328}, "12": {"enters": 7, "count_subgroups": 35, "sum_estimated_prob_of_next_k": 6.8720146336816885, "sum_sr": 35, "sum_time_spent_choosing_strategy": 0.00017642974853515625, "sum_time_estimating_p_vector": 0.001249074935913086, "sum_time_loading_coverings": 0.00048542022705078125}}