{"0": {"enters": 4, "count_subgroups": 565338, "sum_estimated_prob_of_next_k": 0, "sum_sr": 512022, "sum_time_spent_choosing_strategy": 0, "sum_time_estimating_p_vector": 0, "sum_time_loading_coverings": 0}, "1": {"enters": 53316, "count_subgroups": 333582, "sum_estimated_prob_of_next_k": 52493.73007558985, "sum_sr": 315974, "sum_time_spent_choosing_strategy": 709.955775976181, "sum_time_estimating_p_vector": 7.929014444351196, "sum_time_loading_coverings": 31.981163263320923}, "2": {"enters": 17608, "count_subgroups": 111406, "sum_estimated_prob_of_next_k": 17380.947150753607, "sum_sr": 98100, "sum_time_spent_choosing_strategy": 145.95321655273438, "sum_time_estimating_p_vector": 2.5296847820281982, "sum_time_loading_coverings": 8.900716066360474}, "3": {"enters": 13306, "count_subgroups": 80315, "sum_estimated_prob_of_next_k": 13271.852551952175, "sum_sr": 61048, "sum_time_spent_choosing_strategy": 66.87770485877991, "sum_time_estimating_p_vector": 1.9102084636688232, "sum_time_loading_coverings": 5.853032827377319}, "4": {"enters": 19267, "count_subgroups": 115821, "sum_estimated_prob_of_next_k": 19241.78399622181, "sum_sr": 103529, "sum_time_spent_choosing_strategy": 65.44871091842651, "sum_time_estimating_p_vector": 2.7591450214385986, "sum_time_loading_coverings": 7.697492599487305}, "5": {"enters": 12292, "count_subgroups": 74002, "sum_estimated_prob_of_next_k": 12270.19112561328, "sum_sr": 69509, "sum_time_spent_choosing_strategy": 27.646311283111572, "sum_time_estimating_p_vector": 1.7602381706237793, "sum_time_loading_coverings": 4.316366910934448}, "6": {"enters": 4493, "count_subgroups": 27224, "sum_estimated_prob_of_next_k": 4474.90743518052, "sum_sr": 25812, "sum_time_spent_choosing_strategy": 6.610795974731445, "sum_time_estimating_p_vector": 0.6418476104736328, "sum_time_loading_coverings": 1.400627613067627}, "7": {"enters": 1412, "count_subgroups": 8854, "sum_estimated_prob_of_next_k": 1397.5337442031068, "sum_sr": 8394, "sum_time_spent_choosing_strategy": 1.3793094158172607, "sum_time_estimating_p_vector": 0.20071148872375488, "sum_time_loading_coverings": 0.3911619186401367}, "8": {"enters": 460, "count_subgroups": 2952, "sum_estimated_prob_of_next_k": 453.8961853390889, "sum_sr": 2862, "sum_time_spent_choosing_strategy": 0.30509185791015625, "sum_time_estimating_p_vector": 0.06495904922485352, "sum_time_loading_coverings": 0.11113953590393066}, "9": {"enters": 90, "count_subgroups": 630, "sum_estimated_prob_of_next_k": 87.92007007535726, "sum_sr": 619, "sum_time_spent_choosing_strategy": 0.03955864906311035, "sum_time_estimating_p_vector": 0.012847900390625, "sum_time_loading_coverings": 0.019292593002319336}, "10": {"enters": 11, "count_subgroups": 80, "sum_estimated_prob_of_next_k": 10.714735351271157, "sum_sr": 80, "sum_time_spent_choosing_strategy": 0.0035915374755859375, "sum_time_estimating_p_vector": 0.0015304088592529297, "sum_time_loading_coverings": 0.0021750926971435547}}