{"0": {"enters": 4, "count_subgroups": 563382, "sum_estimated_prob_of_next_k": 0, "sum_sr": 510097, "sum_time_spent_choosing_strategy": 0, "sum_time_estimating_p_vector": 0, "sum_time_loading_coverings": 0}, "1": {"enters": 53285, "count_subgroups": 332758, "sum_estimated_prob_of_next_k": 52486.270340548814, "sum_sr": 315838, "sum_time_spent_choosing_strategy": 706.7170009613037, "sum_time_estimating_p_vector": 7.87172794342041, "sum_time_loading_coverings": 32.04720330238342}, "2": {"enters": 16920, "count_subgroups": 106770, "sum_estimated_prob_of_next_k": 16700.0245698913, "sum_sr": 93146, "sum_time_spent_choosing_strategy": 139.90012526512146, "sum_time_estimating_p_vector": 2.425528049468994, "sum_time_loading_coverings": 8.54140567779541}, "3": {"enters": 13624, "count_subgroups": 82276, "sum_estimated_prob_of_next_k": 13591.591622791244, "sum_sr": 62483, "sum_time_spent_choosing_strategy": 68.58356523513794, "sum_time_estimating_p_vector": 1.9410159587860107, "sum_time_loading_coverings": 6.0067126750946045}, "4": {"enters": 19793, "count_subgroups": 118994, "sum_estimated_prob_of_next_k": 19766.79852328197, "sum_sr": 107358, "sum_time_spent_choosing_strategy": 67.15635871887207, "sum_time_estimating_p_vector": 2.8229758739471436, "sum_time_loading_coverings": 7.920681953430176}, "5": {"enters": 11636, "count_subgroups": 70082, "sum_estimated_prob_of_next_k": 11613.582083700723, "sum_sr": 66054, "sum_time_spent_choosing_strategy": 26.090883255004883, "sum_time_estimating_p_vector": 1.6551122665405273, "sum_time_loading_coverings": 4.100804090499878}, "6": {"enters": 4028, "count_subgroups": 24362, "sum_estimated_prob_of_next_k": 4012.3707624735507, "sum_sr": 23267, "sum_time_spent_choosing_strategy": 5.932973861694336, "sum_time_estimating_p_vector": 0.5727455615997314, "sum_time_loading_coverings": 1.268263816833496}, "7": {"enters": 1095, "count_subgroups": 6758, "sum_estimated_prob_of_next_k": 1086.3531339012175, "sum_sr": 6498, "sum_time_spent_choosing_strategy": 1.0731189250946045, "sum_time_estimating_p_vector": 0.15489888191223145, "sum_time_loading_coverings": 0.3091304302215576}, "8": {"enters": 260, "count_subgroups": 1631, "sum_estimated_prob_of_next_k": 257.4169806047913, "sum_sr": 1597, "sum_time_spent_choosing_strategy": 0.17901825904846191, "sum_time_estimating_p_vector": 0.03703141212463379, "sum_time_loading_coverings": 0.06610298156738281}, "9": {"enters": 34, "count_subgroups": 224, "sum_estimated_prob_of_next_k": 33.317449087447685, "sum_sr": 223, "sum_time_spent_choosing_strategy": 0.015131235122680664, "sum_time_estimating_p_vector": 0.004822969436645508, "sum_time_loading_coverings": 0.007518768310546875}, "10": {"enters": 1, "count_subgroups": 6, "sum_estimated_prob_of_next_k": 0.9946895765626006, "sum_sr": 5, "sum_time_spent_choosing_strategy": 0.00029730796813964844, "sum_time_estimating_p_vector": 0.00014019012451171875, "sum_time_loading_coverings": 0.00020074844360351562}, "11": {"enters": 1, "count_subgroups": 6, "sum_estimated_prob_of_next_k": 0.9858538117452793, "sum_sr": 6, "sum_time_spent_choosing_strategy": 0.00018739700317382812, "sum_time_estimating_p_vector": 0.00013756752014160156, "sum_time_loading_coverings": 0.00016498565673828125}}