{"0": {"enters": 4, "count_subgroups": 573339, "sum_estimated_prob_of_next_k": 0, "sum_sr": 519776, "sum_time_spent_choosing_strategy": 0, "sum_time_estimating_p_vector": 0, "sum_time_loading_coverings": 0}, "1": {"enters": 53563, "count_subgroups": 333939, "sum_estimated_prob_of_next_k": 52774.39207988829, "sum_sr": 317353, "sum_time_spent_choosing_strategy": 715.2231140136719, "sum_time_estimating_p_vector": 8.080119371414185, "sum_time_loading_coverings": 32.02115797996521}, "2": {"enters": 16586, "count_subgroups": 104497, "sum_estimated_prob_of_next_k": 16383.82449322379, "sum_sr": 90970, "sum_time_spent_choosing_strategy": 136.1754310131073, "sum_time_estimating_p_vector": 2.4110233783721924, "sum_time_loading_coverings": 8.305951595306396}, "3": {"enters": 13527, "count_subgroups": 81682, "sum_estimated_prob_of_next_k": 13494.184796117743, "sum_sr": 62230, "sum_time_spent_choosing_strategy": 68.39363217353821, "sum_time_estimating_p_vector": 1.965527057647705, "sum_time_loading_coverings": 5.9526591300964355}, "4": {"enters": 19452, "count_subgroups": 116962, "sum_estimated_prob_of_next_k": 19426.012130217543, "sum_sr": 104941, "sum_time_spent_choosing_strategy": 66.68218803405762, "sum_time_estimating_p_vector": 2.8251070976257324, "sum_time_loading_coverings": 7.802413702011108}, "5": {"enters": 12021, "count_subgroups": 72410, "sum_estimated_prob_of_next_k": 11999.633874754885, "sum_sr": 68166, "sum_time_spent_choosing_strategy": 27.6353657245636, "sum_time_estimating_p_vector": 1.7426679134368896, "sum_time_loading_coverings": 4.274040222167969}, "6": {"enters": 4244, "count_subgroups": 25643, "sum_estimated_prob_of_next_k": 4228.365715003255, "sum_sr": 24263, "sum_time_spent_choosing_strategy": 6.528090476989746, "sum_time_estimating_p_vector": 0.6112182140350342, "sum_time_loading_coverings": 1.3547899723052979}, "7": {"enters": 1380, "count_subgroups": 8502, "sum_estimated_prob_of_next_k": 1368.9642141659913, "sum_sr": 8035, "sum_time_spent_choosing_strategy": 1.4444634914398193, "sum_time_estimating_p_vector": 0.19963669776916504, "sum_time_loading_coverings": 0.3942441940307617}, "8": {"enters": 467, "count_subgroups": 2887, "sum_estimated_prob_of_next_k": 462.8226822506846, "sum_sr": 2797, "sum_time_spent_choosing_strategy": 0.33653831481933594, "sum_time_estimating_p_vector": 0.06730914115905762, "sum_time_loading_coverings": 0.1190800666809082}, "9": {"enters": 90, "count_subgroups": 599, "sum_estimated_prob_of_next_k": 88.60818239912322, "sum_sr": 586, "sum_time_spent_choosing_strategy": 0.042653560638427734, "sum_time_estimating_p_vector": 0.012923240661621094, "sum_time_loading_coverings": 0.020186901092529297}, "10": {"enters": 13, "count_subgroups": 78, "sum_estimated_prob_of_next_k": 12.657869751299053, "sum_sr": 76, "sum_time_spent_choosing_strategy": 0.004252195358276367, "sum_time_estimating_p_vector": 0.0018432140350341797, "sum_time_loading_coverings": 0.002763032913208008}, "11": {"enters": 2, "count_subgroups": 12, "sum_estimated_prob_of_next_k": 1.869270176564028, "sum_sr": 12, "sum_time_spent_choosing_strategy": 0.00038361549377441406, "sum_time_estimating_p_vector": 0.0002810955047607422, "sum_time_loading_coverings": 0.00030803680419921875}}