{"0": {"enters": 8, "count_subgroups": 23664, "sum_estimated_prob_of_next_k": 0, "sum_sr": 21729, "sum_time_spent_choosing_strategy": 0, "sum_time_estimating_p_vector": 0, "sum_time_loading_coverings": 0}, "1": {"enters": 1935, "count_subgroups": 11679, "sum_estimated_prob_of_next_k": 1911.9930444204008, "sum_sr": 10670, "sum_time_spent_choosing_strategy": 10.17644190788269, "sum_time_estimating_p_vector": 0.7375710010528564, "sum_time_loading_coverings": 1.1157212257385254}, "2": {"enters": 1009, "count_subgroups": 6421, "sum_estimated_prob_of_next_k": 988.8872264045032, "sum_sr": 5500, "sum_time_spent_choosing_strategy": 3.712844133377075, "sum_time_estimating_p_vector": 0.3298161029815674, "sum_time_loading_coverings": 0.5186688899993896}, "3": {"enters": 921, "count_subgroups": 5603, "sum_estimated_prob_of_next_k": 913.9158662702378, "sum_sr": 3488, "sum_time_spent_choosing_strategy": 3.127856731414795, "sum_time_estimating_p_vector": 0.37595582008361816, "sum_time_loading_coverings": 0.4886457920074463}}