{"0": {"enters": 8, "count_subgroups": 23570, "sum_estimated_prob_of_next_k": 0, "sum_sr": 21546, "sum_time_spent_choosing_strategy": 0, "sum_time_estimating_p_vector": 0, "sum_time_loading_coverings": 0}, "1": {"enters": 2024, "count_subgroups": 12234, "sum_estimated_prob_of_next_k": 1998.234748759559, "sum_sr": 11032, "sum_time_spent_choosing_strategy": 10.516302824020386, "sum_time_estimating_p_vector": 0.7686774730682373, "sum_time_loading_coverings": 1.145911693572998}, "2": {"enters": 1202, "count_subgroups": 7667, "sum_estimated_prob_of_next_k": 1181.3941070715211, "sum_sr": 6253, "sum_time_spent_choosing_strategy": 4.687342643737793, "sum_time_estimating_p_vector": 0.38826417922973633, "sum_time_loading_coverings": 0.6177158355712891}, "3": {"enters": 1414, "count_subgroups": 8550, "sum_estimated_prob_of_next_k": 1407.3017790542765, "sum_sr": 6237, "sum_time_spent_choosing_strategy": 5.023871898651123, "sum_time_estimating_p_vector": 0.5194394588470459, "sum_time_loading_coverings": 0.7408757209777832}}