{"0": {"enters": 8, "count_subgroups": 23392, "sum_estimated_prob_of_next_k": 0, "sum_sr": 21444, "sum_time_spent_choosing_strategy": 0, "sum_time_estimating_p_vector": 0, "sum_time_loading_coverings": 0}, "1": {"enters": 1948, "count_subgroups": 11811, "sum_estimated_prob_of_next_k": 1924.3658118280616, "sum_sr": 10708, "sum_time_spent_choosing_strategy": 10.250549077987671, "sum_time_estimating_p_vector": 0.7556636333465576, "sum_time_loading_coverings": 1.1209378242492676}, "2": {"enters": 1103, "count_subgroups": 7012, "sum_estimated_prob_of_next_k": 1080.6436060249148, "sum_sr": 5799, "sum_time_spent_choosing_strategy": 4.240161895751953, "sum_time_estimating_p_vector": 0.3677253723144531, "sum_time_loading_coverings": 0.5757570266723633}, "3": {"enters": 1213, "count_subgroups": 7337, "sum_estimated_prob_of_next_k": 1204.5517844163498, "sum_sr": 5102, "sum_time_spent_choosing_strategy": 4.260621070861816, "sum_time_estimating_p_vector": 0.4811863899230957, "sum_time_loading_coverings": 0.6481623649597168}}