{"0": {"enters": 8, "count_subgroups": 24160, "sum_estimated_prob_of_next_k": 0, "sum_sr": 22170, "sum_time_spent_choosing_strategy": 0, "sum_time_estimating_p_vector": 0, "sum_time_loading_coverings": 0}, "1": {"enters": 1990, "count_subgroups": 11993, "sum_estimated_prob_of_next_k": 1968.358832158679, "sum_sr": 11133, "sum_time_spent_choosing_strategy": 10.106003761291504, "sum_time_estimating_p_vector": 0.7696089744567871, "sum_time_loading_coverings": 1.1473379135131836}, "2": {"enters": 860, "count_subgroups": 5471, "sum_estimated_prob_of_next_k": 841.4580786403774, "sum_sr": 4741, "sum_time_spent_choosing_strategy": 2.9736695289611816, "sum_time_estimating_p_vector": 0.28024744987487793, "sum_time_loading_coverings": 0.4418604373931885}, "3": {"enters": 730, "count_subgroups": 4522, "sum_estimated_prob_of_next_k": 720.5946761243423, "sum_sr": 2587, "sum_time_spent_choosing_strategy": 2.1260812282562256, "sum_time_estimating_p_vector": 0.3121206760406494, "sum_time_loading_coverings": 0.3817713260650635}}