{"0": {"enters": 8, "count_subgroups": 23063, "sum_estimated_prob_of_next_k": 0, "sum_sr": 21077, "sum_time_spent_choosing_strategy": 0, "sum_time_estimating_p_vector": 0, "sum_time_loading_coverings": 0}, "1": {"enters": 1986, "count_subgroups": 11992, "sum_estimated_prob_of_next_k": 1960.5895336619878, "sum_sr": 10870, "sum_time_spent_choosing_strategy": 10.135966777801514, "sum_time_estimating_p_vector": 0.765174150466919, "sum_time_loading_coverings": 1.1289582252502441}, "2": {"enters": 1122, "count_subgroups": 7080, "sum_estimated_prob_of_next_k": 1101.1438575906623, "sum_sr": 5993, "sum_time_spent_choosing_strategy": 4.171252250671387, "sum_time_estimating_p_vector": 0.3623182773590088, "sum_time_loading_coverings": 0.572533130645752}, "3": {"enters": 1087, "count_subgroups": 6617, "sum_estimated_prob_of_next_k": 1079.3007556907214, "sum_sr": 4435, "sum_time_spent_choosing_strategy": 3.6746580600738525, "sum_time_estimating_p_vector": 0.43381404876708984, "sum_time_loading_coverings": 0.5736539363861084}}