{"0": {"enters": 8, "count_subgroups": 23602, "sum_estimated_prob_of_next_k": 0, "sum_sr": 21511, "sum_time_spent_choosing_strategy": 0, "sum_time_estimating_p_vector": 0, "sum_time_loading_coverings": 0}, "1": {"enters": 2091, "count_subgroups": 12622, "sum_estimated_prob_of_next_k": 2066.321874642493, "sum_sr": 11496, "sum_time_spent_choosing_strategy": 11.016546964645386, "sum_time_estimating_p_vector": 0.807837963104248, "sum_time_loading_coverings": 1.2030484676361084}, "2": {"enters": 1126, "count_subgroups": 7081, "sum_estimated_prob_of_next_k": 1105.8173628723646, "sum_sr": 5644, "sum_time_spent_choosing_strategy": 4.289756536483765, "sum_time_estimating_p_vector": 0.3688066005706787, "sum_time_loading_coverings": 0.5823564529418945}, "3": {"enters": 1437, "count_subgroups": 8697, "sum_estimated_prob_of_next_k": 1427.7160710115495, "sum_sr": 6116, "sum_time_spent_choosing_strategy": 4.781372547149658, "sum_time_estimating_p_vector": 0.5373935699462891, "sum_time_loading_coverings": 0.7463047504425049}}