{"0": {"enters": 8, "count_subgroups": 23728, "sum_estimated_prob_of_next_k": 0, "sum_sr": 21793, "sum_time_spent_choosing_strategy": 0, "sum_time_estimating_p_vector": 0, "sum_time_loading_coverings": 0}, "1": {"enters": 1935, "count_subgroups": 11684, "sum_estimated_prob_of_next_k": 1913.4823199802997, "sum_sr": 10613, "sum_time_spent_choosing_strategy": 9.807897090911865, "sum_time_estimating_p_vector": 0.7225215435028076, "sum_time_loading_coverings": 1.0995891094207764}, "2": {"enters": 1071, "count_subgroups": 6828, "sum_estimated_prob_of_next_k": 1051.5602575125038, "sum_sr": 5619, "sum_time_spent_choosing_strategy": 3.8988537788391113, "sum_time_estimating_p_vector": 0.3347349166870117, "sum_time_loading_coverings": 0.5422546863555908}, "3": {"enters": 1209, "count_subgroups": 7368, "sum_estimated_prob_of_next_k": 1200.348836662199, "sum_sr": 5246, "sum_time_spent_choosing_strategy": 3.8850033283233643, "sum_time_estimating_p_vector": 0.45325183868408203, "sum_time_loading_coverings": 0.6337301731109619}}