{"0": {"enters": 8, "count_subgroups": 22875, "sum_estimated_prob_of_next_k": 0, "sum_sr": 20976, "sum_time_spent_choosing_strategy": 0, "sum_time_estimating_p_vector": 0, "sum_time_loading_coverings": 0}, "1": {"enters": 1899, "count_subgroups": 11472, "sum_estimated_prob_of_next_k": 1873.317491949935, "sum_sr": 10297, "sum_time_spent_choosing_strategy": 9.770756959915161, "sum_time_estimating_p_vector": 0.7300128936767578, "sum_time_loading_coverings": 1.0920464992523193}, "2": {"enters": 1175, "count_subgroups": 7514, "sum_estimated_prob_of_next_k": 1152.6191703291718, "sum_sr": 6264, "sum_time_spent_choosing_strategy": 4.472492218017578, "sum_time_estimating_p_vector": 0.3948194980621338, "sum_time_loading_coverings": 0.6038868427276611}, "3": {"enters": 1250, "count_subgroups": 7612, "sum_estimated_prob_of_next_k": 1241.2670864962681, "sum_sr": 5306, "sum_time_spent_choosing_strategy": 4.443213224411011, "sum_time_estimating_p_vector": 0.4744534492492676, "sum_time_loading_coverings": 0.6570208072662354}}