{"1": {"enters": 4933, "count_subgroups": 27189, "sum_estimated_prob_of_next_k": 4783.186581817323, "sum_sr": 26960, "sum_time_spent_choosing_strategy": 0.8805861473083496, "sum_time_estimating_p_vector": 1280.0775847434998, "sum_time_loading_coverings": 0.8240306377410889}}