{"1": {"enters": 285, "count_subgroups": 97036, "sum_estimated_prob_of_next_k": 266.8660558955801, "sum_sr": 97025, "sum_time_spent_choosing_strategy": 0.579092264175415, "sum_time_estimating_p_vector": 166.3549678325653, "sum_time_loading_coverings": 0.25479984283447266}}