{"1": {"enters": 2555, "count_subgroups": 11160, "sum_estimated_prob_of_next_k": 2509.3375878343436, "sum_sr": 11053, "sum_time_spent_choosing_strategy": 0.39676666259765625, "sum_time_estimating_p_vector": 649.1004552841187, "sum_time_loading_coverings": 0.3942408561706543}}