{"1": {"enters": 7072, "count_subgroups": 37187, "sum_estimated_prob_of_next_k": 6870.336746498097, "sum_sr": 36905, "sum_time_spent_choosing_strategy": 1.3447844982147217, "sum_time_estimating_p_vector": 1809.5915184020996, "sum_time_loading_coverings": 1.2316689491271973}}