{"1": {"enters": 127, "count_subgroups": 10256, "sum_estimated_prob_of_next_k": 123.78144901865278, "sum_sr": 10255, "sum_time_spent_choosing_strategy": 0.21332693099975586, "sum_time_estimating_p_vector": 75.23815083503723, "sum_time_loading_coverings": 0.07108187675476074}}