{"1": {"enters": 343, "count_subgroups": 1512, "sum_estimated_prob_of_next_k": 339.74049512878463, "sum_sr": 1511, "sum_time_spent_choosing_strategy": 0.11289191246032715, "sum_time_estimating_p_vector": 85.2923674583435, "sum_time_loading_coverings": 0.07188057899475098}}