{"1": {"enters": 893, "count_subgroups": 69944, "sum_estimated_prob_of_next_k": 850.0489975423679, "sum_sr": 69866, "sum_time_spent_choosing_strategy": 0.8507273197174072, "sum_time_estimating_p_vector": 518.9689013957977, "sum_time_loading_coverings": 0.3511011600494385}}