{"1": {"enters": 150, "count_subgroups": 8906, "sum_estimated_prob_of_next_k": 145.80643824227545, "sum_sr": 8903, "sum_time_spent_choosing_strategy": 0.26912379264831543, "sum_time_estimating_p_vector": 88.58522939682007, "sum_time_loading_coverings": 0.07019925117492676}}