{"1": {"enters": 7116, "count_subgroups": 37894, "sum_estimated_prob_of_next_k": 6906.854581526504, "sum_sr": 37576, "sum_time_spent_choosing_strategy": 1.3566205501556396, "sum_time_estimating_p_vector": 1833.8987958431244, "sum_time_loading_coverings": 1.2270276546478271}}