{"1": {"enters": 1816, "count_subgroups": 32821, "sum_estimated_prob_of_next_k": 1751.3590724006274, "sum_sr": 32684, "sum_time_spent_choosing_strategy": 1.452249526977539, "sum_time_estimating_p_vector": 1031.6989133358002, "sum_time_loading_coverings": 0.5095138549804688}}