{"1": {"enters": 2, "count_subgroups": 6, "sum_estimated_prob_of_next_k": 1.9999043255346867, "sum_sr": 6, "sum_time_spent_choosing_strategy": 0.0014178752899169922, "sum_time_estimating_p_vector": 63.07507634162903, "sum_time_loading_coverings": 0.1538703441619873}}