{"1": {"enters": 71, "count_subgroups": 6967, "sum_estimated_prob_of_next_k": 69.07406839789688, "sum_sr": 6967, "sum_time_spent_choosing_strategy": 0.16054797172546387, "sum_time_estimating_p_vector": 41.12797808647156, "sum_time_loading_coverings": 0.052453041076660156}}