{"1": {"enters": 170, "count_subgroups": 112683, "sum_estimated_prob_of_next_k": 159.61603617598055, "sum_sr": 112675, "sum_time_spent_choosing_strategy": 0.3754234313964844, "sum_time_estimating_p_vector": 97.4436104297638, "sum_time_loading_coverings": 0.20605039596557617}}