{"1": {"enters": 526, "count_subgroups": 2226, "sum_estimated_prob_of_next_k": 518.8945397384828, "sum_sr": 2219, "sum_time_spent_choosing_strategy": 0.2007157802581787, "sum_time_estimating_p_vector": 134.31222581863403, "sum_time_loading_coverings": 0.11717820167541504}}