{"1": {"enters": 5575, "count_subgroups": 26567, "sum_estimated_prob_of_next_k": 5439.569403683485, "sum_sr": 26310, "sum_time_spent_choosing_strategy": 0.9341909885406494, "sum_time_estimating_p_vector": 1423.8320038318634, "sum_time_loading_coverings": 0.955324649810791}}