{"1": {"enters": 7589, "count_subgroups": 35609, "sum_estimated_prob_of_next_k": 7408.608198218179, "sum_sr": 35337, "sum_time_spent_choosing_strategy": 1.3993890285491943, "sum_time_estimating_p_vector": 1919.5061438083649, "sum_time_loading_coverings": 1.3657567501068115}}