{"1": {"enters": 13384, "count_subgroups": 65307, "sum_estimated_prob_of_next_k": 12950.212293628649, "sum_sr": 64925, "sum_time_spent_choosing_strategy": 2.165355920791626, "sum_time_estimating_p_vector": 3394.047386407852, "sum_time_loading_coverings": 2.3097848892211914}}