{"1": {"enters": 4969, "count_subgroups": 27617, "sum_estimated_prob_of_next_k": 4810.26967894957, "sum_sr": 27344, "sum_time_spent_choosing_strategy": 0.9273812770843506, "sum_time_estimating_p_vector": 1280.5351703166962, "sum_time_loading_coverings": 0.8395798206329346}}