{"1": {"enters": 351, "count_subgroups": 1518, "sum_estimated_prob_of_next_k": 347.060802488908, "sum_sr": 1517, "sum_time_spent_choosing_strategy": 0.11648988723754883, "sum_time_estimating_p_vector": 90.19008302688599, "sum_time_loading_coverings": 0.07211470603942871}}