{"1": {"enters": 7117, "count_subgroups": 37844, "sum_estimated_prob_of_next_k": 6911.827323737429, "sum_sr": 37564, "sum_time_spent_choosing_strategy": 1.3164722919464111, "sum_time_estimating_p_vector": 1846.3646337985992, "sum_time_loading_coverings": 1.2131316661834717}}