{"1": {"enters": 1, "count_subgroups": 3, "sum_estimated_prob_of_next_k": 0.9999269546987996, "sum_sr": 3, "sum_time_spent_choosing_strategy": 0.0003268718719482422, "sum_time_estimating_p_vector": 0.246673583984375, "sum_time_loading_coverings": 0.00024318695068359375}}