{"1": {"enters": 275, "count_subgroups": 60927, "sum_estimated_prob_of_next_k": 262.56071360130596, "sum_sr": 60920, "sum_time_spent_choosing_strategy": 0.5686924457550049, "sum_time_estimating_p_vector": 160.78521990776062, "sum_time_loading_coverings": 0.22994422912597656}}