{"1": {"enters": 1140, "count_subgroups": 82579, "sum_estimated_prob_of_next_k": 1087.1219819760547, "sum_sr": 82499, "sum_time_spent_choosing_strategy": 1.1306617259979248, "sum_time_estimating_p_vector": 645.865024805069, "sum_time_loading_coverings": 0.4164156913757324}}