{"1": {"enters": 7296, "count_subgroups": 39509, "sum_estimated_prob_of_next_k": 7087.212783868442, "sum_sr": 39208, "sum_time_spent_choosing_strategy": 1.363452434539795, "sum_time_estimating_p_vector": 1876.5903015136719, "sum_time_loading_coverings": 1.283517837524414}}