{"1": {"enters": 12882, "count_subgroups": 64227, "sum_estimated_prob_of_next_k": 12491.095035710341, "sum_sr": 63685, "sum_time_spent_choosing_strategy": 2.1225783824920654, "sum_time_estimating_p_vector": 3320.700295686722, "sum_time_loading_coverings": 2.1399083137512207}}