{"1": {"enters": 239, "count_subgroups": 22876, "sum_estimated_prob_of_next_k": 230.44946130015558, "sum_sr": 22870, "sum_time_spent_choosing_strategy": 0.5102560520172119, "sum_time_estimating_p_vector": 138.55931973457336, "sum_time_loading_coverings": 0.18152546882629395}}