{"1": {"enters": 1931, "count_subgroups": 103183, "sum_estimated_prob_of_next_k": 1862.6487854515522, "sum_sr": 103069, "sum_time_spent_choosing_strategy": 1.5708799362182617, "sum_time_estimating_p_vector": 1117.92760014534, "sum_time_loading_coverings": 0.5864462852478027}}