{"1": {"enters": 12917, "count_subgroups": 63894, "sum_estimated_prob_of_next_k": 12480.646233134565, "sum_sr": 63470, "sum_time_spent_choosing_strategy": 2.0464372634887695, "sum_time_estimating_p_vector": 3297.0444719791412, "sum_time_loading_coverings": 2.1378564834594727}}