{"1": {"enters": 7613, "count_subgroups": 36714, "sum_estimated_prob_of_next_k": 7431.47725806391, "sum_sr": 36416, "sum_time_spent_choosing_strategy": 1.3504505157470703, "sum_time_estimating_p_vector": 1892.0660500526428, "sum_time_loading_coverings": 1.3547017574310303}}