{"1": {"enters": 194, "count_subgroups": 37517, "sum_estimated_prob_of_next_k": 182.80800224941376, "sum_sr": 37511, "sum_time_spent_choosing_strategy": 0.4341251850128174, "sum_time_estimating_p_vector": 114.9697425365448, "sum_time_loading_coverings": 0.19649815559387207}}