{"1": {"enters": 345, "count_subgroups": 1574, "sum_estimated_prob_of_next_k": 341.6533688221895, "sum_sr": 1572, "sum_time_spent_choosing_strategy": 0.11758732795715332, "sum_time_estimating_p_vector": 87.41520690917969, "sum_time_loading_coverings": 0.07629036903381348}}