{"1": {"enters": 279, "count_subgroups": 75396, "sum_estimated_prob_of_next_k": 261.7622567677879, "sum_sr": 75395, "sum_time_spent_choosing_strategy": 0.5101299285888672, "sum_time_estimating_p_vector": 168.46325016021729, "sum_time_loading_coverings": 0.2082195281982422}}