{"1": {"enters": 345, "count_subgroups": 1670, "sum_estimated_prob_of_next_k": 339.1939731672167, "sum_sr": 1670, "sum_time_spent_choosing_strategy": 0.11340808868408203, "sum_time_estimating_p_vector": 85.57125091552734, "sum_time_loading_coverings": 0.07445359230041504}}