{"1": {"enters": 273, "count_subgroups": 26426, "sum_estimated_prob_of_next_k": 260.3300470107188, "sum_sr": 26423, "sum_time_spent_choosing_strategy": 0.45732665061950684, "sum_time_estimating_p_vector": 162.07926845550537, "sum_time_loading_coverings": 0.12809538841247559}}