{"1": {"enters": 210, "count_subgroups": 30760, "sum_estimated_prob_of_next_k": 202.93207238501753, "sum_sr": 30758, "sum_time_spent_choosing_strategy": 0.3211078643798828, "sum_time_estimating_p_vector": 122.98416638374329, "sum_time_loading_coverings": 0.1175987720489502}}