{"1": {"enters": 54, "count_subgroups": 16107, "sum_estimated_prob_of_next_k": 50.64978200975533, "sum_sr": 16107, "sum_time_spent_choosing_strategy": 0.11883783340454102, "sum_time_estimating_p_vector": 30.968451976776123, "sum_time_loading_coverings": 0.04672980308532715}}