{"1": {"enters": 19, "count_subgroups": 42230, "sum_estimated_prob_of_next_k": 14.4650488394341, "sum_sr": 42230, "sum_time_spent_choosing_strategy": 0.07451701164245605, "sum_time_estimating_p_vector": 10.99194622039795, "sum_time_loading_coverings": 0.06370401382446289}}