{"1": {"enters": 2460, "count_subgroups": 10707, "sum_estimated_prob_of_next_k": 2413.231617458631, "sum_sr": 10616, "sum_time_spent_choosing_strategy": 0.3434169292449951, "sum_time_estimating_p_vector": 630.1031398773193, "sum_time_loading_coverings": 0.38347434997558594}}