{"1": {"enters": 133, "count_subgroups": 17036, "sum_estimated_prob_of_next_k": 128.19376586498709, "sum_sr": 17031, "sum_time_spent_choosing_strategy": 0.23613452911376953, "sum_time_estimating_p_vector": 75.84931945800781, "sum_time_loading_coverings": 0.08316445350646973}}