{"1": {"enters": 1820, "count_subgroups": 109508, "sum_estimated_prob_of_next_k": 1746.4063120319884, "sum_sr": 109343, "sum_time_spent_choosing_strategy": 1.3469436168670654, "sum_time_estimating_p_vector": 1058.5596153736115, "sum_time_loading_coverings": 0.5522444248199463}}