{"1": {"enters": 809, "count_subgroups": 3429, "sum_estimated_prob_of_next_k": 797.4099854743105, "sum_sr": 3418, "sum_time_spent_choosing_strategy": 0.3062593936920166, "sum_time_estimating_p_vector": 211.61190104484558, "sum_time_loading_coverings": 0.18218374252319336}}