{"1": {"enters": 65, "count_subgroups": 31214, "sum_estimated_prob_of_next_k": 60.76564737418428, "sum_sr": 31212, "sum_time_spent_choosing_strategy": 0.14795613288879395, "sum_time_estimating_p_vector": 36.574145555496216, "sum_time_loading_coverings": 0.06476426124572754}}