{"1": {"enters": 1603, "count_subgroups": 44212, "sum_estimated_prob_of_next_k": 1539.4597618517587, "sum_sr": 44098, "sum_time_spent_choosing_strategy": 1.2921645641326904, "sum_time_estimating_p_vector": 939.3743257522583, "sum_time_loading_coverings": 0.4562528133392334}}