{"1": {"enters": 125, "count_subgroups": 26809, "sum_estimated_prob_of_next_k": 119.43922549977758, "sum_sr": 26809, "sum_time_spent_choosing_strategy": 0.2542266845703125, "sum_time_estimating_p_vector": 73.64676880836487, "sum_time_loading_coverings": 0.09507036209106445}}