{"1": {"enters": 149, "count_subgroups": 103369, "sum_estimated_prob_of_next_k": 139.7804100039934, "sum_sr": 103361, "sum_time_spent_choosing_strategy": 0.3192434310913086, "sum_time_estimating_p_vector": 85.18787550926208, "sum_time_loading_coverings": 0.17010164260864258}}