{"1": {"enters": 634, "count_subgroups": 2785, "sum_estimated_prob_of_next_k": 623.5878236678828, "sum_sr": 2774, "sum_time_spent_choosing_strategy": 0.2400355339050293, "sum_time_estimating_p_vector": 163.31266450881958, "sum_time_loading_coverings": 0.1379685401916504}}