{"1": {"enters": 1, "count_subgroups": 3, "sum_estimated_prob_of_next_k": 0.9999936300003688, "sum_sr": 3, "sum_time_spent_choosing_strategy": 0.00034928321838378906, "sum_time_estimating_p_vector": 0.25196170806884766, "sum_time_loading_coverings": 0.00025534629821777344}}