{"1": {"enters": 95, "count_subgroups": 52068, "sum_estimated_prob_of_next_k": 87.48078413751139, "sum_sr": 52068, "sum_time_spent_choosing_strategy": 0.24399018287658691, "sum_time_estimating_p_vector": 55.75037980079651, "sum_time_loading_coverings": 0.12285113334655762}}