{"1": {"enters": 9579, "count_subgroups": 68153, "sum_estimated_prob_of_next_k": 9168.903533768862, "sum_sr": 67910, "sum_time_spent_choosing_strategy": 1.9736456871032715, "sum_time_estimating_p_vector": 1.9294157028198242, "sum_time_loading_coverings": 1.8465375900268555}}