{"1": {"enters": 160, "count_subgroups": 46344, "sum_estimated_prob_of_next_k": 152.6047543257896, "sum_sr": 46340, "sum_time_spent_choosing_strategy": 0.34320902824401855, "sum_time_estimating_p_vector": 92.15877914428711, "sum_time_loading_coverings": 0.1564493179321289}}