{"1": {"enters": 890, "count_subgroups": 5091, "sum_estimated_prob_of_next_k": 872.0262769468592, "sum_sr": 5078, "sum_time_spent_choosing_strategy": 0.3387644290924072, "sum_time_estimating_p_vector": 0.16171884536743164, "sum_time_loading_coverings": 0.1851637363433838}}