{"1": {"enters": 3221, "count_subgroups": 16170, "sum_estimated_prob_of_next_k": 3095.6077922776285, "sum_sr": 16086, "sum_time_spent_choosing_strategy": 0.5492885112762451, "sum_time_estimating_p_vector": 0.6260242462158203, "sum_time_loading_coverings": 0.5520567893981934}}