{"1": {"enters": 1, "count_subgroups": 3, "sum_estimated_prob_of_next_k": 0.9999111467135485, "sum_sr": 3, "sum_time_spent_choosing_strategy": 0.0007162094116210938, "sum_time_estimating_p_vector": 52.56293034553528, "sum_time_loading_coverings": 0.002702951431274414}}