{"1": {"enters": 64, "count_subgroups": 5327, "sum_estimated_prob_of_next_k": 61.730514330365416, "sum_sr": 5327, "sum_time_spent_choosing_strategy": 0.14033174514770508, "sum_time_estimating_p_vector": 38.790324449539185, "sum_time_loading_coverings": 0.040955543518066406}}