{"1": {"enters": 164, "count_subgroups": 10151, "sum_estimated_prob_of_next_k": 159.9111879918782, "sum_sr": 10150, "sum_time_spent_choosing_strategy": 0.303102970123291, "sum_time_estimating_p_vector": 94.46368837356567, "sum_time_loading_coverings": 0.0973517894744873}}