{"1": {"enters": 1765, "count_subgroups": 53410, "sum_estimated_prob_of_next_k": 1689.563630862125, "sum_sr": 53269, "sum_time_spent_choosing_strategy": 1.3595044612884521, "sum_time_estimating_p_vector": 1021.4269723892212, "sum_time_loading_coverings": 0.4947185516357422}}