{"1": {"enters": 7418, "count_subgroups": 51983, "sum_estimated_prob_of_next_k": 7089.780688709366, "sum_sr": 51774, "sum_time_spent_choosing_strategy": 1.4557678699493408, "sum_time_estimating_p_vector": 1.6175448894500732, "sum_time_loading_coverings": 1.521254301071167}}