{"1": {"enters": 1970, "count_subgroups": 56401, "sum_estimated_prob_of_next_k": 1888.060692682942, "sum_sr": 56259, "sum_time_spent_choosing_strategy": 1.6375682353973389, "sum_time_estimating_p_vector": 1140.9965550899506, "sum_time_loading_coverings": 0.5588595867156982}}