{"1": {"enters": 9377, "count_subgroups": 64739, "sum_estimated_prob_of_next_k": 8983.39071155859, "sum_sr": 64480, "sum_time_spent_choosing_strategy": 1.90214204788208, "sum_time_estimating_p_vector": 2.0351810455322266, "sum_time_loading_coverings": 1.9545831680297852}}