{"1": {"enters": 1792, "count_subgroups": 109372, "sum_estimated_prob_of_next_k": 1719.1163849383008, "sum_sr": 109207, "sum_time_spent_choosing_strategy": 1.3180971145629883, "sum_time_estimating_p_vector": 1041.9524450302124, "sum_time_loading_coverings": 0.5417463779449463}}