{"1": {"enters": 1780, "count_subgroups": 68637, "sum_estimated_prob_of_next_k": 1711.7656359684825, "sum_sr": 68532, "sum_time_spent_choosing_strategy": 1.6245121955871582, "sum_time_estimating_p_vector": 1027.4876146316528, "sum_time_loading_coverings": 0.5454835891723633}}