{"1": {"enters": 156, "count_subgroups": 26951, "sum_estimated_prob_of_next_k": 149.4372856722571, "sum_sr": 26950, "sum_time_spent_choosing_strategy": 0.2679483890533447, "sum_time_estimating_p_vector": 91.87877297401428, "sum_time_loading_coverings": 0.10241985321044922}}