{"1": {"enters": 1725, "count_subgroups": 98923, "sum_estimated_prob_of_next_k": 1662.1841173992957, "sum_sr": 98809, "sum_time_spent_choosing_strategy": 1.2947347164154053, "sum_time_estimating_p_vector": 997.7127315998077, "sum_time_loading_coverings": 0.5178911685943604}}