{"1": {"enters": 65, "count_subgroups": 25957, "sum_estimated_prob_of_next_k": 60.64095427683256, "sum_sr": 25957, "sum_time_spent_choosing_strategy": 0.14631175994873047, "sum_time_estimating_p_vector": 38.42132592201233, "sum_time_loading_coverings": 0.06798911094665527}}