{"1": {"enters": 273, "count_subgroups": 65522, "sum_estimated_prob_of_next_k": 258.7033515948319, "sum_sr": 65517, "sum_time_spent_choosing_strategy": 0.5571212768554688, "sum_time_estimating_p_vector": 159.0067446231842, "sum_time_loading_coverings": 0.2269454002380371}}