{"1": {"enters": 31, "count_subgroups": 134, "sum_estimated_prob_of_next_k": 30.274225415573408, "sum_sr": 134, "sum_time_spent_choosing_strategy": 0.019834280014038086, "sum_time_estimating_p_vector": 7.9426186084747314, "sum_time_loading_coverings": 0.007892131805419922}}