{"1": {"enters": 105, "count_subgroups": 66446, "sum_estimated_prob_of_next_k": 101.51883493851038, "sum_sr": 66446, "sum_time_spent_choosing_strategy": 0.26095032691955566, "sum_time_estimating_p_vector": 62.428086042404175, "sum_time_loading_coverings": 0.19138860702514648}}