{"1": {"enters": 59, "count_subgroups": 101693, "sum_estimated_prob_of_next_k": 53.116056381636504, "sum_sr": 101691, "sum_time_spent_choosing_strategy": 0.1480398178100586, "sum_time_estimating_p_vector": 33.43921613693237, "sum_time_loading_coverings": 0.12802982330322266}}