{"1": {"enters": 1966, "count_subgroups": 38970, "sum_estimated_prob_of_next_k": 1889.4264216101685, "sum_sr": 38818, "sum_time_spent_choosing_strategy": 1.606886625289917, "sum_time_estimating_p_vector": 1108.1443276405334, "sum_time_loading_coverings": 0.548703670501709}}