{"1": {"enters": 212, "count_subgroups": 46801, "sum_estimated_prob_of_next_k": 199.32016432790334, "sum_sr": 46795, "sum_time_spent_choosing_strategy": 0.48214077949523926, "sum_time_estimating_p_vector": 125.83221483230591, "sum_time_loading_coverings": 0.22087669372558594}}