{"1": {"enters": 6, "count_subgroups": 26, "sum_estimated_prob_of_next_k": 5.9087105922106655, "sum_sr": 26, "sum_time_spent_choosing_strategy": 0.020546436309814453, "sum_time_estimating_p_vector": 3.4894278049468994, "sum_time_loading_coverings": 0.009407758712768555}}