{"1": {"enters": 171, "count_subgroups": 17748, "sum_estimated_prob_of_next_k": 164.50108581796383, "sum_sr": 17743, "sum_time_spent_choosing_strategy": 0.3754746913909912, "sum_time_estimating_p_vector": 99.22650980949402, "sum_time_loading_coverings": 0.1394333839416504}}