{"1": {"enters": 13275, "count_subgroups": 66218, "sum_estimated_prob_of_next_k": 12827.792074922387, "sum_sr": 65779, "sum_time_spent_choosing_strategy": 2.177825450897217, "sum_time_estimating_p_vector": 3435.9264006614685, "sum_time_loading_coverings": 2.2698569297790527}}