{"1": {"enters": 70, "count_subgroups": 290, "sum_estimated_prob_of_next_k": 69.50767736139944, "sum_sr": 290, "sum_time_spent_choosing_strategy": 0.044202327728271484, "sum_time_estimating_p_vector": 17.66931414604187, "sum_time_loading_coverings": 0.01809859275817871}}