{"1": {"enters": 3, "count_subgroups": 60206, "sum_estimated_prob_of_next_k": 2.0454321670827946, "sum_sr": 60206, "sum_time_spent_choosing_strategy": 0.010637044906616211, "sum_time_estimating_p_vector": 1.7718746662139893, "sum_time_loading_coverings": 0.06323504447937012}}