{"1": {"enters": 305, "count_subgroups": 1236, "sum_estimated_prob_of_next_k": 301.9965609851467, "sum_sr": 1236, "sum_time_spent_choosing_strategy": 0.1010591983795166, "sum_time_estimating_p_vector": 77.98355388641357, "sum_time_loading_coverings": 0.06437325477600098}}