{"1": {"enters": 1781, "count_subgroups": 36778, "sum_estimated_prob_of_next_k": 1709.2681679701166, "sum_sr": 36626, "sum_time_spent_choosing_strategy": 1.350841999053955, "sum_time_estimating_p_vector": 1002.9782321453094, "sum_time_loading_coverings": 0.4939429759979248}}