{"1": {"enters": 161, "count_subgroups": 42332, "sum_estimated_prob_of_next_k": 150.334543066195, "sum_sr": 42331, "sum_time_spent_choosing_strategy": 0.3626840114593506, "sum_time_estimating_p_vector": 92.59153461456299, "sum_time_loading_coverings": 0.12195205688476562}}