{"1": {"enters": 273, "count_subgroups": 42917, "sum_estimated_prob_of_next_k": 259.6833302467784, "sum_sr": 42915, "sum_time_spent_choosing_strategy": 0.43029189109802246, "sum_time_estimating_p_vector": 157.2703607082367, "sum_time_loading_coverings": 0.1473863124847412}}