{"1": {"enters": 1096, "count_subgroups": 102559, "sum_estimated_prob_of_next_k": 1046.2408875343065, "sum_sr": 102464, "sum_time_spent_choosing_strategy": 1.040881872177124, "sum_time_estimating_p_vector": 641.1786680221558, "sum_time_loading_coverings": 0.4156453609466553}}