{"1": {"enters": 16407, "count_subgroups": 114088, "sum_estimated_prob_of_next_k": 15618.203690838249, "sum_sr": 113715, "sum_time_spent_choosing_strategy": 2.8820674419403076, "sum_time_estimating_p_vector": 3.445063829421997, "sum_time_loading_coverings": 3.245429039001465}}