{"1": {"enters": 4419, "count_subgroups": 22036, "sum_estimated_prob_of_next_k": 4304.499018720325, "sum_sr": 21798, "sum_time_spent_choosing_strategy": 0.7956931591033936, "sum_time_estimating_p_vector": 1144.9642803668976, "sum_time_loading_coverings": 0.7953917980194092}}