{"1": {"enters": 80, "count_subgroups": 55231, "sum_estimated_prob_of_next_k": 72.97422887073745, "sum_sr": 55231, "sum_time_spent_choosing_strategy": 0.20138072967529297, "sum_time_estimating_p_vector": 48.42388963699341, "sum_time_loading_coverings": 0.11135315895080566}}