{"1": {"enters": 96, "count_subgroups": 31395, "sum_estimated_prob_of_next_k": 91.3217556706215, "sum_sr": 31392, "sum_time_spent_choosing_strategy": 0.22649836540222168, "sum_time_estimating_p_vector": 54.615880727767944, "sum_time_loading_coverings": 0.07799434661865234}}