{"1": {"enters": 174, "count_subgroups": 47566, "sum_estimated_prob_of_next_k": 164.06544396191782, "sum_sr": 47561, "sum_time_spent_choosing_strategy": 0.3754770755767822, "sum_time_estimating_p_vector": 98.30539631843567, "sum_time_loading_coverings": 0.17511439323425293}}