{"1": {"enters": 2871, "count_subgroups": 13001, "sum_estimated_prob_of_next_k": 2803.4235665382635, "sum_sr": 12927, "sum_time_spent_choosing_strategy": 0.5053160190582275, "sum_time_estimating_p_vector": 746.9849972724915, "sum_time_loading_coverings": 0.5019638538360596}}