{"1": {"enters": 19, "count_subgroups": 30248, "sum_estimated_prob_of_next_k": 15.45524169823015, "sum_sr": 30248, "sum_time_spent_choosing_strategy": 0.07571887969970703, "sum_time_estimating_p_vector": 10.783199787139893, "sum_time_loading_coverings": 0.047101497650146484}}