{"1": {"enters": 304, "count_subgroups": 56100, "sum_estimated_prob_of_next_k": 286.0966535774577, "sum_sr": 56094, "sum_time_spent_choosing_strategy": 0.6365153789520264, "sum_time_estimating_p_vector": 180.40451526641846, "sum_time_loading_coverings": 0.26259922981262207}}