{"1": {"enters": 716, "count_subgroups": 3061, "sum_estimated_prob_of_next_k": 706.501546803974, "sum_sr": 3056, "sum_time_spent_choosing_strategy": 0.27260565757751465, "sum_time_estimating_p_vector": 183.49475049972534, "sum_time_loading_coverings": 0.15434575080871582}}