{"1": {"enters": 55, "count_subgroups": 35796, "sum_estimated_prob_of_next_k": 48.86685822117904, "sum_sr": 35796, "sum_time_spent_choosing_strategy": 0.1576554775238037, "sum_time_estimating_p_vector": 32.42187142372131, "sum_time_loading_coverings": 0.08757448196411133}}