{"1": {"enters": 245, "count_subgroups": 56305, "sum_estimated_prob_of_next_k": 233.76959692331945, "sum_sr": 56304, "sum_time_spent_choosing_strategy": 0.3689441680908203, "sum_time_estimating_p_vector": 148.25165224075317, "sum_time_loading_coverings": 0.16713190078735352}}