{"1": {"enters": 1488, "count_subgroups": 105726, "sum_estimated_prob_of_next_k": 1425.4499581886384, "sum_sr": 105622, "sum_time_spent_choosing_strategy": 1.2387299537658691, "sum_time_estimating_p_vector": 868.3396208286285, "sum_time_loading_coverings": 0.5037076473236084}}