{"1": {"enters": 4, "count_subgroups": 16, "sum_estimated_prob_of_next_k": 3.9948154666042957, "sum_sr": 16, "sum_time_spent_choosing_strategy": 0.01345968246459961, "sum_time_estimating_p_vector": 2.387462854385376, "sum_time_loading_coverings": 0.0033473968505859375}}