{"1": {"enters": 16121, "count_subgroups": 112416, "sum_estimated_prob_of_next_k": 15362.439750620268, "sum_sr": 112063, "sum_time_spent_choosing_strategy": 2.8331565856933594, "sum_time_estimating_p_vector": 3.373586893081665, "sum_time_loading_coverings": 3.167786121368408}}