{"1": {"enters": 1574, "count_subgroups": 87609, "sum_estimated_prob_of_next_k": 1510.7646972782234, "sum_sr": 87507, "sum_time_spent_choosing_strategy": 1.3160290718078613, "sum_time_estimating_p_vector": 923.3195779323578, "sum_time_loading_coverings": 0.4999256134033203}}