{"1": {"enters": 407, "count_subgroups": 1702, "sum_estimated_prob_of_next_k": 403.6623880577329, "sum_sr": 1701, "sum_time_spent_choosing_strategy": 0.13636422157287598, "sum_time_estimating_p_vector": 105.20411157608032, "sum_time_loading_coverings": 0.08427810668945312}}