{"1": {"enters": 839, "count_subgroups": 88098, "sum_estimated_prob_of_next_k": 794.7366344509761, "sum_sr": 88009, "sum_time_spent_choosing_strategy": 0.8411533832550049, "sum_time_estimating_p_vector": 500.0251638889313, "sum_time_loading_coverings": 0.3413965702056885}}