{"1": {"enters": 272, "count_subgroups": 82820, "sum_estimated_prob_of_next_k": 254.3577157810933, "sum_sr": 82818, "sum_time_spent_choosing_strategy": 0.5086359977722168, "sum_time_estimating_p_vector": 161.00004482269287, "sum_time_loading_coverings": 0.21563053131103516}}