{"1": {"enters": 133, "count_subgroups": 12031, "sum_estimated_prob_of_next_k": 129.31311583760242, "sum_sr": 12030, "sum_time_spent_choosing_strategy": 0.23426318168640137, "sum_time_estimating_p_vector": 78.76815009117126, "sum_time_loading_coverings": 0.07619428634643555}}