{"1": {"enters": 2659, "count_subgroups": 11881, "sum_estimated_prob_of_next_k": 2593.8164387741895, "sum_sr": 11808, "sum_time_spent_choosing_strategy": 0.41680407524108887, "sum_time_estimating_p_vector": 673.8369970321655, "sum_time_loading_coverings": 0.43488478660583496}}