{"1": {"enters": 7614, "count_subgroups": 54386, "sum_estimated_prob_of_next_k": 7278.573197613079, "sum_sr": 54191, "sum_time_spent_choosing_strategy": 1.5192880630493164, "sum_time_estimating_p_vector": 1.5562281608581543, "sum_time_loading_coverings": 1.4544529914855957}}