{"1": {"enters": 60, "count_subgroups": 8420, "sum_estimated_prob_of_next_k": 57.353630580982276, "sum_sr": 8420, "sum_time_spent_choosing_strategy": 0.1359272003173828, "sum_time_estimating_p_vector": 35.76524591445923, "sum_time_loading_coverings": 0.03868436813354492}}