{"1": {"enters": 178, "count_subgroups": 31033, "sum_estimated_prob_of_next_k": 169.5903286132035, "sum_sr": 31026, "sum_time_spent_choosing_strategy": 0.3912060260772705, "sum_time_estimating_p_vector": 104.11254906654358, "sum_time_loading_coverings": 0.1548779010772705}}