{"1": {"enters": 6109, "count_subgroups": 46271, "sum_estimated_prob_of_next_k": 5805.139794195884, "sum_sr": 46057, "sum_time_spent_choosing_strategy": 1.2009799480438232, "sum_time_estimating_p_vector": 1.323221206665039, "sum_time_loading_coverings": 1.232508897781372}}