{"1": {"enters": 3257, "count_subgroups": 17181, "sum_estimated_prob_of_next_k": 3128.1358371083143, "sum_sr": 17087, "sum_time_spent_choosing_strategy": 0.5544614791870117, "sum_time_estimating_p_vector": 0.6349349021911621, "sum_time_loading_coverings": 0.554473876953125}}