{"1": {"enters": 21, "count_subgroups": 40427, "sum_estimated_prob_of_next_k": 16.83901647000018, "sum_sr": 40427, "sum_time_spent_choosing_strategy": 0.0833592414855957, "sum_time_estimating_p_vector": 12.250736236572266, "sum_time_loading_coverings": 0.05876922607421875}}