{"1": {"enters": 109, "count_subgroups": 6291, "sum_estimated_prob_of_next_k": 106.918851730474, "sum_sr": 6291, "sum_time_spent_choosing_strategy": 0.21790051460266113, "sum_time_estimating_p_vector": 63.80127024650574, "sum_time_loading_coverings": 0.06869792938232422}}