{"1": {"enters": 127, "count_subgroups": 8782, "sum_estimated_prob_of_next_k": 123.13527666947319, "sum_sr": 8782, "sum_time_spent_choosing_strategy": 0.2586658000946045, "sum_time_estimating_p_vector": 74.9471333026886, "sum_time_loading_coverings": 0.06469368934631348}}