{"1": {"enters": 178, "count_subgroups": 12837, "sum_estimated_prob_of_next_k": 172.79957814726734, "sum_sr": 12835, "sum_time_spent_choosing_strategy": 0.3951857089996338, "sum_time_estimating_p_vector": 104.2398145198822, "sum_time_loading_coverings": 0.1288599967956543}}