{"1": {"enters": 939, "count_subgroups": 23636, "sum_estimated_prob_of_next_k": 910.2953683597736, "sum_sr": 23542, "sum_time_spent_choosing_strategy": 0.9040424823760986, "sum_time_estimating_p_vector": 536.1589980125427, "sum_time_loading_coverings": 0.30408143997192383}}