{"1": {"enters": 7368, "count_subgroups": 35368, "sum_estimated_prob_of_next_k": 7181.883555347696, "sum_sr": 35056, "sum_time_spent_choosing_strategy": 1.314760446548462, "sum_time_estimating_p_vector": 1880.9742856025696, "sum_time_loading_coverings": 1.2779669761657715}}