{"1": {"enters": 815, "count_subgroups": 99487, "sum_estimated_prob_of_next_k": 773.4930421329087, "sum_sr": 99402, "sum_time_spent_choosing_strategy": 0.8276956081390381, "sum_time_estimating_p_vector": 475.5910921096802, "sum_time_loading_coverings": 0.3469216823577881}}