{"1": {"enters": 532, "count_subgroups": 2281, "sum_estimated_prob_of_next_k": 524.860398618124, "sum_sr": 2274, "sum_time_spent_choosing_strategy": 0.20952820777893066, "sum_time_estimating_p_vector": 134.4794270992279, "sum_time_loading_coverings": 0.1149435043334961}}