{"1": {"enters": 1089, "count_subgroups": 57432, "sum_estimated_prob_of_next_k": 1045.105688066474, "sum_sr": 57349, "sum_time_spent_choosing_strategy": 0.9822883605957031, "sum_time_estimating_p_vector": 629.7889020442963, "sum_time_loading_coverings": 0.34536290168762207}}