{"1": {"enters": 7925, "count_subgroups": 52559, "sum_estimated_prob_of_next_k": 7574.912442581095, "sum_sr": 52362, "sum_time_spent_choosing_strategy": 1.5335257053375244, "sum_time_estimating_p_vector": 1.7199413776397705, "sum_time_loading_coverings": 1.5857391357421875}}