{"1": {"enters": 15809, "count_subgroups": 112116, "sum_estimated_prob_of_next_k": 15066.253086678911, "sum_sr": 111806, "sum_time_spent_choosing_strategy": 2.8607699871063232, "sum_time_estimating_p_vector": 3.101576566696167, "sum_time_loading_coverings": 2.9037907123565674}}