{"1": {"enters": 431, "count_subgroups": 2120, "sum_estimated_prob_of_next_k": 423.9558375058899, "sum_sr": 2120, "sum_time_spent_choosing_strategy": 0.13772821426391602, "sum_time_estimating_p_vector": 0.07539892196655273, "sum_time_loading_coverings": 0.0859990119934082}}