{"1": {"enters": 275, "count_subgroups": 58375, "sum_estimated_prob_of_next_k": 258.9482859562675, "sum_sr": 58372, "sum_time_spent_choosing_strategy": 0.4751873016357422, "sum_time_estimating_p_vector": 157.2871069908142, "sum_time_loading_coverings": 0.18445205688476562}}