{"1": {"enters": 7786, "count_subgroups": 53738, "sum_estimated_prob_of_next_k": 7437.651082290639, "sum_sr": 53527, "sum_time_spent_choosing_strategy": 1.522073745727539, "sum_time_estimating_p_vector": 1.5470972061157227, "sum_time_loading_coverings": 1.4783124923706055}}