{"1": {"enters": 51, "count_subgroups": 214, "sum_estimated_prob_of_next_k": 50.11172450246106, "sum_sr": 214, "sum_time_spent_choosing_strategy": 0.03242778778076172, "sum_time_estimating_p_vector": 13.378247261047363, "sum_time_loading_coverings": 0.013355016708374023}}