{"1": {"enters": 9938, "count_subgroups": 69959, "sum_estimated_prob_of_next_k": 9505.397992884666, "sum_sr": 69683, "sum_time_spent_choosing_strategy": 1.990936279296875, "sum_time_estimating_p_vector": 2.1558990478515625, "sum_time_loading_coverings": 2.07621169090271}}