{"1": {"enters": 47, "count_subgroups": 188, "sum_estimated_prob_of_next_k": 46.139993449124134, "sum_sr": 188, "sum_time_spent_choosing_strategy": 0.03051900863647461, "sum_time_estimating_p_vector": 11.927033424377441, "sum_time_loading_coverings": 0.012974023818969727}}