{"1": {"enters": 3379, "count_subgroups": 16750, "sum_estimated_prob_of_next_k": 3241.851747368172, "sum_sr": 16671, "sum_time_spent_choosing_strategy": 0.5630645751953125, "sum_time_estimating_p_vector": 0.7030589580535889, "sum_time_loading_coverings": 0.5986924171447754}}