{"1": {"enters": 202, "count_subgroups": 77384, "sum_estimated_prob_of_next_k": 185.32910744478335, "sum_sr": 77378, "sum_time_spent_choosing_strategy": 0.44426846504211426, "sum_time_estimating_p_vector": 119.88713145256042, "sum_time_loading_coverings": 0.21919655799865723}}