{"1": {"enters": 3061, "count_subgroups": 16131, "sum_estimated_prob_of_next_k": 2945.5114814794206, "sum_sr": 16069, "sum_time_spent_choosing_strategy": 0.5384454727172852, "sum_time_estimating_p_vector": 0.6153285503387451, "sum_time_loading_coverings": 0.5271742343902588}}