{"1": {"enters": 1533, "count_subgroups": 74656, "sum_estimated_prob_of_next_k": 1471.2742448354852, "sum_sr": 74547, "sum_time_spent_choosing_strategy": 1.2299892902374268, "sum_time_estimating_p_vector": 891.5792348384857, "sum_time_loading_coverings": 0.5000319480895996}}