{"1": {"enters": 114, "count_subgroups": 30213, "sum_estimated_prob_of_next_k": 109.11265689515348, "sum_sr": 30213, "sum_time_spent_choosing_strategy": 0.2639756202697754, "sum_time_estimating_p_vector": 66.64802527427673, "sum_time_loading_coverings": 0.09537720680236816}}