{"1": {"enters": 113, "count_subgroups": 142502, "sum_estimated_prob_of_next_k": 103.03114560721772, "sum_sr": 142501, "sum_time_spent_choosing_strategy": 0.2846968173980713, "sum_time_estimating_p_vector": 67.62983202934265, "sum_time_loading_coverings": 0.20943355560302734}}