{"1": {"enters": 266, "count_subgroups": 16855, "sum_estimated_prob_of_next_k": 257.04453918989213, "sum_sr": 16852, "sum_time_spent_choosing_strategy": 0.5416123867034912, "sum_time_estimating_p_vector": 155.35964798927307, "sum_time_loading_coverings": 0.16908955574035645}}