{"1": {"enters": 53, "count_subgroups": 45528, "sum_estimated_prob_of_next_k": 46.70965885795182, "sum_sr": 45528, "sum_time_spent_choosing_strategy": 0.13910436630249023, "sum_time_estimating_p_vector": 30.42248249053955, "sum_time_loading_coverings": 0.0785059928894043}}