{"1": {"enters": 115, "count_subgroups": 16941, "sum_estimated_prob_of_next_k": 110.53344125880086, "sum_sr": 16941, "sum_time_spent_choosing_strategy": 0.22834467887878418, "sum_time_estimating_p_vector": 65.513352394104, "sum_time_loading_coverings": 0.07871365547180176}}