{"1": {"enters": 280, "count_subgroups": 69966, "sum_estimated_prob_of_next_k": 261.3900829653172, "sum_sr": 69953, "sum_time_spent_choosing_strategy": 0.5249345302581787, "sum_time_estimating_p_vector": 161.8507616519928, "sum_time_loading_coverings": 0.1995077133178711}}