{"1": {"enters": 7801, "count_subgroups": 56114, "sum_estimated_prob_of_next_k": 7448.264287595283, "sum_sr": 55886, "sum_time_spent_choosing_strategy": 1.527651071548462, "sum_time_estimating_p_vector": 1.5565173625946045, "sum_time_loading_coverings": 1.4789605140686035}}