{"1": {"enters": 2342, "count_subgroups": 10320, "sum_estimated_prob_of_next_k": 2298.418914238562, "sum_sr": 10215, "sum_time_spent_choosing_strategy": 0.33011507987976074, "sum_time_estimating_p_vector": 597.9781816005707, "sum_time_loading_coverings": 0.3711714744567871}}