{"1": {"enters": 3, "count_subgroups": 9, "sum_estimated_prob_of_next_k": 2.999946466776955, "sum_sr": 9, "sum_time_spent_choosing_strategy": 0.0023097991943359375, "sum_time_estimating_p_vector": 51.16412043571472, "sum_time_loading_coverings": 0.005203723907470703}}