{"1": {"enters": 143, "count_subgroups": 55597, "sum_estimated_prob_of_next_k": 133.94800609705098, "sum_sr": 55596, "sum_time_spent_choosing_strategy": 0.3069450855255127, "sum_time_estimating_p_vector": 86.35599136352539, "sum_time_loading_coverings": 0.1413736343383789}}