{"1": {"enters": 389, "count_subgroups": 1664, "sum_estimated_prob_of_next_k": 383.3724595355502, "sum_sr": 1664, "sum_time_spent_choosing_strategy": 0.12574028968811035, "sum_time_estimating_p_vector": 102.316486120224, "sum_time_loading_coverings": 0.07961773872375488}}