{"1": {"enters": 6207, "count_subgroups": 44417, "sum_estimated_prob_of_next_k": 5910.3539294610455, "sum_sr": 44226, "sum_time_spent_choosing_strategy": 1.213696002960205, "sum_time_estimating_p_vector": 1.332916498184204, "sum_time_loading_coverings": 1.2146368026733398}}