{"1": {"enters": 5371, "count_subgroups": 28881, "sum_estimated_prob_of_next_k": 5215.251512565325, "sum_sr": 28615, "sum_time_spent_choosing_strategy": 0.9877896308898926, "sum_time_estimating_p_vector": 1364.9303736686707, "sum_time_loading_coverings": 0.8878839015960693}}