{"1": {"enters": 12797, "count_subgroups": 62783, "sum_estimated_prob_of_next_k": 12421.127252310833, "sum_sr": 62259, "sum_time_spent_choosing_strategy": 2.087411880493164, "sum_time_estimating_p_vector": 3202.0001969337463, "sum_time_loading_coverings": 2.1293888092041016}}