{"1": {"enters": 12601, "count_subgroups": 62496, "sum_estimated_prob_of_next_k": 12235.801410478769, "sum_sr": 62008, "sum_time_spent_choosing_strategy": 2.0432119369506836, "sum_time_estimating_p_vector": 3219.3262417316437, "sum_time_loading_coverings": 2.1215598583221436}}