{"1": {"enters": 240, "count_subgroups": 47964, "sum_estimated_prob_of_next_k": 229.42758479102582, "sum_sr": 47962, "sum_time_spent_choosing_strategy": 0.37383008003234863, "sum_time_estimating_p_vector": 142.3723282814026, "sum_time_loading_coverings": 0.14321303367614746}}