{"1": {"enters": 7603, "count_subgroups": 35509, "sum_estimated_prob_of_next_k": 7417.715720959467, "sum_sr": 35225, "sum_time_spent_choosing_strategy": 1.3890671730041504, "sum_time_estimating_p_vector": 1930.1154613494873, "sum_time_loading_coverings": 1.3890175819396973}}