{"1": {"enters": 439, "count_subgroups": 2020, "sum_estimated_prob_of_next_k": 431.6601105216107, "sum_sr": 2018, "sum_time_spent_choosing_strategy": 0.14359402656555176, "sum_time_estimating_p_vector": 0.07512164115905762, "sum_time_loading_coverings": 0.08803081512451172}}