{"1": {"enters": 818, "count_subgroups": 55354, "sum_estimated_prob_of_next_k": 780.0618728308995, "sum_sr": 55290, "sum_time_spent_choosing_strategy": 0.7740142345428467, "sum_time_estimating_p_vector": 471.84703373908997, "sum_time_loading_coverings": 0.27899861335754395}}