{"1": {"enters": 12746, "count_subgroups": 63234, "sum_estimated_prob_of_next_k": 12372.550405532746, "sum_sr": 62751, "sum_time_spent_choosing_strategy": 2.1109001636505127, "sum_time_estimating_p_vector": 3260.559420824051, "sum_time_loading_coverings": 2.1309821605682373}}