{"1": {"enters": 5015, "count_subgroups": 27396, "sum_estimated_prob_of_next_k": 4864.877654055464, "sum_sr": 27134, "sum_time_spent_choosing_strategy": 0.9382758140563965, "sum_time_estimating_p_vector": 1274.3669476509094, "sum_time_loading_coverings": 0.8292934894561768}}