{"1": {"enters": 416, "count_subgroups": 1746, "sum_estimated_prob_of_next_k": 411.8589749279515, "sum_sr": 1744, "sum_time_spent_choosing_strategy": 0.1399977207183838, "sum_time_estimating_p_vector": 108.74940657615662, "sum_time_loading_coverings": 0.09208512306213379}}