{"1": {"enters": 86, "count_subgroups": 23671, "sum_estimated_prob_of_next_k": 80.91020399307489, "sum_sr": 23671, "sum_time_spent_choosing_strategy": 0.21134042739868164, "sum_time_estimating_p_vector": 51.269248723983765, "sum_time_loading_coverings": 0.0689244270324707}}