{"1": {"enters": 5657, "count_subgroups": 43376, "sum_estimated_prob_of_next_k": 5386.403830550748, "sum_sr": 43175, "sum_time_spent_choosing_strategy": 1.1337921619415283, "sum_time_estimating_p_vector": 1.2262506484985352, "sum_time_loading_coverings": 1.1420483589172363}}