{"1": {"enters": 2788, "count_subgroups": 14293, "sum_estimated_prob_of_next_k": 2678.833967765988, "sum_sr": 14217, "sum_time_spent_choosing_strategy": 0.46329760551452637, "sum_time_estimating_p_vector": 0.5495383739471436, "sum_time_loading_coverings": 0.47402358055114746}}