{"1": {"enters": 309, "count_subgroups": 63078, "sum_estimated_prob_of_next_k": 288.50221806922576, "sum_sr": 63076, "sum_time_spent_choosing_strategy": 0.5829012393951416, "sum_time_estimating_p_vector": 177.5988254547119, "sum_time_loading_coverings": 0.21647191047668457}}