{"1": {"enters": 50, "count_subgroups": 228, "sum_estimated_prob_of_next_k": 49.470656269399484, "sum_sr": 228, "sum_time_spent_choosing_strategy": 0.03140521049499512, "sum_time_estimating_p_vector": 12.692546606063843, "sum_time_loading_coverings": 0.012531518936157227}}