{"1": {"enters": 25, "count_subgroups": 131802, "sum_estimated_prob_of_next_k": 18.874952442975253, "sum_sr": 131802, "sum_time_spent_choosing_strategy": 0.0975027084350586, "sum_time_estimating_p_vector": 14.811768054962158, "sum_time_loading_coverings": 0.14272403717041016}}