{"1": {"enters": 2580, "count_subgroups": 11514, "sum_estimated_prob_of_next_k": 2531.962140980035, "sum_sr": 11419, "sum_time_spent_choosing_strategy": 0.3722379207611084, "sum_time_estimating_p_vector": 663.1438488960266, "sum_time_loading_coverings": 0.41071224212646484}}