{"1": {"enters": 305, "count_subgroups": 1262, "sum_estimated_prob_of_next_k": 302.0157680242037, "sum_sr": 1262, "sum_time_spent_choosing_strategy": 0.10156416893005371, "sum_time_estimating_p_vector": 77.91060304641724, "sum_time_loading_coverings": 0.0632941722869873}}