{"1": {"enters": 408, "count_subgroups": 2046, "sum_estimated_prob_of_next_k": 400.6735444512473, "sum_sr": 2046, "sum_time_spent_choosing_strategy": 0.13367724418640137, "sum_time_estimating_p_vector": 0.06986284255981445, "sum_time_loading_coverings": 0.08150529861450195}}