{"1": {"enters": 95, "count_subgroups": 22265, "sum_estimated_prob_of_next_k": 90.51495692446487, "sum_sr": 22265, "sum_time_spent_choosing_strategy": 0.22847986221313477, "sum_time_estimating_p_vector": 55.4255850315094, "sum_time_loading_coverings": 0.10381913185119629}}