{"1": {"enters": 4125, "count_subgroups": 20241, "sum_estimated_prob_of_next_k": 4017.0605846130175, "sum_sr": 19996, "sum_time_spent_choosing_strategy": 0.6876175403594971, "sum_time_estimating_p_vector": 1053.8110082149506, "sum_time_loading_coverings": 0.6952276229858398}}