{"1": {"enters": 7806, "count_subgroups": 37278, "sum_estimated_prob_of_next_k": 7621.390532524738, "sum_sr": 36969, "sum_time_spent_choosing_strategy": 1.4242944717407227, "sum_time_estimating_p_vector": 2024.3525776863098, "sum_time_loading_coverings": 1.4299707412719727}}