{"1": {"enters": 109, "count_subgroups": 37972, "sum_estimated_prob_of_next_k": 102.12915986146312, "sum_sr": 37971, "sum_time_spent_choosing_strategy": 0.26641368865966797, "sum_time_estimating_p_vector": 61.6975998878479, "sum_time_loading_coverings": 0.14131808280944824}}