{"1": {"enters": 287, "count_subgroups": 176846, "sum_estimated_prob_of_next_k": 266.32736769181395, "sum_sr": 176840, "sum_time_spent_choosing_strategy": 0.5875973701477051, "sum_time_estimating_p_vector": 170.90187430381775, "sum_time_loading_coverings": 0.32522058486938477}}