{"1": {"enters": 159, "count_subgroups": 5831, "sum_estimated_prob_of_next_k": 154.76741332765158, "sum_sr": 5827, "sum_time_spent_choosing_strategy": 0.2617964744567871, "sum_time_estimating_p_vector": 95.67426133155823, "sum_time_loading_coverings": 0.08100223541259766}}