{"1": {"enters": 168, "count_subgroups": 11755, "sum_estimated_prob_of_next_k": 163.05880897145175, "sum_sr": 11753, "sum_time_spent_choosing_strategy": 0.36820173263549805, "sum_time_estimating_p_vector": 98.35397219657898, "sum_time_loading_coverings": 0.1181948184967041}}