{"1": {"enters": 379, "count_subgroups": 1602, "sum_estimated_prob_of_next_k": 375.07720238455113, "sum_sr": 1600, "sum_time_spent_choosing_strategy": 0.12490534782409668, "sum_time_estimating_p_vector": 95.81775617599487, "sum_time_loading_coverings": 0.08043575286865234}}