{"1": {"enters": 4233, "count_subgroups": 20109, "sum_estimated_prob_of_next_k": 4125.779939824546, "sum_sr": 19886, "sum_time_spent_choosing_strategy": 0.7070231437683105, "sum_time_estimating_p_vector": 1071.8145263195038, "sum_time_loading_coverings": 0.725959062576294}}