{"1": {"enters": 226, "count_subgroups": 16138, "sum_estimated_prob_of_next_k": 217.83391928300315, "sum_sr": 16133, "sum_time_spent_choosing_strategy": 0.4977531433105469, "sum_time_estimating_p_vector": 128.9077706336975, "sum_time_loading_coverings": 0.16082072257995605}}