{"1": {"enters": 91, "count_subgroups": 41622, "sum_estimated_prob_of_next_k": 84.97491867913354, "sum_sr": 41622, "sum_time_spent_choosing_strategy": 0.22702360153198242, "sum_time_estimating_p_vector": 54.19558906555176, "sum_time_loading_coverings": 0.08939194679260254}}