{"1": {"enters": 4257, "count_subgroups": 21051, "sum_estimated_prob_of_next_k": 4150.31514670032, "sum_sr": 20820, "sum_time_spent_choosing_strategy": 0.7083907127380371, "sum_time_estimating_p_vector": 1059.6665577888489, "sum_time_loading_coverings": 0.7316133975982666}}