{"1": {"enters": 885, "count_subgroups": 26964, "sum_estimated_prob_of_next_k": 856.9666982483698, "sum_sr": 26867, "sum_time_spent_choosing_strategy": 0.8069314956665039, "sum_time_estimating_p_vector": 500.73749589920044, "sum_time_loading_coverings": 0.29308438301086426}}