{"1": {"enters": 133, "count_subgroups": 571, "sum_estimated_prob_of_next_k": 130.8960116821353, "sum_sr": 570, "sum_time_spent_choosing_strategy": 0.03688192367553711, "sum_time_estimating_p_vector": 34.01105880737305, "sum_time_loading_coverings": 0.031145572662353516}}