{"1": {"enters": 416, "count_subgroups": 1772, "sum_estimated_prob_of_next_k": 411.4005668917182, "sum_sr": 1770, "sum_time_spent_choosing_strategy": 0.13784480094909668, "sum_time_estimating_p_vector": 108.08145904541016, "sum_time_loading_coverings": 0.08416104316711426}}