{"1": {"enters": 1519, "count_subgroups": 60399, "sum_estimated_prob_of_next_k": 1459.8955758011757, "sum_sr": 60296, "sum_time_spent_choosing_strategy": 1.19881010055542, "sum_time_estimating_p_vector": 876.0553703308105, "sum_time_loading_coverings": 0.444058895111084}}