{"1": {"enters": 7335, "count_subgroups": 34038, "sum_estimated_prob_of_next_k": 7161.127288955423, "sum_sr": 33744, "sum_time_spent_choosing_strategy": 1.3092830181121826, "sum_time_estimating_p_vector": 1854.9884700775146, "sum_time_loading_coverings": 1.2989816665649414}}