{"1": {"enters": 149, "count_subgroups": 674, "sum_estimated_prob_of_next_k": 146.77666027780768, "sum_sr": 674, "sum_time_spent_choosing_strategy": 0.04006624221801758, "sum_time_estimating_p_vector": 38.29167580604553, "sum_time_loading_coverings": 0.03359389305114746}}