{"1": {"enters": 305, "count_subgroups": 1268, "sum_estimated_prob_of_next_k": 300.332814101952, "sum_sr": 1267, "sum_time_spent_choosing_strategy": 0.10058712959289551, "sum_time_estimating_p_vector": 78.45113801956177, "sum_time_loading_coverings": 0.06515955924987793}}