{"1": {"enters": 175, "count_subgroups": 71080, "sum_estimated_prob_of_next_k": 169.04707656869937, "sum_sr": 71077, "sum_time_spent_choosing_strategy": 0.3873581886291504, "sum_time_estimating_p_vector": 103.88527083396912, "sum_time_loading_coverings": 0.23367738723754883}}