{"1": {"enters": 947, "count_subgroups": 71215, "sum_estimated_prob_of_next_k": 897.3272687240021, "sum_sr": 71113, "sum_time_spent_choosing_strategy": 0.8718278408050537, "sum_time_estimating_p_vector": 533.6386048793793, "sum_time_loading_coverings": 0.3345601558685303}}