{"1": {"enters": 110, "count_subgroups": 13506, "sum_estimated_prob_of_next_k": 106.3275200541163, "sum_sr": 13506, "sum_time_spent_choosing_strategy": 0.2627067565917969, "sum_time_estimating_p_vector": 63.89971327781677, "sum_time_loading_coverings": 0.11306333541870117}}