{"1": {"enters": 5997, "count_subgroups": 28564, "sum_estimated_prob_of_next_k": 5857.341616473894, "sum_sr": 28306, "sum_time_spent_choosing_strategy": 1.0410239696502686, "sum_time_estimating_p_vector": 1557.115010023117, "sum_time_loading_coverings": 1.09193754196167}}