{"1": {"enters": 8, "count_subgroups": 7153, "sum_estimated_prob_of_next_k": 7.3451482085852735, "sum_sr": 7153, "sum_time_spent_choosing_strategy": 0.02584099769592285, "sum_time_estimating_p_vector": 4.74884033203125, "sum_time_loading_coverings": 0.011484384536743164}}