{"1": {"enters": 1951, "count_subgroups": 35239, "sum_estimated_prob_of_next_k": 1877.4165793313637, "sum_sr": 35090, "sum_time_spent_choosing_strategy": 1.572178602218628, "sum_time_estimating_p_vector": 1139.6420741081238, "sum_time_loading_coverings": 0.5307221412658691}}