{"1": {"enters": 4374, "count_subgroups": 21558, "sum_estimated_prob_of_next_k": 4261.733083483922, "sum_sr": 21305, "sum_time_spent_choosing_strategy": 0.7625842094421387, "sum_time_estimating_p_vector": 1137.7635672092438, "sum_time_loading_coverings": 0.7858271598815918}}