{"1": {"enters": 563, "count_subgroups": 2364, "sum_estimated_prob_of_next_k": 555.0679802358718, "sum_sr": 2357, "sum_time_spent_choosing_strategy": 0.2142200469970703, "sum_time_estimating_p_vector": 140.96957564353943, "sum_time_loading_coverings": 0.12022852897644043}}