{"1": {"enters": 869, "count_subgroups": 4542, "sum_estimated_prob_of_next_k": 852.930108137939, "sum_sr": 4533, "sum_time_spent_choosing_strategy": 0.3186221122741699, "sum_time_estimating_p_vector": 0.1512904167175293, "sum_time_loading_coverings": 0.1790909767150879}}