{"1": {"enters": 1458, "count_subgroups": 92617, "sum_estimated_prob_of_next_k": 1395.4622367254005, "sum_sr": 92504, "sum_time_spent_choosing_strategy": 1.2195026874542236, "sum_time_estimating_p_vector": 869.1225206851959, "sum_time_loading_coverings": 0.4890139102935791}}