{"1": {"enters": 919, "count_subgroups": 88344, "sum_estimated_prob_of_next_k": 886.4830891190172, "sum_sr": 88231, "sum_time_spent_choosing_strategy": 0.7973546981811523, "sum_time_estimating_p_vector": 536.6315166950226, "sum_time_loading_coverings": 0.3353545665740967}}