{"1": {"enters": 489, "count_subgroups": 2079, "sum_estimated_prob_of_next_k": 481.70044214742984, "sum_sr": 2076, "sum_time_spent_choosing_strategy": 0.18373847007751465, "sum_time_estimating_p_vector": 126.76856923103333, "sum_time_loading_coverings": 0.10398197174072266}}