{"1": {"enters": 5945, "count_subgroups": 46032, "sum_estimated_prob_of_next_k": 5661.578286008, "sum_sr": 45845, "sum_time_spent_choosing_strategy": 1.2110989093780518, "sum_time_estimating_p_vector": 1.2161343097686768, "sum_time_loading_coverings": 1.1201744079589844}}