{"1": {"enters": 61, "count_subgroups": 22125, "sum_estimated_prob_of_next_k": 56.93769946237778, "sum_sr": 22125, "sum_time_spent_choosing_strategy": 0.13875937461853027, "sum_time_estimating_p_vector": 35.302884101867676, "sum_time_loading_coverings": 0.054787397384643555}}