{"1": {"enters": 738, "count_subgroups": 3188, "sum_estimated_prob_of_next_k": 726.6475336919249, "sum_sr": 3180, "sum_time_spent_choosing_strategy": 0.2766580581665039, "sum_time_estimating_p_vector": 187.2230098247528, "sum_time_loading_coverings": 0.16312408447265625}}