{"1": {"enters": 12978, "count_subgroups": 63357, "sum_estimated_prob_of_next_k": 12560.459420820896, "sum_sr": 62959, "sum_time_spent_choosing_strategy": 2.0850882530212402, "sum_time_estimating_p_vector": 3385.5944838523865, "sum_time_loading_coverings": 2.2165117263793945}}