{"1": {"enters": 1481, "count_subgroups": 74411, "sum_estimated_prob_of_next_k": 1420.0913949171568, "sum_sr": 74302, "sum_time_spent_choosing_strategy": 1.1738734245300293, "sum_time_estimating_p_vector": 860.9123785495758, "sum_time_loading_coverings": 0.4836862087249756}}