{"1": {"enters": 1208, "count_subgroups": 41406, "sum_estimated_prob_of_next_k": 1158.5732564301086, "sum_sr": 41308, "sum_time_spent_choosing_strategy": 1.0791003704071045, "sum_time_estimating_p_vector": 708.1053409576416, "sum_time_loading_coverings": 0.35826683044433594}}