{"1": {"enters": 2820, "count_subgroups": 12787, "sum_estimated_prob_of_next_k": 2753.0870433926307, "sum_sr": 12713, "sum_time_spent_choosing_strategy": 0.4723632335662842, "sum_time_estimating_p_vector": 733.7181050777435, "sum_time_loading_coverings": 0.48656654357910156}}