{"1": {"enters": 2882, "count_subgroups": 14696, "sum_estimated_prob_of_next_k": 2772.617847429247, "sum_sr": 14619, "sum_time_spent_choosing_strategy": 0.47740864753723145, "sum_time_estimating_p_vector": 0.5984959602355957, "sum_time_loading_coverings": 0.5195436477661133}}