{"1": {"enters": 7078, "count_subgroups": 37605, "sum_estimated_prob_of_next_k": 6873.888443417561, "sum_sr": 37303, "sum_time_spent_choosing_strategy": 1.3173880577087402, "sum_time_estimating_p_vector": 1808.6197762489319, "sum_time_loading_coverings": 1.2370123863220215}}