{"1": {"enters": 153, "count_subgroups": 669, "sum_estimated_prob_of_next_k": 150.825701838883, "sum_sr": 669, "sum_time_spent_choosing_strategy": 0.0413813591003418, "sum_time_estimating_p_vector": 38.5468430519104, "sum_time_loading_coverings": 0.03343534469604492}}