{"1": {"enters": 2444, "count_subgroups": 10582, "sum_estimated_prob_of_next_k": 2398.1769327454504, "sum_sr": 10501, "sum_time_spent_choosing_strategy": 0.35018014907836914, "sum_time_estimating_p_vector": 633.6488230228424, "sum_time_loading_coverings": 0.3784928321838379}}