{"1": {"enters": 351, "count_subgroups": 1490, "sum_estimated_prob_of_next_k": 345.12359372828683, "sum_sr": 1487, "sum_time_spent_choosing_strategy": 0.11602783203125, "sum_time_estimating_p_vector": 90.50188994407654, "sum_time_loading_coverings": 0.07243943214416504}}