{"1": {"enters": 295, "count_subgroups": 27666, "sum_estimated_prob_of_next_k": 281.48914364202756, "sum_sr": 27661, "sum_time_spent_choosing_strategy": 0.6158015727996826, "sum_time_estimating_p_vector": 167.93766975402832, "sum_time_loading_coverings": 0.20344805717468262}}