{"1": {"enters": 265, "count_subgroups": 90750, "sum_estimated_prob_of_next_k": 247.90243647255326, "sum_sr": 90743, "sum_time_spent_choosing_strategy": 0.5492846965789795, "sum_time_estimating_p_vector": 149.57204341888428, "sum_time_loading_coverings": 0.27001261711120605}}