{"1": {"enters": 1132, "count_subgroups": 71938, "sum_estimated_prob_of_next_k": 1083.027742103569, "sum_sr": 71847, "sum_time_spent_choosing_strategy": 1.0306978225708008, "sum_time_estimating_p_vector": 659.4249608516693, "sum_time_loading_coverings": 0.40935754776000977}}