{"1": {"enters": 7509, "count_subgroups": 36147, "sum_estimated_prob_of_next_k": 7326.383532158522, "sum_sr": 35840, "sum_time_spent_choosing_strategy": 1.4077577590942383, "sum_time_estimating_p_vector": 1943.8906726837158, "sum_time_loading_coverings": 1.367844820022583}}