{"1": {"enters": 402, "count_subgroups": 2386, "sum_estimated_prob_of_next_k": 395.559485602639, "sum_sr": 2386, "sum_time_spent_choosing_strategy": 0.1288163661956787, "sum_time_estimating_p_vector": 0.07089710235595703, "sum_time_loading_coverings": 0.08070969581604004}}