{"1": {"enters": 1435, "count_subgroups": 84725, "sum_estimated_prob_of_next_k": 1372.7583147169905, "sum_sr": 84628, "sum_time_spent_choosing_strategy": 1.2558488845825195, "sum_time_estimating_p_vector": 810.675820350647, "sum_time_loading_coverings": 0.47716546058654785}}