{"1": {"enters": 1862, "count_subgroups": 58320, "sum_estimated_prob_of_next_k": 1792.5662731603084, "sum_sr": 58210, "sum_time_spent_choosing_strategy": 1.6214969158172607, "sum_time_estimating_p_vector": 1087.0830924510956, "sum_time_loading_coverings": 0.5210840702056885}}