{"1": {"enters": 48, "count_subgroups": 6004, "sum_estimated_prob_of_next_k": 46.86989239962955, "sum_sr": 6004, "sum_time_spent_choosing_strategy": 0.1067342758178711, "sum_time_estimating_p_vector": 28.394838094711304, "sum_time_loading_coverings": 0.03410792350769043}}