{"1": {"enters": 2028, "count_subgroups": 46737, "sum_estimated_prob_of_next_k": 1951.035471097736, "sum_sr": 46577, "sum_time_spent_choosing_strategy": 1.6426575183868408, "sum_time_estimating_p_vector": 1204.0240037441254, "sum_time_loading_coverings": 0.557260274887085}}