{"1": {"enters": 2611, "count_subgroups": 11304, "sum_estimated_prob_of_next_k": 2563.1097336433004, "sum_sr": 11207, "sum_time_spent_choosing_strategy": 0.3889014720916748, "sum_time_estimating_p_vector": 653.3212790489197, "sum_time_loading_coverings": 0.4065980911254883}}