{"1": {"enters": 2764, "count_subgroups": 12514, "sum_estimated_prob_of_next_k": 2694.944233953628, "sum_sr": 12434, "sum_time_spent_choosing_strategy": 0.4530196189880371, "sum_time_estimating_p_vector": 699.9756734371185, "sum_time_loading_coverings": 0.4671916961669922}}