{"1": {"enters": 4890, "count_subgroups": 26884, "sum_estimated_prob_of_next_k": 4740.5965755505395, "sum_sr": 26635, "sum_time_spent_choosing_strategy": 0.8840436935424805, "sum_time_estimating_p_vector": 1248.9500153064728, "sum_time_loading_coverings": 0.8416531085968018}}