{"1": {"enters": 5487, "count_subgroups": 30416, "sum_estimated_prob_of_next_k": 5326.484922845643, "sum_sr": 30171, "sum_time_spent_choosing_strategy": 0.9831664562225342, "sum_time_estimating_p_vector": 1410.7486145496368, "sum_time_loading_coverings": 0.9475102424621582}}