{"1": {"enters": 108, "count_subgroups": 39184, "sum_estimated_prob_of_next_k": 99.64013070401224, "sum_sr": 39184, "sum_time_spent_choosing_strategy": 0.27438783645629883, "sum_time_estimating_p_vector": 62.43586802482605, "sum_time_loading_coverings": 0.09787917137145996}}