{"1": {"enters": 67, "count_subgroups": 141709, "sum_estimated_prob_of_next_k": 58.085655144682285, "sum_sr": 141708, "sum_time_spent_choosing_strategy": 0.17818069458007812, "sum_time_estimating_p_vector": 39.6078155040741, "sum_time_loading_coverings": 0.1776905059814453}}