{"1": {"enters": 515, "count_subgroups": 83104, "sum_estimated_prob_of_next_k": 496.55995010539533, "sum_sr": 83021, "sum_time_spent_choosing_strategy": 0.41308093070983887, "sum_time_estimating_p_vector": 298.06903862953186, "sum_time_loading_coverings": 0.22548556327819824}}