{"1": {"enters": 127, "count_subgroups": 40977, "sum_estimated_prob_of_next_k": 119.6147756382132, "sum_sr": 40977, "sum_time_spent_choosing_strategy": 0.2909719944000244, "sum_time_estimating_p_vector": 72.5826210975647, "sum_time_loading_coverings": 0.11380529403686523}}