{"1": {"enters": 2656, "count_subgroups": 11864, "sum_estimated_prob_of_next_k": 2591.6078911332093, "sum_sr": 11770, "sum_time_spent_choosing_strategy": 0.4393434524536133, "sum_time_estimating_p_vector": 679.0649697780609, "sum_time_loading_coverings": 0.43488550186157227}}