{"1": {"enters": 1788, "count_subgroups": 32685, "sum_estimated_prob_of_next_k": 1723.9943759376856, "sum_sr": 32549, "sum_time_spent_choosing_strategy": 1.4232409000396729, "sum_time_estimating_p_vector": 1015.6553106307983, "sum_time_loading_coverings": 0.4999680519104004}}