{"1": {"enters": 125, "count_subgroups": 23925, "sum_estimated_prob_of_next_k": 119.26339784095126, "sum_sr": 23925, "sum_time_spent_choosing_strategy": 0.27652430534362793, "sum_time_estimating_p_vector": 73.89933657646179, "sum_time_loading_coverings": 0.0924832820892334}}