{"1": {"enters": 865, "count_subgroups": 4015, "sum_estimated_prob_of_next_k": 852.9121644239661, "sum_sr": 4007, "sum_time_spent_choosing_strategy": 0.3292074203491211, "sum_time_estimating_p_vector": 224.16358184814453, "sum_time_loading_coverings": 0.19711947441101074}}