{"1": {"enters": 479, "count_subgroups": 79284, "sum_estimated_prob_of_next_k": 462.8641991734065, "sum_sr": 79213, "sum_time_spent_choosing_strategy": 0.41147494316101074, "sum_time_estimating_p_vector": 276.0420756340027, "sum_time_loading_coverings": 0.2172257900238037}}