{"1": {"enters": 258, "count_subgroups": 130425, "sum_estimated_prob_of_next_k": 241.55968502730954, "sum_sr": 130416, "sum_time_spent_choosing_strategy": 0.5209910869598389, "sum_time_estimating_p_vector": 147.80959677696228, "sum_time_loading_coverings": 0.25301361083984375}}