{"1": {"enters": 2930, "count_subgroups": 14921, "sum_estimated_prob_of_next_k": 2819.445177179521, "sum_sr": 14844, "sum_time_spent_choosing_strategy": 0.5116167068481445, "sum_time_estimating_p_vector": 0.6154603958129883, "sum_time_loading_coverings": 0.5357966423034668}}