{"1": {"enters": 245, "count_subgroups": 18065, "sum_estimated_prob_of_next_k": 234.84382470629765, "sum_sr": 18062, "sum_time_spent_choosing_strategy": 0.3365306854248047, "sum_time_estimating_p_vector": 145.6209454536438, "sum_time_loading_coverings": 0.10027694702148438}}