{"1": {"enters": 5425, "count_subgroups": 28912, "sum_estimated_prob_of_next_k": 5266.272912255115, "sum_sr": 28649, "sum_time_spent_choosing_strategy": 0.9714658260345459, "sum_time_estimating_p_vector": 1364.8419785499573, "sum_time_loading_coverings": 0.9429779052734375}}