{"1": {"enters": 1406, "count_subgroups": 92365, "sum_estimated_prob_of_next_k": 1344.4450730963222, "sum_sr": 92252, "sum_time_spent_choosing_strategy": 1.1611909866333008, "sum_time_estimating_p_vector": 837.710443019867, "sum_time_loading_coverings": 0.4707145690917969}}