{"1": {"enters": 248, "count_subgroups": 41514, "sum_estimated_prob_of_next_k": 237.83349571673287, "sum_sr": 41511, "sum_time_spent_choosing_strategy": 0.36310911178588867, "sum_time_estimating_p_vector": 142.14739608764648, "sum_time_loading_coverings": 0.14149117469787598}}