{"1": {"enters": 5661, "count_subgroups": 26621, "sum_estimated_prob_of_next_k": 5528.4759822023425, "sum_sr": 26401, "sum_time_spent_choosing_strategy": 0.974966287612915, "sum_time_estimating_p_vector": 1478.2578790187836, "sum_time_loading_coverings": 1.0180909633636475}}