{"1": {"enters": 89, "count_subgroups": 101882, "sum_estimated_prob_of_next_k": 82.60286514773334, "sum_sr": 101880, "sum_time_spent_choosing_strategy": 0.2188103199005127, "sum_time_estimating_p_vector": 50.89223003387451, "sum_time_loading_coverings": 0.14180994033813477}}