{"1": {"enters": 83, "count_subgroups": 17143, "sum_estimated_prob_of_next_k": 77.7185843302285, "sum_sr": 17143, "sum_time_spent_choosing_strategy": 0.20953130722045898, "sum_time_estimating_p_vector": 49.59215259552002, "sum_time_loading_coverings": 0.05840468406677246}}