{"1": {"enters": 1, "count_subgroups": 3, "sum_estimated_prob_of_next_k": 0.9999828025559447, "sum_sr": 3, "sum_time_spent_choosing_strategy": 0.00032782554626464844, "sum_time_estimating_p_vector": 0.25644516944885254, "sum_time_loading_coverings": 0.0002846717834472656}}