{"1": {"enters": 1436, "count_subgroups": 105313, "sum_estimated_prob_of_next_k": 1373.9988372304897, "sum_sr": 105210, "sum_time_spent_choosing_strategy": 1.18153715133667, "sum_time_estimating_p_vector": 837.6168584823608, "sum_time_loading_coverings": 0.4861748218536377}}