{"1": {"enters": 1631, "count_subgroups": 76877, "sum_estimated_prob_of_next_k": 1559.1581659594042, "sum_sr": 76758, "sum_time_spent_choosing_strategy": 1.291133165359497, "sum_time_estimating_p_vector": 918.9747233390808, "sum_time_loading_coverings": 0.4931914806365967}}