{"1": {"enters": 9956, "count_subgroups": 66476, "sum_estimated_prob_of_next_k": 9537.103836381651, "sum_sr": 66222, "sum_time_spent_choosing_strategy": 2.005613088607788, "sum_time_estimating_p_vector": 2.164853572845459, "sum_time_loading_coverings": 2.0399911403656006}}