{"1": {"enters": 1679, "count_subgroups": 56087, "sum_estimated_prob_of_next_k": 1614.9691815052522, "sum_sr": 55978, "sum_time_spent_choosing_strategy": 1.3584129810333252, "sum_time_estimating_p_vector": 979.2672655582428, "sum_time_loading_coverings": 0.4656801223754883}}