{"1": {"enters": 192, "count_subgroups": 59191, "sum_estimated_prob_of_next_k": 179.15792125938, "sum_sr": 59180, "sum_time_spent_choosing_strategy": 0.38167691230773926, "sum_time_estimating_p_vector": 111.18438529968262, "sum_time_loading_coverings": 0.15738797187805176}}