{"1": {"enters": 63, "count_subgroups": 51909, "sum_estimated_prob_of_next_k": 56.000698374526856, "sum_sr": 51909, "sum_time_spent_choosing_strategy": 0.17212772369384766, "sum_time_estimating_p_vector": 36.58142685890198, "sum_time_loading_coverings": 0.09876132011413574}}