{"1": {"enters": 16, "count_subgroups": 94760, "sum_estimated_prob_of_next_k": 12.034451254947545, "sum_sr": 94760, "sum_time_spent_choosing_strategy": 0.06342434883117676, "sum_time_estimating_p_vector": 9.101820707321167, "sum_time_loading_coverings": 0.09911465644836426}}