{"1": {"enters": 427, "count_subgroups": 1896, "sum_estimated_prob_of_next_k": 419.0537526363233, "sum_sr": 1893, "sum_time_spent_choosing_strategy": 0.13770365715026855, "sum_time_estimating_p_vector": 0.07236146926879883, "sum_time_loading_coverings": 0.08342957496643066}}