{"1": {"enters": 886, "count_subgroups": 5002, "sum_estimated_prob_of_next_k": 868.5114396327778, "sum_sr": 4984, "sum_time_spent_choosing_strategy": 0.3334848880767822, "sum_time_estimating_p_vector": 0.15200161933898926, "sum_time_loading_coverings": 0.1824028491973877}}