{"1": {"enters": 275, "count_subgroups": 52361, "sum_estimated_prob_of_next_k": 262.52923493764814, "sum_sr": 52353, "sum_time_spent_choosing_strategy": 0.5562436580657959, "sum_time_estimating_p_vector": 155.8937427997589, "sum_time_loading_coverings": 0.17979955673217773}}