{"1": {"enters": 95, "count_subgroups": 40803, "sum_estimated_prob_of_next_k": 88.08893663373779, "sum_sr": 40803, "sum_time_spent_choosing_strategy": 0.23770761489868164, "sum_time_estimating_p_vector": 54.50671410560608, "sum_time_loading_coverings": 0.0995795726776123}}