{"1": {"enters": 51, "count_subgroups": 10602, "sum_estimated_prob_of_next_k": 48.85819956143271, "sum_sr": 10602, "sum_time_spent_choosing_strategy": 0.11325287818908691, "sum_time_estimating_p_vector": 30.057028770446777, "sum_time_loading_coverings": 0.04341006278991699}}