{"1": {"enters": 163, "count_subgroups": 28139, "sum_estimated_prob_of_next_k": 156.33043899883634, "sum_sr": 28138, "sum_time_spent_choosing_strategy": 0.29323577880859375, "sum_time_estimating_p_vector": 95.96288633346558, "sum_time_loading_coverings": 0.11755108833312988}}