{"1": {"enters": 180, "count_subgroups": 794, "sum_estimated_prob_of_next_k": 176.93553528326092, "sum_sr": 794, "sum_time_spent_choosing_strategy": 0.04987740516662598, "sum_time_estimating_p_vector": 45.93084526062012, "sum_time_loading_coverings": 0.03845858573913574}}