{"1": {"enters": 3, "count_subgroups": 9, "sum_estimated_prob_of_next_k": 2.999973248485899, "sum_sr": 9, "sum_time_spent_choosing_strategy": 0.0013594627380371094, "sum_time_estimating_p_vector": 0.7529294490814209, "sum_time_loading_coverings": 0.0005934238433837891}}