{"1": {"enters": 495, "count_subgroups": 14480, "sum_estimated_prob_of_next_k": 481.29066246328415, "sum_sr": 14414, "sum_time_spent_choosing_strategy": 0.4693779945373535, "sum_time_estimating_p_vector": 280.5088520050049, "sum_time_loading_coverings": 0.17278671264648438}}