{"1": {"enters": 1580, "count_subgroups": 76566, "sum_estimated_prob_of_next_k": 1509.1363702775363, "sum_sr": 76447, "sum_time_spent_choosing_strategy": 1.2343854904174805, "sum_time_estimating_p_vector": 889.8420698642731, "sum_time_loading_coverings": 0.47629666328430176}}