{"1": {"enters": 2684, "count_subgroups": 12022, "sum_estimated_prob_of_next_k": 2619.602434695358, "sum_sr": 11935, "sum_time_spent_choosing_strategy": 0.410236120223999, "sum_time_estimating_p_vector": 669.6235911846161, "sum_time_loading_coverings": 0.4348454475402832}}