{"1": {"enters": 5868, "count_subgroups": 27468, "sum_estimated_prob_of_next_k": 5730.974327392576, "sum_sr": 27254, "sum_time_spent_choosing_strategy": 1.0218064785003662, "sum_time_estimating_p_vector": 1484.8087561130524, "sum_time_loading_coverings": 1.0440526008605957}}