{"1": {"enters": 25, "count_subgroups": 42068, "sum_estimated_prob_of_next_k": 20.421351072051834, "sum_sr": 42068, "sum_time_spent_choosing_strategy": 0.09867525100708008, "sum_time_estimating_p_vector": 14.646314859390259, "sum_time_loading_coverings": 0.06810569763183594}}