{"1": {"enters": 539, "count_subgroups": 2315, "sum_estimated_prob_of_next_k": 530.1653184926739, "sum_sr": 2304, "sum_time_spent_choosing_strategy": 0.2024703025817871, "sum_time_estimating_p_vector": 137.81397461891174, "sum_time_loading_coverings": 0.11592626571655273}}