{"1": {"enters": 46, "count_subgroups": 204, "sum_estimated_prob_of_next_k": 45.39613527988653, "sum_sr": 204, "sum_time_spent_choosing_strategy": 0.028551101684570312, "sum_time_estimating_p_vector": 11.784110307693481, "sum_time_loading_coverings": 0.011836767196655273}}