{"1": {"enters": 345, "count_subgroups": 1600, "sum_estimated_prob_of_next_k": 340.8852224681908, "sum_sr": 1600, "sum_time_spent_choosing_strategy": 0.11377334594726562, "sum_time_estimating_p_vector": 85.49923610687256, "sum_time_loading_coverings": 0.07213282585144043}}