{"1": {"enters": 111, "count_subgroups": 23810, "sum_estimated_prob_of_next_k": 106.23955762501883, "sum_sr": 23810, "sum_time_spent_choosing_strategy": 0.26995134353637695, "sum_time_estimating_p_vector": 64.95276689529419, "sum_time_loading_coverings": 0.11944198608398438}}