{"1": {"enters": 2625, "count_subgroups": 11766, "sum_estimated_prob_of_next_k": 2560.9780396713704, "sum_sr": 11693, "sum_time_spent_choosing_strategy": 0.4396781921386719, "sum_time_estimating_p_vector": 686.0100402832031, "sum_time_loading_coverings": 0.4480783939361572}}