{"1": {"enters": 104, "count_subgroups": 45000, "sum_estimated_prob_of_next_k": 97.42432429686353, "sum_sr": 45000, "sum_time_spent_choosing_strategy": 0.24998807907104492, "sum_time_estimating_p_vector": 59.979138135910034, "sum_time_loading_coverings": 0.12847685813903809}}