{"1": {"enters": 7226, "count_subgroups": 37845, "sum_estimated_prob_of_next_k": 7019.869550951216, "sum_sr": 37552, "sum_time_spent_choosing_strategy": 1.3476989269256592, "sum_time_estimating_p_vector": 1808.7165508270264, "sum_time_loading_coverings": 1.2397446632385254}}