{"1": {"enters": 1225, "count_subgroups": 73666, "sum_estimated_prob_of_next_k": 1167.8339097045891, "sum_sr": 73555, "sum_time_spent_choosing_strategy": 1.087451696395874, "sum_time_estimating_p_vector": 691.8043715953827, "sum_time_loading_coverings": 0.40389394760131836}}