{"1": {"enters": 123, "count_subgroups": 5630, "sum_estimated_prob_of_next_k": 119.36374628706884, "sum_sr": 5628, "sum_time_spent_choosing_strategy": 0.24577093124389648, "sum_time_estimating_p_vector": 73.90750503540039, "sum_time_loading_coverings": 0.07262301445007324}}