{"1": {"enters": 1076, "count_subgroups": 89946, "sum_estimated_prob_of_next_k": 1025.6266376662938, "sum_sr": 89845, "sum_time_spent_choosing_strategy": 1.0218937397003174, "sum_time_estimating_p_vector": 642.7712788581848, "sum_time_loading_coverings": 0.3994143009185791}}