{"1": {"enters": 5071, "count_subgroups": 27449, "sum_estimated_prob_of_next_k": 4918.598320467962, "sum_sr": 27190, "sum_time_spent_choosing_strategy": 0.923691987991333, "sum_time_estimating_p_vector": 1275.613731622696, "sum_time_loading_coverings": 0.8811492919921875}}