{"1": {"enters": 22, "count_subgroups": 41508, "sum_estimated_prob_of_next_k": 16.913539969349767, "sum_sr": 41508, "sum_time_spent_choosing_strategy": 0.08488941192626953, "sum_time_estimating_p_vector": 12.709715843200684, "sum_time_loading_coverings": 0.06018352508544922}}