{"1": {"enters": 1546, "count_subgroups": 43971, "sum_estimated_prob_of_next_k": 1483.631286432578, "sum_sr": 43858, "sum_time_spent_choosing_strategy": 1.2287209033966064, "sum_time_estimating_p_vector": 905.51939702034, "sum_time_loading_coverings": 0.43642187118530273}}