{"1": {"enters": 118, "count_subgroups": 12036, "sum_estimated_prob_of_next_k": 114.21839102122705, "sum_sr": 12035, "sum_time_spent_choosing_strategy": 0.2330336570739746, "sum_time_estimating_p_vector": 68.83576679229736, "sum_time_loading_coverings": 0.07810115814208984}}