{"1": {"enters": 343, "count_subgroups": 1484, "sum_estimated_prob_of_next_k": 339.6606424410638, "sum_sr": 1483, "sum_time_spent_choosing_strategy": 0.11080765724182129, "sum_time_estimating_p_vector": 85.27916550636292, "sum_time_loading_coverings": 0.07226824760437012}}