{"1": {"enters": 5284, "count_subgroups": 28526, "sum_estimated_prob_of_next_k": 5128.258417928513, "sum_sr": 28273, "sum_time_spent_choosing_strategy": 0.9368970394134521, "sum_time_estimating_p_vector": 1349.6951434612274, "sum_time_loading_coverings": 0.908087968826294}}