{"1": {"enters": 5782, "count_subgroups": 27782, "sum_estimated_prob_of_next_k": 5647.691691075246, "sum_sr": 27541, "sum_time_spent_choosing_strategy": 0.964238166809082, "sum_time_estimating_p_vector": 1438.022037267685, "sum_time_loading_coverings": 1.011338710784912}}