{"1": {"enters": 89, "count_subgroups": 30056, "sum_estimated_prob_of_next_k": 84.37426059325662, "sum_sr": 30056, "sum_time_spent_choosing_strategy": 0.2206127643585205, "sum_time_estimating_p_vector": 52.306777238845825, "sum_time_loading_coverings": 0.07841801643371582}}