{"1": {"enters": 4135, "count_subgroups": 19711, "sum_estimated_prob_of_next_k": 4030.1131366107397, "sum_sr": 19514, "sum_time_spent_choosing_strategy": 0.707918643951416, "sum_time_estimating_p_vector": 1051.6670517921448, "sum_time_loading_coverings": 0.742722749710083}}