{"1": {"enters": 285, "count_subgroups": 66587, "sum_estimated_prob_of_next_k": 267.9901813214808, "sum_sr": 66585, "sum_time_spent_choosing_strategy": 0.5106720924377441, "sum_time_estimating_p_vector": 169.4392237663269, "sum_time_loading_coverings": 0.19574809074401855}}