{"1": {"enters": 53, "count_subgroups": 9936, "sum_estimated_prob_of_next_k": 50.66592209571622, "sum_sr": 9935, "sum_time_spent_choosing_strategy": 0.11638188362121582, "sum_time_estimating_p_vector": 31.638814210891724, "sum_time_loading_coverings": 0.039183616638183594}}