{"1": {"enters": 1219, "count_subgroups": 84903, "sum_estimated_prob_of_next_k": 1167.0914599851521, "sum_sr": 84810, "sum_time_spent_choosing_strategy": 1.1293673515319824, "sum_time_estimating_p_vector": 716.0956947803497, "sum_time_loading_coverings": 0.4194152355194092}}