{"1": {"enters": 904, "count_subgroups": 4153, "sum_estimated_prob_of_next_k": 886.3465676513666, "sum_sr": 4142, "sum_time_spent_choosing_strategy": 0.3401937484741211, "sum_time_estimating_p_vector": 0.15736651420593262, "sum_time_loading_coverings": 0.18891096115112305}}