{"1": {"enters": 407, "count_subgroups": 1720, "sum_estimated_prob_of_next_k": 402.0650670817112, "sum_sr": 1720, "sum_time_spent_choosing_strategy": 0.1365044116973877, "sum_time_estimating_p_vector": 105.0630886554718, "sum_time_loading_coverings": 0.08986926078796387}}