{"1": {"enters": 68, "count_subgroups": 66280, "sum_estimated_prob_of_next_k": 64.94637582451166, "sum_sr": 66280, "sum_time_spent_choosing_strategy": 0.15301823616027832, "sum_time_estimating_p_vector": 40.2161021232605, "sum_time_loading_coverings": 0.10405755043029785}}