{"1": {"enters": 488, "count_subgroups": 16196, "sum_estimated_prob_of_next_k": 472.20821460345877, "sum_sr": 16104, "sum_time_spent_choosing_strategy": 0.38413143157958984, "sum_time_estimating_p_vector": 283.78991532325745, "sum_time_loading_coverings": 0.15423035621643066}}