{"1": {"enters": 343, "count_subgroups": 1506, "sum_estimated_prob_of_next_k": 337.56292731530027, "sum_sr": 1505, "sum_time_spent_choosing_strategy": 0.11283302307128906, "sum_time_estimating_p_vector": 85.44731402397156, "sum_time_loading_coverings": 0.07500696182250977}}