{"1": {"enters": 5360, "count_subgroups": 29223, "sum_estimated_prob_of_next_k": 5196.030949657137, "sum_sr": 28950, "sum_time_spent_choosing_strategy": 0.9802296161651611, "sum_time_estimating_p_vector": 1381.3543090820312, "sum_time_loading_coverings": 0.9054780006408691}}