{"1": {"enters": 887, "count_subgroups": 84168, "sum_estimated_prob_of_next_k": 858.1504420997345, "sum_sr": 84073, "sum_time_spent_choosing_strategy": 0.7983934879302979, "sum_time_estimating_p_vector": 515.5076868534088, "sum_time_loading_coverings": 0.3278062343597412}}