{"1": {"enters": 1734, "count_subgroups": 33058, "sum_estimated_prob_of_next_k": 1666.5224004283114, "sum_sr": 32910, "sum_time_spent_choosing_strategy": 1.2807438373565674, "sum_time_estimating_p_vector": 1011.970344543457, "sum_time_loading_coverings": 0.4612860679626465}}