{"1": {"enters": 2702, "count_subgroups": 11970, "sum_estimated_prob_of_next_k": 2635.937014110942, "sum_sr": 11898, "sum_time_spent_choosing_strategy": 0.47110891342163086, "sum_time_estimating_p_vector": 700.4455690383911, "sum_time_loading_coverings": 0.46656036376953125}}