{"1": {"enters": 78, "count_subgroups": 23649, "sum_estimated_prob_of_next_k": 73.66946492126195, "sum_sr": 23649, "sum_time_spent_choosing_strategy": 0.18126821517944336, "sum_time_estimating_p_vector": 45.35054135322571, "sum_time_loading_coverings": 0.06635832786560059}}