{"1": {"enters": 127, "count_subgroups": 4849, "sum_estimated_prob_of_next_k": 124.01252868277639, "sum_sr": 4849, "sum_time_spent_choosing_strategy": 0.2988932132720947, "sum_time_estimating_p_vector": 72.39243721961975, "sum_time_loading_coverings": 0.0928640365600586}}