{"1": {"enters": 179, "count_subgroups": 894, "sum_estimated_prob_of_next_k": 175.85884765462805, "sum_sr": 893, "sum_time_spent_choosing_strategy": 0.04873967170715332, "sum_time_estimating_p_vector": 45.98370432853699, "sum_time_loading_coverings": 0.038038015365600586}}