{"1": {"enters": 2485, "count_subgroups": 10870, "sum_estimated_prob_of_next_k": 2439.5583372278493, "sum_sr": 10763, "sum_time_spent_choosing_strategy": 0.35333728790283203, "sum_time_estimating_p_vector": 631.4010310173035, "sum_time_loading_coverings": 0.3771626949310303}}