{"1": {"enters": 253, "count_subgroups": 87244, "sum_estimated_prob_of_next_k": 237.6228730749492, "sum_sr": 87237, "sum_time_spent_choosing_strategy": 0.5051894187927246, "sum_time_estimating_p_vector": 147.1212990283966, "sum_time_loading_coverings": 0.2197880744934082}}