{"1": {"enters": 23, "count_subgroups": 31343, "sum_estimated_prob_of_next_k": 18.3922130957691, "sum_sr": 31343, "sum_time_spent_choosing_strategy": 0.09569287300109863, "sum_time_estimating_p_vector": 13.74083137512207, "sum_time_loading_coverings": 0.07228708267211914}}