{"1": {"enters": 5791, "count_subgroups": 26980, "sum_estimated_prob_of_next_k": 5655.114205213377, "sum_sr": 26771, "sum_time_spent_choosing_strategy": 0.9964785575866699, "sum_time_estimating_p_vector": 1471.349256515503, "sum_time_loading_coverings": 1.0497527122497559}}