{"1": {"enters": 3170, "count_subgroups": 15864, "sum_estimated_prob_of_next_k": 3044.9465011791763, "sum_sr": 15780, "sum_time_spent_choosing_strategy": 0.5128087997436523, "sum_time_estimating_p_vector": 0.611212968826294, "sum_time_loading_coverings": 0.5358855724334717}}