{"1": {"enters": 1789, "count_subgroups": 123690, "sum_estimated_prob_of_next_k": 1712.6515104006448, "sum_sr": 123582, "sum_time_spent_choosing_strategy": 1.7276816368103027, "sum_time_estimating_p_vector": 1044.7356073856354, "sum_time_loading_coverings": 0.625342607498169}}