{"1": {"enters": 1923, "count_subgroups": 87042, "sum_estimated_prob_of_next_k": 1839.574445263977, "sum_sr": 86920, "sum_time_spent_choosing_strategy": 1.767301082611084, "sum_time_estimating_p_vector": 1084.7714450359344, "sum_time_loading_coverings": 0.6040024757385254}}