{"1": {"enters": 204, "count_subgroups": 15498, "sum_estimated_prob_of_next_k": 196.45236665483145, "sum_sr": 15493, "sum_time_spent_choosing_strategy": 0.4384474754333496, "sum_time_estimating_p_vector": 116.1964340209961, "sum_time_loading_coverings": 0.1379241943359375}}