{"1": {"enters": 3, "count_subgroups": 570, "sum_estimated_prob_of_next_k": 2.9207909637257603, "sum_sr": 570, "sum_time_spent_choosing_strategy": 0.01072382926940918, "sum_time_estimating_p_vector": 1.761962652206421, "sum_time_loading_coverings": 0.007729291915893555}}