{"1": {"enters": 287, "count_subgroups": 58512, "sum_estimated_prob_of_next_k": 272.5957888215084, "sum_sr": 58510, "sum_time_spent_choosing_strategy": 0.49890756607055664, "sum_time_estimating_p_vector": 169.43798661231995, "sum_time_loading_coverings": 0.21250128746032715}}