{"1": {"enters": 2, "count_subgroups": 6, "sum_estimated_prob_of_next_k": 1.9999611892692386, "sum_sr": 6, "sum_time_spent_choosing_strategy": 0.0006632804870605469, "sum_time_estimating_p_vector": 0.508756160736084, "sum_time_loading_coverings": 0.0004611015319824219}}