{"1": {"enters": 914, "count_subgroups": 38380, "sum_estimated_prob_of_next_k": 872.4669402176816, "sum_sr": 38295, "sum_time_spent_choosing_strategy": 0.8487558364868164, "sum_time_estimating_p_vector": 534.6830224990845, "sum_time_loading_coverings": 0.2819836139678955}}