{"1": {"enters": 2705, "count_subgroups": 12075, "sum_estimated_prob_of_next_k": 2639.1332372127104, "sum_sr": 12002, "sum_time_spent_choosing_strategy": 0.44519710540771484, "sum_time_estimating_p_vector": 685.3795189857483, "sum_time_loading_coverings": 0.44681739807128906}}