{"1": {"enters": 2817, "count_subgroups": 12726, "sum_estimated_prob_of_next_k": 2747.726213695181, "sum_sr": 12646, "sum_time_spent_choosing_strategy": 0.48810386657714844, "sum_time_estimating_p_vector": 713.3363389968872, "sum_time_loading_coverings": 0.483264684677124}}