{"1": {"enters": 870, "count_subgroups": 80368, "sum_estimated_prob_of_next_k": 823.038509929637, "sum_sr": 80298, "sum_time_spent_choosing_strategy": 0.9211709499359131, "sum_time_estimating_p_vector": 491.867059469223, "sum_time_loading_coverings": 0.35037732124328613}}