{"1": {"enters": 379, "count_subgroups": 1638, "sum_estimated_prob_of_next_k": 373.01572655734725, "sum_sr": 1638, "sum_time_spent_choosing_strategy": 0.12203383445739746, "sum_time_estimating_p_vector": 95.1886465549469, "sum_time_loading_coverings": 0.07791614532470703}}