{"1": {"enters": 4946, "count_subgroups": 26972, "sum_estimated_prob_of_next_k": 4796.940767425017, "sum_sr": 26736, "sum_time_spent_choosing_strategy": 0.9055871963500977, "sum_time_estimating_p_vector": 1265.773452758789, "sum_time_loading_coverings": 0.8366785049438477}}