{"1": {"enters": 98, "count_subgroups": 47504, "sum_estimated_prob_of_next_k": 90.02064302063421, "sum_sr": 47504, "sum_time_spent_choosing_strategy": 0.2534658908843994, "sum_time_estimating_p_vector": 58.63899564743042, "sum_time_loading_coverings": 0.10369133949279785}}