{"1": {"enters": 189, "count_subgroups": 22196, "sum_estimated_prob_of_next_k": 181.9185074523723, "sum_sr": 22191, "sum_time_spent_choosing_strategy": 0.42430901527404785, "sum_time_estimating_p_vector": 109.71728229522705, "sum_time_loading_coverings": 0.15920186042785645}}