{"1": {"enters": 389, "count_subgroups": 1620, "sum_estimated_prob_of_next_k": 385.32109104392396, "sum_sr": 1619, "sum_time_spent_choosing_strategy": 0.1274266242980957, "sum_time_estimating_p_vector": 100.3761773109436, "sum_time_loading_coverings": 0.08603882789611816}}