{"1": {"enters": 927, "count_subgroups": 22915, "sum_estimated_prob_of_next_k": 895.8054683976377, "sum_sr": 22805, "sum_time_spent_choosing_strategy": 0.8034689426422119, "sum_time_estimating_p_vector": 543.5856027603149, "sum_time_loading_coverings": 0.27940797805786133}}