{"1": {"enters": 891, "count_subgroups": 4008, "sum_estimated_prob_of_next_k": 872.5456992299579, "sum_sr": 4003, "sum_time_spent_choosing_strategy": 0.32832837104797363, "sum_time_estimating_p_vector": 0.15307974815368652, "sum_time_loading_coverings": 0.1803905963897705}}