{"1": {"enters": 7218, "count_subgroups": 38217, "sum_estimated_prob_of_next_k": 7005.200348925365, "sum_sr": 37901, "sum_time_spent_choosing_strategy": 1.3565115928649902, "sum_time_estimating_p_vector": 1815.9727146625519, "sum_time_loading_coverings": 1.2686142921447754}}