{"1": {"enters": 885, "count_subgroups": 4232, "sum_estimated_prob_of_next_k": 868.4127438167764, "sum_sr": 4222, "sum_time_spent_choosing_strategy": 0.32339978218078613, "sum_time_estimating_p_vector": 0.155806303024292, "sum_time_loading_coverings": 0.18348336219787598}}