{"1": {"enters": 71, "count_subgroups": 13330, "sum_estimated_prob_of_next_k": 68.01278370661778, "sum_sr": 13330, "sum_time_spent_choosing_strategy": 0.16414904594421387, "sum_time_estimating_p_vector": 41.03616285324097, "sum_time_loading_coverings": 0.05016946792602539}}