{"1": {"enters": 134, "count_subgroups": 581, "sum_estimated_prob_of_next_k": 131.78646689772788, "sum_sr": 581, "sum_time_spent_choosing_strategy": 0.03636980056762695, "sum_time_estimating_p_vector": 34.79442071914673, "sum_time_loading_coverings": 0.028598308563232422}}