{"1": {"enters": 2656, "count_subgroups": 11900, "sum_estimated_prob_of_next_k": 2591.5691085767985, "sum_sr": 11827, "sum_time_spent_choosing_strategy": 0.459705114364624, "sum_time_estimating_p_vector": 694.0912699699402, "sum_time_loading_coverings": 0.45764732360839844}}