{"1": {"enters": 1856, "count_subgroups": 52189, "sum_estimated_prob_of_next_k": 1782.3440223703003, "sum_sr": 52075, "sum_time_spent_choosing_strategy": 1.7179961204528809, "sum_time_estimating_p_vector": 1088.4742946624756, "sum_time_loading_coverings": 0.5584933757781982}}