{"1": {"enters": 141, "count_subgroups": 18808, "sum_estimated_prob_of_next_k": 135.90399216808748, "sum_sr": 18803, "sum_time_spent_choosing_strategy": 0.26462531089782715, "sum_time_estimating_p_vector": 80.39477682113647, "sum_time_loading_coverings": 0.10898900032043457}}