{"1": {"enters": 13437, "count_subgroups": 66178, "sum_estimated_prob_of_next_k": 13004.03483283244, "sum_sr": 65772, "sum_time_spent_choosing_strategy": 2.1655969619750977, "sum_time_estimating_p_vector": 3478.9422969818115, "sum_time_loading_coverings": 2.336808204650879}}