{"1": {"enters": 156, "count_subgroups": 54773, "sum_estimated_prob_of_next_k": 145.27735727710535, "sum_sr": 54766, "sum_time_spent_choosing_strategy": 0.32479333877563477, "sum_time_estimating_p_vector": 90.78106212615967, "sum_time_loading_coverings": 0.13512754440307617}}