{"1": {"enters": 1993, "count_subgroups": 37563, "sum_estimated_prob_of_next_k": 1922.1846588167768, "sum_sr": 37424, "sum_time_spent_choosing_strategy": 1.7065210342407227, "sum_time_estimating_p_vector": 1132.839528799057, "sum_time_loading_coverings": 0.5709469318389893}}