{"1": {"enters": 2458, "count_subgroups": 10780, "sum_estimated_prob_of_next_k": 2412.3027113158346, "sum_sr": 10684, "sum_time_spent_choosing_strategy": 0.3470170497894287, "sum_time_estimating_p_vector": 618.2868957519531, "sum_time_loading_coverings": 0.39114928245544434}}