{"1": {"enters": 379, "count_subgroups": 1662, "sum_estimated_prob_of_next_k": 374.78266462126373, "sum_sr": 1662, "sum_time_spent_choosing_strategy": 0.12563228607177734, "sum_time_estimating_p_vector": 96.93712830543518, "sum_time_loading_coverings": 0.07828927040100098}}