{"1": {"enters": 16115, "count_subgroups": 113532, "sum_estimated_prob_of_next_k": 15353.326834007474, "sum_sr": 113186, "sum_time_spent_choosing_strategy": 2.874143600463867, "sum_time_estimating_p_vector": 3.095231294631958, "sum_time_loading_coverings": 2.9736392498016357}}