{"1": {"enters": 183, "count_subgroups": 36213, "sum_estimated_prob_of_next_k": 174.09949326287534, "sum_sr": 36208, "sum_time_spent_choosing_strategy": 0.4091920852661133, "sum_time_estimating_p_vector": 106.78358173370361, "sum_time_loading_coverings": 0.16846823692321777}}