{"1": {"enters": 16472, "count_subgroups": 112175, "sum_estimated_prob_of_next_k": 15695.939751750442, "sum_sr": 111838, "sum_time_spent_choosing_strategy": 2.9195117950439453, "sum_time_estimating_p_vector": 3.482375144958496, "sum_time_loading_coverings": 3.219784736633301}}