{"1": {"enters": 13009, "count_subgroups": 63343, "sum_estimated_prob_of_next_k": 12577.211921854163, "sum_sr": 62929, "sum_time_spent_choosing_strategy": 2.061391830444336, "sum_time_estimating_p_vector": 3288.8926730155945, "sum_time_loading_coverings": 2.200143575668335}}