{"1": {"enters": 295, "count_subgroups": 107066, "sum_estimated_prob_of_next_k": 271.384332903993, "sum_sr": 107058, "sum_time_spent_choosing_strategy": 0.6000504493713379, "sum_time_estimating_p_vector": 175.01824593544006, "sum_time_loading_coverings": 0.2802853584289551}}