{"1": {"enters": 141, "count_subgroups": 12136, "sum_estimated_prob_of_next_k": 136.7346764079268, "sum_sr": 12135, "sum_time_spent_choosing_strategy": 0.2431201934814453, "sum_time_estimating_p_vector": 82.35610151290894, "sum_time_loading_coverings": 0.08387064933776855}}