{"1": {"enters": 3115, "count_subgroups": 15854, "sum_estimated_prob_of_next_k": 2984.691386753917, "sum_sr": 15766, "sum_time_spent_choosing_strategy": 0.49477672576904297, "sum_time_estimating_p_vector": 0.6557216644287109, "sum_time_loading_coverings": 0.5631470680236816}}