{"1": {"enters": 143, "count_subgroups": 47866, "sum_estimated_prob_of_next_k": 134.0418903978365, "sum_sr": 47866, "sum_time_spent_choosing_strategy": 0.3305797576904297, "sum_time_estimating_p_vector": 85.05542278289795, "sum_time_loading_coverings": 0.12332558631896973}}