{"1": {"enters": 5587, "count_subgroups": 25880, "sum_estimated_prob_of_next_k": 5457.043958472242, "sum_sr": 25649, "sum_time_spent_choosing_strategy": 0.9380307197570801, "sum_time_estimating_p_vector": 1414.068440914154, "sum_time_loading_coverings": 0.9749171733856201}}