{"1": {"enters": 15666, "count_subgroups": 106201, "sum_estimated_prob_of_next_k": 14936.136649936836, "sum_sr": 105852, "sum_time_spent_choosing_strategy": 2.760803461074829, "sum_time_estimating_p_vector": 3.056748390197754, "sum_time_loading_coverings": 2.888327121734619}}