{"1": {"enters": 67, "count_subgroups": 44807, "sum_estimated_prob_of_next_k": 60.90352885182571, "sum_sr": 44807, "sum_time_spent_choosing_strategy": 0.1707303524017334, "sum_time_estimating_p_vector": 38.329962730407715, "sum_time_loading_coverings": 0.09205079078674316}}