{"1": {"enters": 5734, "count_subgroups": 42549, "sum_estimated_prob_of_next_k": 5457.426752893717, "sum_sr": 42352, "sum_time_spent_choosing_strategy": 1.1458306312561035, "sum_time_estimating_p_vector": 1.1462554931640625, "sum_time_loading_coverings": 1.0729031562805176}}