{"1": {"enters": 69, "count_subgroups": 37729, "sum_estimated_prob_of_next_k": 62.6410195798749, "sum_sr": 37728, "sum_time_spent_choosing_strategy": 0.17320680618286133, "sum_time_estimating_p_vector": 38.68736457824707, "sum_time_loading_coverings": 0.08613038063049316}}