{"1": {"enters": 2614, "count_subgroups": 11621, "sum_estimated_prob_of_next_k": 2549.8485010025584, "sum_sr": 11553, "sum_time_spent_choosing_strategy": 0.4184262752532959, "sum_time_estimating_p_vector": 667.0611660480499, "sum_time_loading_coverings": 0.44943833351135254}}