{"1": {"enters": 553, "count_subgroups": 18942, "sum_estimated_prob_of_next_k": 535.3019372297107, "sum_sr": 18846, "sum_time_spent_choosing_strategy": 0.45763492584228516, "sum_time_estimating_p_vector": 327.1015815734863, "sum_time_loading_coverings": 0.18256306648254395}}