{"1": {"enters": 351, "count_subgroups": 1462, "sum_estimated_prob_of_next_k": 347.26076441916985, "sum_sr": 1462, "sum_time_spent_choosing_strategy": 0.11666226387023926, "sum_time_estimating_p_vector": 89.37370157241821, "sum_time_loading_coverings": 0.07501912117004395}}