{"1": {"enters": 53, "count_subgroups": 212, "sum_estimated_prob_of_next_k": 52.725525842603766, "sum_sr": 212, "sum_time_spent_choosing_strategy": 0.03367424011230469, "sum_time_estimating_p_vector": 13.413604497909546, "sum_time_loading_coverings": 0.013112068176269531}}