{"1": {"enters": 706, "count_subgroups": 2999, "sum_estimated_prob_of_next_k": 696.0691809364824, "sum_sr": 2996, "sum_time_spent_choosing_strategy": 0.2731008529663086, "sum_time_estimating_p_vector": 180.061217546463, "sum_time_loading_coverings": 0.1607532501220703}}