{"1": {"enters": 13169, "count_subgroups": 65904, "sum_estimated_prob_of_next_k": 12744.849646792969, "sum_sr": 65479, "sum_time_spent_choosing_strategy": 2.073427438735962, "sum_time_estimating_p_vector": 3270.3454546928406, "sum_time_loading_coverings": 2.235441207885742}}