{"1": {"enters": 111, "count_subgroups": 7604, "sum_estimated_prob_of_next_k": 108.16377802213262, "sum_sr": 7604, "sum_time_spent_choosing_strategy": 0.26580381393432617, "sum_time_estimating_p_vector": 64.9903576374054, "sum_time_loading_coverings": 0.08964061737060547}}