{"1": {"enters": 4202, "count_subgroups": 20286, "sum_estimated_prob_of_next_k": 4094.283491919025, "sum_sr": 20078, "sum_time_spent_choosing_strategy": 0.7256824970245361, "sum_time_estimating_p_vector": 1097.481130361557, "sum_time_loading_coverings": 0.7471718788146973}}