{"1": {"enters": 187, "count_subgroups": 43042, "sum_estimated_prob_of_next_k": 178.8881847893844, "sum_sr": 43036, "sum_time_spent_choosing_strategy": 0.40885162353515625, "sum_time_estimating_p_vector": 106.17713403701782, "sum_time_loading_coverings": 0.1373894214630127}}