{"1": {"enters": 2001, "count_subgroups": 112079, "sum_estimated_prob_of_next_k": 1922.044131014976, "sum_sr": 111914, "sum_time_spent_choosing_strategy": 1.5980894565582275, "sum_time_estimating_p_vector": 1165.105818271637, "sum_time_loading_coverings": 0.6081364154815674}}