{"1": {"enters": 486, "count_subgroups": 31813, "sum_estimated_prob_of_next_k": 468.49817279849094, "sum_sr": 31730, "sum_time_spent_choosing_strategy": 0.4306175708770752, "sum_time_estimating_p_vector": 281.00714683532715, "sum_time_loading_coverings": 0.18669819831848145}}