{"1": {"enters": 228, "count_subgroups": 53578, "sum_estimated_prob_of_next_k": 217.92690868961216, "sum_sr": 53572, "sum_time_spent_choosing_strategy": 0.47492122650146484, "sum_time_estimating_p_vector": 131.4320478439331, "sum_time_loading_coverings": 0.21203994750976562}}