{"1": {"enters": 564, "count_subgroups": 2456, "sum_estimated_prob_of_next_k": 556.6421665727866, "sum_sr": 2450, "sum_time_spent_choosing_strategy": 0.21152687072753906, "sum_time_estimating_p_vector": 142.05356001853943, "sum_time_loading_coverings": 0.12286949157714844}}