{"1": {"enters": 1842, "count_subgroups": 42571, "sum_estimated_prob_of_next_k": 1770.921486604363, "sum_sr": 42413, "sum_time_spent_choosing_strategy": 1.3852815628051758, "sum_time_estimating_p_vector": 1092.917002439499, "sum_time_loading_coverings": 0.5002703666687012}}