{"1": {"enters": 7202, "count_subgroups": 38307, "sum_estimated_prob_of_next_k": 6996.994437461208, "sum_sr": 37992, "sum_time_spent_choosing_strategy": 1.390557050704956, "sum_time_estimating_p_vector": 1830.1896727085114, "sum_time_loading_coverings": 1.217712163925171}}