{"1": {"enters": 2558, "count_subgroups": 11092, "sum_estimated_prob_of_next_k": 2510.243199272116, "sum_sr": 10995, "sum_time_spent_choosing_strategy": 0.35685253143310547, "sum_time_estimating_p_vector": 640.1309192180634, "sum_time_loading_coverings": 0.3936879634857178}}