{"1": {"enters": 179, "count_subgroups": 67564, "sum_estimated_prob_of_next_k": 164.59736165788146, "sum_sr": 67558, "sum_time_spent_choosing_strategy": 0.38167715072631836, "sum_time_estimating_p_vector": 106.01217436790466, "sum_time_loading_coverings": 0.17383766174316406}}