{"1":
  {"enters": 3, "count_subgroups": 9, "sum_estimated_prob_of_next_k": 2.9999817484450495, "sum_sr": 9, "sum_time_spent_choosing_strategy": 0.00115203857421875, "sum_time_estimating_p_vector": 0.7792158126831055, "sum_time_loading_coverings": 0.0005676746368408203}}