{"1": {"enters": 6, "count_subgroups": 582, "sum_estimated_prob_of_next_k": 5.833815466618639, "sum_sr": 582, "sum_time_spent_choosing_strategy": 0.020518064498901367, "sum_time_estimating_p_vector": 3.606395721435547, "sum_time_loading_coverings": 0.004757881164550781}}