{"1": {"enters": 144, "count_subgroups": 671, "sum_estimated_prob_of_next_k": 141.630201971892, "sum_sr": 671, "sum_time_spent_choosing_strategy": 0.04067087173461914, "sum_time_estimating_p_vector": 36.278756856918335, "sum_time_loading_coverings": 0.030845165252685547}}