{"1": {"enters": 3197, "count_subgroups": 16908, "sum_estimated_prob_of_next_k": 3068.834072400555, "sum_sr": 16814, "sum_time_spent_choosing_strategy": 0.5125269889831543, "sum_time_estimating_p_vector": 0.6187617778778076, "sum_time_loading_coverings": 0.5366084575653076}}