{"1": {"enters": 965, "count_subgroups": 82991, "sum_estimated_prob_of_next_k": 917.9745401242238, "sum_sr": 82905, "sum_time_spent_choosing_strategy": 0.9283797740936279, "sum_time_estimating_p_vector": 565.0591711997986, "sum_time_loading_coverings": 0.3567924499511719}}