{"1": {"enters": 2504, "count_subgroups": 10964, "sum_estimated_prob_of_next_k": 2457.876703302133, "sum_sr": 10868, "sum_time_spent_choosing_strategy": 0.37616491317749023, "sum_time_estimating_p_vector": 629.8353657722473, "sum_time_loading_coverings": 0.4038112163543701}}