{"1": {"enters": 389, "count_subgroups": 1662, "sum_estimated_prob_of_next_k": 385.28131716959786, "sum_sr": 1661, "sum_time_spent_choosing_strategy": 0.12673115730285645, "sum_time_estimating_p_vector": 101.57418155670166, "sum_time_loading_coverings": 0.08038163185119629}}