{"1": {"enters": 414, "count_subgroups": 1950, "sum_estimated_prob_of_next_k": 407.2019147236475, "sum_sr": 1950, "sum_time_spent_choosing_strategy": 0.135972261428833, "sum_time_estimating_p_vector": 0.08288836479187012, "sum_time_loading_coverings": 0.09047245979309082}}