{"1": {"enters": 2373, "count_subgroups": 10454, "sum_estimated_prob_of_next_k": 2329.047447114809, "sum_sr": 10349, "sum_time_spent_choosing_strategy": 0.3497281074523926, "sum_time_estimating_p_vector": 605.8537197113037, "sum_time_loading_coverings": 0.3796515464782715}}