{"1": {"enters": 2397, "count_subgroups": 10394, "sum_estimated_prob_of_next_k": 2351.610047623439, "sum_sr": 10313, "sum_time_spent_choosing_strategy": 0.32162928581237793, "sum_time_estimating_p_vector": 621.4453809261322, "sum_time_loading_coverings": 0.3665633201599121}}