{"1": {"enters": 2849, "count_subgroups": 14578, "sum_estimated_prob_of_next_k": 2738.4804202102614, "sum_sr": 14502, "sum_time_spent_choosing_strategy": 0.5019516944885254, "sum_time_estimating_p_vector": 0.563495397567749, "sum_time_loading_coverings": 0.4906754493713379}}