{"1": {"enters": 150, "count_subgroups": 74948, "sum_estimated_prob_of_next_k": 144.72261389164223, "sum_sr": 74947, "sum_time_spent_choosing_strategy": 0.2728278636932373, "sum_time_estimating_p_vector": 87.59344553947449, "sum_time_loading_coverings": 0.14564919471740723}}