{"1": {"enters": 6094, "count_subgroups": 47962, "sum_estimated_prob_of_next_k": 5796.932387237979, "sum_sr": 47741, "sum_time_spent_choosing_strategy": 1.2113556861877441, "sum_time_estimating_p_vector": 1.20871901512146, "sum_time_loading_coverings": 1.1311898231506348}}