{"1": {"enters": 7455, "count_subgroups": 35146, "sum_estimated_prob_of_next_k": 7275.588434776862, "sum_sr": 34861, "sum_time_spent_choosing_strategy": 1.355757236480713, "sum_time_estimating_p_vector": 1945.3045542240143, "sum_time_loading_coverings": 1.3453681468963623}}