{"1": {"enters": 1, "count_subgroups": 3, "sum_estimated_prob_of_next_k": 0.9999208027211474, "sum_sr": 3, "sum_time_spent_choosing_strategy": 0.0006992816925048828, "sum_time_estimating_p_vector": 54.70317530632019, "sum_time_loading_coverings": 0.003021240234375}}