{"1": {"enters": 2752, "count_subgroups": 12180, "sum_estimated_prob_of_next_k": 2685.496841482664, "sum_sr": 12108, "sum_time_spent_choosing_strategy": 0.5046372413635254, "sum_time_estimating_p_vector": 713.3326163291931, "sum_time_loading_coverings": 0.4818565845489502}}