{"1": {"enters": 139, "count_subgroups": 603, "sum_estimated_prob_of_next_k": 136.60698250198266, "sum_sr": 603, "sum_time_spent_choosing_strategy": 0.03785204887390137, "sum_time_estimating_p_vector": 34.767496824264526, "sum_time_loading_coverings": 0.030415773391723633}}