{"1": {"enters": 182, "count_subgroups": 58105, "sum_estimated_prob_of_next_k": 169.37867725321965, "sum_sr": 58094, "sum_time_spent_choosing_strategy": 0.35445308685302734, "sum_time_estimating_p_vector": 105.33807253837585, "sum_time_loading_coverings": 0.14076733589172363}}