{"1": {"enters": 109, "count_subgroups": 17301, "sum_estimated_prob_of_next_k": 102.90372617033623, "sum_sr": 17301, "sum_time_spent_choosing_strategy": 0.25412702560424805, "sum_time_estimating_p_vector": 64.71738600730896, "sum_time_loading_coverings": 0.06828832626342773}}