{"1": {"enters": 86, "count_subgroups": 4588, "sum_estimated_prob_of_next_k": 83.33473187479383, "sum_sr": 4588, "sum_time_spent_choosing_strategy": 0.19862818717956543, "sum_time_estimating_p_vector": 48.616570472717285, "sum_time_loading_coverings": 0.05440950393676758}}