{"1": {"enters": 2474, "count_subgroups": 10889, "sum_estimated_prob_of_next_k": 2426.072184210066, "sum_sr": 10784, "sum_time_spent_choosing_strategy": 0.3727130889892578, "sum_time_estimating_p_vector": 637.5610520839691, "sum_time_loading_coverings": 0.3904714584350586}}