{"1": {"enters": 9875, "count_subgroups": 68067, "sum_estimated_prob_of_next_k": 9453.164809958496, "sum_sr": 67806, "sum_time_spent_choosing_strategy": 1.9987826347351074, "sum_time_estimating_p_vector": 1.9411571025848389, "sum_time_loading_coverings": 1.9010045528411865}}