{"1": {"enters": 70, "count_subgroups": 7408, "sum_estimated_prob_of_next_k": 67.69100307419993, "sum_sr": 7408, "sum_time_spent_choosing_strategy": 0.16057443618774414, "sum_time_estimating_p_vector": 40.70939588546753, "sum_time_loading_coverings": 0.04033946990966797}}