{"1": {"enters": 260, "count_subgroups": 48594, "sum_estimated_prob_of_next_k": 248.2219832929206, "sum_sr": 48592, "sum_time_spent_choosing_strategy": 0.40293192863464355, "sum_time_estimating_p_vector": 154.8178253173828, "sum_time_loading_coverings": 0.1514732837677002}}