{"1": {"enters": 2524, "count_subgroups": 11125, "sum_estimated_prob_of_next_k": 2475.865997289795, "sum_sr": 11020, "sum_time_spent_choosing_strategy": 0.4035980701446533, "sum_time_estimating_p_vector": 650.3804042339325, "sum_time_loading_coverings": 0.40308260917663574}}