{"1": {"enters": 236, "count_subgroups": 37964, "sum_estimated_prob_of_next_k": 225.58562830862965, "sum_sr": 37962, "sum_time_spent_choosing_strategy": 0.42738842964172363, "sum_time_estimating_p_vector": 137.99414467811584, "sum_time_loading_coverings": 0.13910341262817383}}