{"1": {"enters": 291, "count_subgroups": 108837, "sum_estimated_prob_of_next_k": 277.42192864233067, "sum_sr": 108831, "sum_time_spent_choosing_strategy": 0.600762128829956, "sum_time_estimating_p_vector": 172.6552655696869, "sum_time_loading_coverings": 0.33471155166625977}}