{"1": {"enters": 1751, "count_subgroups": 99067, "sum_estimated_prob_of_next_k": 1687.9636536982268, "sum_sr": 98953, "sum_time_spent_choosing_strategy": 1.3213725090026855, "sum_time_estimating_p_vector": 1012.8278207778931, "sum_time_loading_coverings": 0.5276072025299072}}