{"1": {"enters": 132, "count_subgroups": 75465, "sum_estimated_prob_of_next_k": 128.16311155812178, "sum_sr": 75464, "sum_time_spent_choosing_strategy": 0.2521965503692627, "sum_time_estimating_p_vector": 77.31399726867676, "sum_time_loading_coverings": 0.1398909091949463}}