{"1": {"enters": 59, "count_subgroups": 49819, "sum_estimated_prob_of_next_k": 52.98011308496613, "sum_sr": 49819, "sum_time_spent_choosing_strategy": 0.15584731101989746, "sum_time_estimating_p_vector": 34.13544821739197, "sum_time_loading_coverings": 0.08595609664916992}}