{"1": {"enters": 1749, "count_subgroups": 105174, "sum_estimated_prob_of_next_k": 1675.2667927510136, "sum_sr": 105059, "sum_time_spent_choosing_strategy": 1.697030782699585, "sum_time_estimating_p_vector": 1043.8303394317627, "sum_time_loading_coverings": 0.6076171398162842}}