{"1": {"enters": 3, "count_subgroups": 7123, "sum_estimated_prob_of_next_k": 2.533910021621426, "sum_sr": 7123, "sum_time_spent_choosing_strategy": 0.009838581085205078, "sum_time_estimating_p_vector": 1.6978895664215088, "sum_time_loading_coverings": 0.009865999221801758}}