{"1": {"enters": 5753, "count_subgroups": 27960, "sum_estimated_prob_of_next_k": 5614.603030879099, "sum_sr": 27716, "sum_time_spent_choosing_strategy": 1.0290453433990479, "sum_time_estimating_p_vector": 1490.4371767044067, "sum_time_loading_coverings": 1.0457789897918701}}