{"1": {"enters": 116, "count_subgroups": 25357, "sum_estimated_prob_of_next_k": 111.30557998492922, "sum_sr": 25356, "sum_time_spent_choosing_strategy": 0.28693294525146484, "sum_time_estimating_p_vector": 68.82823967933655, "sum_time_loading_coverings": 0.14748930931091309}}