{"1": {"enters": 161, "count_subgroups": 37600, "sum_estimated_prob_of_next_k": 154.13885797006725, "sum_sr": 37597, "sum_time_spent_choosing_strategy": 0.30774998664855957, "sum_time_estimating_p_vector": 94.93471765518188, "sum_time_loading_coverings": 0.10782003402709961}}