{"1": {"enters": 2661, "count_subgroups": 11809, "sum_estimated_prob_of_next_k": 2596.218189399054, "sum_sr": 11741, "sum_time_spent_choosing_strategy": 0.450519323348999, "sum_time_estimating_p_vector": 678.9549386501312, "sum_time_loading_coverings": 0.46413183212280273}}