{"1": {"enters": 16549, "count_subgroups": 122038, "sum_estimated_prob_of_next_k": 15741.828209366931, "sum_sr": 121677, "sum_time_spent_choosing_strategy": 2.9399588108062744, "sum_time_estimating_p_vector": 3.188906669616699, "sum_time_loading_coverings": 3.0360844135284424}}