{"1": {"enters": 166, "count_subgroups": 33733, "sum_estimated_prob_of_next_k": 158.9762844512962, "sum_sr": 33727, "sum_time_spent_choosing_strategy": 0.35396862030029297, "sum_time_estimating_p_vector": 94.14489102363586, "sum_time_loading_coverings": 0.11359214782714844}}