{"1": {"enters": 458, "count_subgroups": 22545, "sum_estimated_prob_of_next_k": 443.9733566624835, "sum_sr": 22473, "sum_time_spent_choosing_strategy": 0.39792919158935547, "sum_time_estimating_p_vector": 257.10306906700134, "sum_time_loading_coverings": 0.17642855644226074}}