{"1": {"enters": 5129, "count_subgroups": 27745, "sum_estimated_prob_of_next_k": 4973.026254836849, "sum_sr": 27497, "sum_time_spent_choosing_strategy": 0.9293391704559326, "sum_time_estimating_p_vector": 1284.1983456611633, "sum_time_loading_coverings": 0.8619186878204346}}