{"1": {"enters": 3312, "count_subgroups": 16331, "sum_estimated_prob_of_next_k": 3175.58675931926, "sum_sr": 16252, "sum_time_spent_choosing_strategy": 0.515209436416626, "sum_time_estimating_p_vector": 0.6804986000061035, "sum_time_loading_coverings": 0.5770261287689209}}