{"1": {"enters": 124, "count_subgroups": 6368, "sum_estimated_prob_of_next_k": 121.61454163954899, "sum_sr": 6367, "sum_time_spent_choosing_strategy": 0.22492027282714844, "sum_time_estimating_p_vector": 72.66754722595215, "sum_time_loading_coverings": 0.07255125045776367}}