{"1": {"enters": 4264, "count_subgroups": 20428, "sum_estimated_prob_of_next_k": 4156.34210756939, "sum_sr": 20220, "sum_time_spent_choosing_strategy": 0.7416794300079346, "sum_time_estimating_p_vector": 1078.9138071537018, "sum_time_loading_coverings": 0.7499735355377197}}