{"1": {"enters": 871, "count_subgroups": 4158, "sum_estimated_prob_of_next_k": 854.6084168781339, "sum_sr": 4146, "sum_time_spent_choosing_strategy": 0.3242771625518799, "sum_time_estimating_p_vector": 0.16841626167297363, "sum_time_loading_coverings": 0.19253325462341309}}