{"1": {"enters": 2506, "count_subgroups": 10901, "sum_estimated_prob_of_next_k": 2458.7149917083702, "sum_sr": 10810, "sum_time_spent_choosing_strategy": 0.3737623691558838, "sum_time_estimating_p_vector": 641.8887987136841, "sum_time_loading_coverings": 0.396136999130249}}