{"1": {"enters": 1815, "count_subgroups": 42439, "sum_estimated_prob_of_next_k": 1744.4273309226496, "sum_sr": 42281, "sum_time_spent_choosing_strategy": 1.3579323291778564, "sum_time_estimating_p_vector": 1076.7661049365997, "sum_time_loading_coverings": 0.49047422409057617}}