{"1": {"enters": 177, "count_subgroups": 149213, "sum_estimated_prob_of_next_k": 164.18479969626392, "sum_sr": 149207, "sum_time_spent_choosing_strategy": 0.38988375663757324, "sum_time_estimating_p_vector": 105.63513231277466, "sum_time_loading_coverings": 0.24239420890808105}}