{"1": {"enters": 7, "count_subgroups": 6704, "sum_estimated_prob_of_next_k": 6.384135979592189, "sum_sr": 6704, "sum_time_spent_choosing_strategy": 0.022426605224609375, "sum_time_estimating_p_vector": 4.2148659229278564, "sum_time_loading_coverings": 0.01064300537109375}}