{"1": {"enters": 5505, "count_subgroups": 29302, "sum_estimated_prob_of_next_k": 5344.263583955705, "sum_sr": 29052, "sum_time_spent_choosing_strategy": 0.9801409244537354, "sum_time_estimating_p_vector": 1378.3107714653015, "sum_time_loading_coverings": 0.9245913028717041}}