{"1": {"enters": 12898, "count_subgroups": 63984, "sum_estimated_prob_of_next_k": 12520.46799079207, "sum_sr": 63507, "sum_time_spent_choosing_strategy": 2.080901861190796, "sum_time_estimating_p_vector": 3345.205080270767, "sum_time_loading_coverings": 2.12481689453125}}