{"1": {"enters": 13160, "count_subgroups": 63978, "sum_estimated_prob_of_next_k": 12730.959535485643, "sum_sr": 63593, "sum_time_spent_choosing_strategy": 2.1482558250427246, "sum_time_estimating_p_vector": 3327.872378349304, "sum_time_loading_coverings": 2.2359819412231445}}