{"1": {"enters": 86, "count_subgroups": 35955, "sum_estimated_prob_of_next_k": 79.33136710058338, "sum_sr": 35955, "sum_time_spent_choosing_strategy": 0.2238008975982666, "sum_time_estimating_p_vector": 51.05685019493103, "sum_time_loading_coverings": 0.1064138412475586}}