{"1": {"enters": 172, "count_subgroups": 11343, "sum_estimated_prob_of_next_k": 167.30832658100366, "sum_sr": 11342, "sum_time_spent_choosing_strategy": 0.3310368061065674, "sum_time_estimating_p_vector": 99.01853895187378, "sum_time_loading_coverings": 0.1022956371307373}}