{"1": {"enters": 450, "count_subgroups": 43430, "sum_estimated_prob_of_next_k": 433.8270562740716, "sum_sr": 43366, "sum_time_spent_choosing_strategy": 0.4340972900390625, "sum_time_estimating_p_vector": 262.1698114871979, "sum_time_loading_coverings": 0.17114877700805664}}