{"1": {"enters": 196, "count_subgroups": 48188, "sum_estimated_prob_of_next_k": 185.6299856119593, "sum_sr": 48183, "sum_time_spent_choosing_strategy": 0.43382692337036133, "sum_time_estimating_p_vector": 110.90413475036621, "sum_time_loading_coverings": 0.20510339736938477}}