{"1": {"enters": 1861, "count_subgroups": 103388, "sum_estimated_prob_of_next_k": 1784.2568800308864, "sum_sr": 103285, "sum_time_spent_choosing_strategy": 1.8011143207550049, "sum_time_estimating_p_vector": 1092.858444929123, "sum_time_loading_coverings": 0.6067800521850586}}