{"1": {"enters": 3014, "count_subgroups": 15928, "sum_estimated_prob_of_next_k": 2898.915254595042, "sum_sr": 15866, "sum_time_spent_choosing_strategy": 0.5055224895477295, "sum_time_estimating_p_vector": 0.6023428440093994, "sum_time_loading_coverings": 0.513371467590332}}