{"1": {"enters": 69, "count_subgroups": 24584, "sum_estimated_prob_of_next_k": 65.24391570250233, "sum_sr": 24583, "sum_time_spent_choosing_strategy": 0.1633298397064209, "sum_time_estimating_p_vector": 40.50514054298401, "sum_time_loading_coverings": 0.07291722297668457}}