{"1": {"enters": 195, "count_subgroups": 158497, "sum_estimated_prob_of_next_k": 180.72281766346998, "sum_sr": 158491, "sum_time_spent_choosing_strategy": 0.43760061264038086, "sum_time_estimating_p_vector": 116.42105221748352, "sum_time_loading_coverings": 0.2777698040008545}}