{"1": {"enters": 625, "count_subgroups": 3032, "sum_estimated_prob_of_next_k": 615.6220599738704, "sum_sr": 3029, "sum_time_spent_choosing_strategy": 0.23519158363342285, "sum_time_estimating_p_vector": 160.66938519477844, "sum_time_loading_coverings": 0.13698482513427734}}