{"1": {"enters": 160, "count_subgroups": 31227, "sum_estimated_prob_of_next_k": 151.7591062327575, "sum_sr": 31223, "sum_time_spent_choosing_strategy": 0.34917473793029785, "sum_time_estimating_p_vector": 93.19396424293518, "sum_time_loading_coverings": 0.14870810508728027}}