{"1": {"enters": 5305, "count_subgroups": 28719, "sum_estimated_prob_of_next_k": 5148.994848512528, "sum_sr": 28488, "sum_time_spent_choosing_strategy": 0.9308533668518066, "sum_time_estimating_p_vector": 1376.6033809185028, "sum_time_loading_coverings": 0.8858075141906738}}