{"1": {"enters": 88, "count_subgroups": 45705, "sum_estimated_prob_of_next_k": 80.95142696117117, "sum_sr": 45705, "sum_time_spent_choosing_strategy": 0.20071959495544434, "sum_time_estimating_p_vector": 50.973355531692505, "sum_time_loading_coverings": 0.09263896942138672}}