{"1": {"enters": 1759, "count_subgroups": 33172, "sum_estimated_prob_of_next_k": 1691.1249412962925, "sum_sr": 33024, "sum_time_spent_choosing_strategy": 1.3069748878479004, "sum_time_estimating_p_vector": 1026.669427871704, "sum_time_loading_coverings": 0.47136521339416504}}