{"1": {"enters": 251, "count_subgroups": 24760, "sum_estimated_prob_of_next_k": 241.85137437913983, "sum_sr": 24758, "sum_time_spent_choosing_strategy": 0.3512289524078369, "sum_time_estimating_p_vector": 148.54470777511597, "sum_time_loading_coverings": 0.1229403018951416}}