{"1": {"enters": 144, "count_subgroups": 47498, "sum_estimated_prob_of_next_k": 135.7782669660967, "sum_sr": 47498, "sum_time_spent_choosing_strategy": 0.3144721984863281, "sum_time_estimating_p_vector": 85.21767902374268, "sum_time_loading_coverings": 0.1179807186126709}}