{"1": {"enters": 1466, "count_subgroups": 60172, "sum_estimated_prob_of_next_k": 1407.5821699423227, "sum_sr": 60069, "sum_time_spent_choosing_strategy": 1.140232801437378, "sum_time_estimating_p_vector": 845.0095386505127, "sum_time_loading_coverings": 0.4242260456085205}}