{"1": {"enters": 1857, "count_subgroups": 83681, "sum_estimated_prob_of_next_k": 1783.3124726628625, "sum_sr": 83570, "sum_time_spent_choosing_strategy": 1.7537782192230225, "sum_time_estimating_p_vector": 1081.71129322052, "sum_time_loading_coverings": 0.616950273513794}}