{"1": {"enters": 1478, "count_subgroups": 84928, "sum_estimated_prob_of_next_k": 1414.9662552802922, "sum_sr": 84831, "sum_time_spent_choosing_strategy": 1.3033742904663086, "sum_time_estimating_p_vector": 835.2603282928467, "sum_time_loading_coverings": 0.49156904220581055}}