{"1": {"enters": 169, "count_subgroups": 13902, "sum_estimated_prob_of_next_k": 163.96062950600887, "sum_sr": 13898, "sum_time_spent_choosing_strategy": 0.295851469039917, "sum_time_estimating_p_vector": 101.64869284629822, "sum_time_loading_coverings": 0.1007988452911377}}