{"1": {"enters": 414, "count_subgroups": 2772, "sum_estimated_prob_of_next_k": 406.17494591969586, "sum_sr": 2772, "sum_time_spent_choosing_strategy": 0.13930654525756836, "sum_time_estimating_p_vector": 0.07874083518981934, "sum_time_loading_coverings": 0.08479094505310059}}