{"1": {"enters": 731, "count_subgroups": 3149, "sum_estimated_prob_of_next_k": 721.2121940354976, "sum_sr": 3142, "sum_time_spent_choosing_strategy": 0.27069926261901855, "sum_time_estimating_p_vector": 181.88210344314575, "sum_time_loading_coverings": 0.15750861167907715}}