{"1": {"enters": 2754, "count_subgroups": 12312, "sum_estimated_prob_of_next_k": 2689.314026008994, "sum_sr": 12225, "sum_time_spent_choosing_strategy": 0.45479869842529297, "sum_time_estimating_p_vector": 686.962296962738, "sum_time_loading_coverings": 0.4562191963195801}}