{"1": {"enters": 173, "count_subgroups": 59199, "sum_estimated_prob_of_next_k": 161.66370050130232, "sum_sr": 59192, "sum_time_spent_choosing_strategy": 0.3722689151763916, "sum_time_estimating_p_vector": 100.78641676902771, "sum_time_loading_coverings": 0.16384196281433105}}