{"1": {"enters": 1791, "count_subgroups": 53524, "sum_estimated_prob_of_next_k": 1714.9160379297468, "sum_sr": 53383, "sum_time_spent_choosing_strategy": 1.3873238563537598, "sum_time_estimating_p_vector": 1036.6090998649597, "sum_time_loading_coverings": 0.5045976638793945}}