{"1": {"enters": 7435, "count_subgroups": 50683, "sum_estimated_prob_of_next_k": 7102.925346584226, "sum_sr": 50478, "sum_time_spent_choosing_strategy": 1.4525957107543945, "sum_time_estimating_p_vector": 1.4995872974395752, "sum_time_loading_coverings": 1.4191985130310059}}