{"1": {"enters": 2610, "count_subgroups": 11680, "sum_estimated_prob_of_next_k": 2546.0384319189466, "sum_sr": 11586, "sum_time_spent_choosing_strategy": 0.41083693504333496, "sum_time_estimating_p_vector": 667.3560044765472, "sum_time_loading_coverings": 0.4225490093231201}}