{"1": {"enters": 178, "count_subgroups": 50854, "sum_estimated_prob_of_next_k": 169.9808467582513, "sum_sr": 50850, "sum_time_spent_choosing_strategy": 0.3914988040924072, "sum_time_estimating_p_vector": 102.61279964447021, "sum_time_loading_coverings": 0.18949556350708008}}