{"1": {"enters": 142, "count_subgroups": 10063, "sum_estimated_prob_of_next_k": 138.15087014026034, "sum_sr": 10062, "sum_time_spent_choosing_strategy": 0.29262495040893555, "sum_time_estimating_p_vector": 81.70105791091919, "sum_time_loading_coverings": 0.09101438522338867}}