{"1": {"enters": 862, "count_subgroups": 3623, "sum_estimated_prob_of_next_k": 849.3289086489135, "sum_sr": 3616, "sum_time_spent_choosing_strategy": 0.33432865142822266, "sum_time_estimating_p_vector": 223.5090789794922, "sum_time_loading_coverings": 0.19737696647644043}}