{"1": {"enters": 46, "count_subgroups": 188, "sum_estimated_prob_of_next_k": 45.29661388721199, "sum_sr": 188, "sum_time_spent_choosing_strategy": 0.029405593872070312, "sum_time_estimating_p_vector": 11.76476502418518, "sum_time_loading_coverings": 0.011752843856811523}}