{"1": {"enters": 12758, "count_subgroups": 64002, "sum_estimated_prob_of_next_k": 12386.24188149982, "sum_sr": 63507, "sum_time_spent_choosing_strategy": 2.1499195098876953, "sum_time_estimating_p_vector": 3244.2770516872406, "sum_time_loading_coverings": 2.0915839672088623}}