{"1": {"enters": 9855, "count_subgroups": 71438, "sum_estimated_prob_of_next_k": 9430.190938675807, "sum_sr": 71160, "sum_time_spent_choosing_strategy": 1.9998388290405273, "sum_time_estimating_p_vector": 1.9492316246032715, "sum_time_loading_coverings": 1.8958284854888916}}