{"1": {"enters": 1758, "count_subgroups": 36686, "sum_estimated_prob_of_next_k": 1686.640719316853, "sum_sr": 36534, "sum_time_spent_choosing_strategy": 1.3272113800048828, "sum_time_estimating_p_vector": 989.8764793872833, "sum_time_loading_coverings": 0.4848215579986572}}