{"1": {"enters": 6073, "count_subgroups": 45569, "sum_estimated_prob_of_next_k": 5778.407789900767, "sum_sr": 45368, "sum_time_spent_choosing_strategy": 1.2027130126953125, "sum_time_estimating_p_vector": 1.1988916397094727, "sum_time_loading_coverings": 1.1298396587371826}}