{"1": {"enters": 1650, "count_subgroups": 55935, "sum_estimated_prob_of_next_k": 1586.5033643984225, "sum_sr": 55826, "sum_time_spent_choosing_strategy": 1.3267171382904053, "sum_time_estimating_p_vector": 962.2126021385193, "sum_time_loading_coverings": 0.45565056800842285}}