{"1": {"enters": 2631, "count_subgroups": 11728, "sum_estimated_prob_of_next_k": 2582.4996032470535, "sum_sr": 11633, "sum_time_spent_choosing_strategy": 0.40343642234802246, "sum_time_estimating_p_vector": 676.2578599452972, "sum_time_loading_coverings": 0.4241609573364258}}