{"1": {"enters": 3175, "count_subgroups": 16311, "sum_estimated_prob_of_next_k": 3043.4237638473255, "sum_sr": 16223, "sum_time_spent_choosing_strategy": 0.5367038249969482, "sum_time_estimating_p_vector": 0.6750493049621582, "sum_time_loading_coverings": 0.5823235511779785}}