{"1": {"enters": 195, "count_subgroups": 60107, "sum_estimated_prob_of_next_k": 183.87844274021023, "sum_sr": 60097, "sum_time_spent_choosing_strategy": 0.432161808013916, "sum_time_estimating_p_vector": 114.20562076568604, "sum_time_loading_coverings": 0.1919093132019043}}