{"1": {"enters": 407, "count_subgroups": 1686, "sum_estimated_prob_of_next_k": 403.96865462065193, "sum_sr": 1686, "sum_time_spent_choosing_strategy": 0.1378645896911621, "sum_time_estimating_p_vector": 105.15794777870178, "sum_time_loading_coverings": 0.0901651382446289}}