{"1": {"enters": 416, "count_subgroups": 1758, "sum_estimated_prob_of_next_k": 408.67691567500015, "sum_sr": 1757, "sum_time_spent_choosing_strategy": 0.13880324363708496, "sum_time_estimating_p_vector": 107.89111876487732, "sum_time_loading_coverings": 0.08535599708557129}}