{"1": {"enters": 923, "count_subgroups": 36899, "sum_estimated_prob_of_next_k": 888.186459104484, "sum_sr": 36793, "sum_time_spent_choosing_strategy": 0.8510518074035645, "sum_time_estimating_p_vector": 536.773943901062, "sum_time_loading_coverings": 0.30349206924438477}}