{"1": {"enters": 198, "count_subgroups": 80424, "sum_estimated_prob_of_next_k": 189.72402776790497, "sum_sr": 80421, "sum_time_spent_choosing_strategy": 0.4473416805267334, "sum_time_estimating_p_vector": 117.63506555557251, "sum_time_loading_coverings": 0.2699544429779053}}