{"1": {"enters": 1761, "count_subgroups": 99810, "sum_estimated_prob_of_next_k": 1685.730840301314, "sum_sr": 99711, "sum_time_spent_choosing_strategy": 1.7714109420776367, "sum_time_estimating_p_vector": 996.8632788658142, "sum_time_loading_coverings": 0.5967447757720947}}