{"1": {"enters": 87, "count_subgroups": 49992, "sum_estimated_prob_of_next_k": 80.34926057089761, "sum_sr": 49992, "sum_time_spent_choosing_strategy": 0.21091580390930176, "sum_time_estimating_p_vector": 50.747114419937134, "sum_time_loading_coverings": 0.10769534111022949}}