{"1": {"enters": 9508, "count_subgroups": 64444, "sum_estimated_prob_of_next_k": 9108.243672871335, "sum_sr": 64179, "sum_time_spent_choosing_strategy": 1.918729543685913, "sum_time_estimating_p_vector": 1.902897596359253, "sum_time_loading_coverings": 1.8429040908813477}}