{"1": {"enters": 195, "count_subgroups": 35459, "sum_estimated_prob_of_next_k": 185.87626465902133, "sum_sr": 35452, "sum_time_spent_choosing_strategy": 0.43498730659484863, "sum_time_estimating_p_vector": 114.18350434303284, "sum_time_loading_coverings": 0.16968250274658203}}