{"1": {"enters": 7845, "count_subgroups": 55269, "sum_estimated_prob_of_next_k": 7484.010079220848, "sum_sr": 55049, "sum_time_spent_choosing_strategy": 1.5172908306121826, "sum_time_estimating_p_vector": 1.7128190994262695, "sum_time_loading_coverings": 1.6120007038116455}}