{"1": {"enters": 100, "count_subgroups": 10141, "sum_estimated_prob_of_next_k": 97.00126174598635, "sum_sr": 10140, "sum_time_spent_choosing_strategy": 0.20113635063171387, "sum_time_estimating_p_vector": 59.167378425598145, "sum_time_loading_coverings": 0.06387758255004883}}