{"1": {"enters": 1, "count_subgroups": 3, "sum_estimated_prob_of_next_k": 0.9999026830396363, "sum_sr": 3, "sum_time_spent_choosing_strategy": 0.0007221698760986328, "sum_time_estimating_p_vector": 54.45579743385315, "sum_time_loading_coverings": 0.0028464794158935547}}