{"1": {"enters": 3, "count_subgroups": 9, "sum_estimated_prob_of_next_k": 2.9998983493573737, "sum_sr": 9, "sum_time_spent_choosing_strategy": 0.002211332321166992, "sum_time_estimating_p_vector": 54.79535222053528, "sum_time_loading_coverings": 0.004876136779785156}}