{"1": {"enters": 954, "count_subgroups": 30421, "sum_estimated_prob_of_next_k": 919.8164116949087, "sum_sr": 30307, "sum_time_spent_choosing_strategy": 0.8383634090423584, "sum_time_estimating_p_vector": 568.1345045566559, "sum_time_loading_coverings": 0.2949070930480957}}