{"1": {"enters": 5324, "count_subgroups": 28531, "sum_estimated_prob_of_next_k": 5169.479939089536, "sum_sr": 28291, "sum_time_spent_choosing_strategy": 0.9601380825042725, "sum_time_estimating_p_vector": 1362.5285267829895, "sum_time_loading_coverings": 0.9053120613098145}}