{"1": {"enters": 769, "count_subgroups": 3354, "sum_estimated_prob_of_next_k": 757.6604651068368, "sum_sr": 3345, "sum_time_spent_choosing_strategy": 0.3051643371582031, "sum_time_estimating_p_vector": 195.07320308685303, "sum_time_loading_coverings": 0.1814584732055664}}