{"1": {"enters": 12927, "count_subgroups": 65045, "sum_estimated_prob_of_next_k": 12549.120496242884, "sum_sr": 64542, "sum_time_spent_choosing_strategy": 2.0966479778289795, "sum_time_estimating_p_vector": 3326.5124950408936, "sum_time_loading_coverings": 2.1932244300842285}}