{"1": {"enters": 12767, "count_subgroups": 63502, "sum_estimated_prob_of_next_k": 12384.999050660765, "sum_sr": 62982, "sum_time_spent_choosing_strategy": 2.0883677005767822, "sum_time_estimating_p_vector": 3213.0758159160614, "sum_time_loading_coverings": 2.1685633659362793}}