{"1": {"enters": 5142, "count_subgroups": 28984, "sum_estimated_prob_of_next_k": 4987.1459436063415, "sum_sr": 28743, "sum_time_spent_choosing_strategy": 0.9368155002593994, "sum_time_estimating_p_vector": 1321.8203392028809, "sum_time_loading_coverings": 0.8879997730255127}}