{"1": {"enters": 1525, "count_subgroups": 87318, "sum_estimated_prob_of_next_k": 1462.8237627395893, "sum_sr": 87217, "sum_time_spent_choosing_strategy": 1.2608294486999512, "sum_time_estimating_p_vector": 894.2517883777618, "sum_time_loading_coverings": 0.4850776195526123}}