{"1": {"enters": 172, "count_subgroups": 55151, "sum_estimated_prob_of_next_k": 161.86631598912552, "sum_sr": 55141, "sum_time_spent_choosing_strategy": 0.371631383895874, "sum_time_estimating_p_vector": 100.60225915908813, "sum_time_loading_coverings": 0.16141891479492188}}