{"1": {"enters": 858, "count_subgroups": 47756, "sum_estimated_prob_of_next_k": 828.6219152854833, "sum_sr": 47679, "sum_time_spent_choosing_strategy": 0.8377461433410645, "sum_time_estimating_p_vector": 503.3324775695801, "sum_time_loading_coverings": 0.28437280654907227}}