{"0": {"enters": 6, "count_subgroups": 152728, "sum_estimated_prob_of_next_k": 0, "sum_sr": 136548, "sum_time_spent_choosing_strategy": 0, "sum_time_estimating_p_vector": 0, "sum_time_loading_coverings": 0}, "1": {"enters": 16180, "count_subgroups": 81045, "sum_estimated_prob_of_next_k": 16068.81923347634, "sum_sr": 73114, "sum_time_spent_choosing_strategy": 89.19238781929016, "sum_time_estimating_p_vector": 3.0119576454162598, "sum_time_loading_coverings": 6.117596626281738}, "2": {"enters": 7931, "count_subgroups": 40002, "sum_estimated_prob_of_next_k": 7847.843575063475, "sum_sr": 36242, "sum_time_spent_choosing_strategy": 25.95321249961853, "sum_time_estimating_p_vector": 1.4099078178405762, "sum_time_loading_coverings": 2.6070072650909424}, "3": {"enters": 3760, "count_subgroups": 19023, "sum_estimated_prob_of_next_k": 3709.113404521862, "sum_sr": 17110, "sum_time_spent_choosing_strategy": 7.6560609340667725, "sum_time_estimating_p_vector": 0.6656785011291504, "sum_time_loading_coverings": 1.1103613376617432}, "4": {"enters": 1913, "count_subgroups": 9591, "sum_estimated_prob_of_next_k": 1873.9425911114079, "sum_sr": 8584, "sum_time_spent_choosing_strategy": 2.41672945022583, "sum_time_estimating_p_vector": 0.33568692207336426, "sum_time_loading_coverings": 0.5071196556091309}, "5": {"enters": 1007, "count_subgroups": 5094, "sum_estimated_prob_of_next_k": 979.647965168533, "sum_sr": 4516, "sum_time_spent_choosing_strategy": 0.7629246711730957, "sum_time_estimating_p_vector": 0.17235875129699707, "sum_time_loading_coverings": 0.2351701259613037}, "6": {"enters": 578, "count_subgroups": 3259, "sum_estimated_prob_of_next_k": 565.7004068342061, "sum_sr": 2922, "sum_time_spent_choosing_strategy": 0.26547837257385254, "sum_time_estimating_p_vector": 0.09824752807617188, "sum_time_loading_coverings": 0.11987519264221191}, "7": {"enters": 337, "count_subgroups": 2121, "sum_estimated_prob_of_next_k": 330.1761678832352, "sum_sr": 1928, "sum_time_spent_choosing_strategy": 0.08840084075927734, "sum_time_estimating_p_vector": 0.05625176429748535, "sum_time_loading_coverings": 0.06142473220825195}, "8": {"enters": 193, "count_subgroups": 1008, "sum_estimated_prob_of_next_k": 186.56219845700377, "sum_sr": 904, "sum_time_spent_choosing_strategy": 0.0282440185546875, "sum_time_estimating_p_vector": 0.031487226486206055, "sum_time_loading_coverings": 0.030649662017822266}, "9": {"enters": 104, "count_subgroups": 661, "sum_estimated_prob_of_next_k": 102.51437914235251, "sum_sr": 621, "sum_time_spent_choosing_strategy": 0.008899688720703125, "sum_time_estimating_p_vector": 0.016905546188354492, "sum_time_loading_coverings": 0.013062000274658203}, "10": {"enters": 40, "count_subgroups": 222, "sum_estimated_prob_of_next_k": 38.87148206361021, "sum_sr": 215, "sum_time_spent_choosing_strategy": 0.0017709732055664062, "sum_time_estimating_p_vector": 0.006516695022583008, "sum_time_loading_coverings": 0.003705263137817383}, "11": {"enters": 7, "count_subgroups": 35, "sum_estimated_prob_of_next_k": 6.982547730033692, "sum_sr": 35, "sum_time_spent_choosing_strategy": 0.00023674964904785156, "sum_time_estimating_p_vector": 0.001157522201538086, "sum_time_loading_coverings": 0.0005788803100585938}}