{"0": {"enters": 6, "count_subgroups": 152728, "sum_estimated_prob_of_next_k": 0, "sum_sr": 135994, "sum_time_spent_choosing_strategy": 0, "sum_time_estimating_p_vector": 0, "sum_time_loading_coverings": 0}, "1": {"enters": 16734, "count_subgroups": 83857, "sum_estimated_prob_of_next_k": 16617.17001027554, "sum_sr": 74838, "sum_time_spent_choosing_strategy": 97.0800883769989, "sum_time_estimating_p_vector": 3.346545696258545, "sum_time_loading_coverings": 6.694175958633423}, "2": {"enters": 9019, "count_subgroups": 45525, "sum_estimated_prob_of_next_k": 8924.143876718332, "sum_sr": 41128, "sum_time_spent_choosing_strategy": 30.882142543792725, "sum_time_estimating_p_vector": 1.7154872417449951, "sum_time_loading_coverings": 3.134474039077759}, "3": {"enters": 4397, "count_subgroups": 22311, "sum_estimated_prob_of_next_k": 4335.96815372099, "sum_sr": 20190, "sum_time_spent_choosing_strategy": 9.375398397445679, "sum_time_estimating_p_vector": 0.8367114067077637, "sum_time_loading_coverings": 1.3451886177062988}, "4": {"enters": 2121, "count_subgroups": 10650, "sum_estimated_prob_of_next_k": 2065.918669171216, "sum_sr": 9554, "sum_time_spent_choosing_strategy": 2.739276885986328, "sum_time_estimating_p_vector": 0.39550161361694336, "sum_time_loading_coverings": 0.5828831195831299}, "5": {"enters": 1096, "count_subgroups": 5740, "sum_estimated_prob_of_next_k": 1067.7132502086956, "sum_sr": 5078, "sum_time_spent_choosing_strategy": 0.822533130645752, "sum_time_estimating_p_vector": 0.19596457481384277, "sum_time_loading_coverings": 0.2672152519226074}, "6": {"enters": 662, "count_subgroups": 3797, "sum_estimated_prob_of_next_k": 646.8389444501604, "sum_sr": 3447, "sum_time_spent_choosing_strategy": 0.2954978942871094, "sum_time_estimating_p_vector": 0.11517477035522461, "sum_time_loading_coverings": 0.14225316047668457}, "7": {"enters": 350, "count_subgroups": 2094, "sum_estimated_prob_of_next_k": 338.01532378834025, "sum_sr": 1924, "sum_time_spent_choosing_strategy": 0.0900423526763916, "sum_time_estimating_p_vector": 0.060814857482910156, "sum_time_loading_coverings": 0.06456828117370605}, "8": {"enters": 170, "count_subgroups": 925, "sum_estimated_prob_of_next_k": 164.45470933191638, "sum_sr": 865, "sum_time_spent_choosing_strategy": 0.025729656219482422, "sum_time_estimating_p_vector": 0.02893519401550293, "sum_time_loading_coverings": 0.027278900146484375}, "9": {"enters": 60, "count_subgroups": 411, "sum_estimated_prob_of_next_k": 59.520662663159875, "sum_sr": 388, "sum_time_spent_choosing_strategy": 0.006114959716796875, "sum_time_estimating_p_vector": 0.010173320770263672, "sum_time_loading_coverings": 0.00797128677368164}, "10": {"enters": 23, "count_subgroups": 129, "sum_estimated_prob_of_next_k": 22.574486158902292, "sum_sr": 121, "sum_time_spent_choosing_strategy": 0.0014789104461669922, "sum_time_estimating_p_vector": 0.0041081905364990234, "sum_time_loading_coverings": 0.0025243759155273438}, "11": {"enters": 8, "count_subgroups": 40, "sum_estimated_prob_of_next_k": 7.952135468203411, "sum_sr": 39, "sum_time_spent_choosing_strategy": 0.0003829002380371094, "sum_time_estimating_p_vector": 0.0014793872833251953, "sum_time_loading_coverings": 0.0009131431579589844}, "12": {"enters": 1, "count_subgroups": 5, "sum_estimated_prob_of_next_k": 0.9999866452291472, "sum_sr": 5, "sum_time_spent_choosing_strategy": 3.314018249511719e-05, "sum_time_estimating_p_vector": 0.0001811981201171875, "sum_time_loading_coverings": 8.225440979003906e-05}}