{"0": {"enters": 6, "count_subgroups": 152728, "sum_estimated_prob_of_next_k": 0, "sum_sr": 137488, "sum_time_spent_choosing_strategy": 0, "sum_time_estimating_p_vector": 0, "sum_time_loading_coverings": 0}, "1": {"enters": 15240, "count_subgroups": 76341, "sum_estimated_prob_of_next_k": 15136.647064744853, "sum_sr": 69294, "sum_time_spent_choosing_strategy": 86.8883843421936, "sum_time_estimating_p_vector": 3.071495294570923, "sum_time_loading_coverings": 6.1404218673706055}, "2": {"enters": 7047, "count_subgroups": 35593, "sum_estimated_prob_of_next_k": 6970.6112686813985, "sum_sr": 32384, "sum_time_spent_choosing_strategy": 23.72901940345764, "sum_time_estimating_p_vector": 1.3403007984161377, "sum_time_loading_coverings": 2.4798202514648438}, "3": {"enters": 3209, "count_subgroups": 16259, "sum_estimated_prob_of_next_k": 3164.9184915934757, "sum_sr": 14879, "sum_time_spent_choosing_strategy": 6.694935083389282, "sum_time_estimating_p_vector": 0.6064927577972412, "sum_time_loading_coverings": 0.9975335597991943}, "4": {"enters": 1380, "count_subgroups": 6912, "sum_estimated_prob_of_next_k": 1351.7234203663206, "sum_sr": 6368, "sum_time_spent_choosing_strategy": 1.7951209545135498, "sum_time_estimating_p_vector": 0.25803327560424805, "sum_time_loading_coverings": 0.3889319896697998}, "5": {"enters": 544, "count_subgroups": 2776, "sum_estimated_prob_of_next_k": 530.8117478017217, "sum_sr": 2521, "sum_time_spent_choosing_strategy": 0.42025089263916016, "sum_time_estimating_p_vector": 0.09966278076171875, "sum_time_loading_coverings": 0.13560748100280762}, "6": {"enters": 255, "count_subgroups": 1457, "sum_estimated_prob_of_next_k": 249.36175658180488, "sum_sr": 1321, "sum_time_spent_choosing_strategy": 0.11688637733459473, "sum_time_estimating_p_vector": 0.04487776756286621, "sum_time_loading_coverings": 0.056137800216674805}, "7": {"enters": 136, "count_subgroups": 820, "sum_estimated_prob_of_next_k": 130.8587004635156, "sum_sr": 752, "sum_time_spent_choosing_strategy": 0.0337071418762207, "sum_time_estimating_p_vector": 0.02295970916748047, "sum_time_loading_coverings": 0.025409936904907227}, "8": {"enters": 68, "count_subgroups": 381, "sum_estimated_prob_of_next_k": 65.6477139070536, "sum_sr": 339, "sum_time_spent_choosing_strategy": 0.008314132690429688, "sum_time_estimating_p_vector": 0.010860204696655273, "sum_time_loading_coverings": 0.010563850402832031}, "9": {"enters": 42, "count_subgroups": 355, "sum_estimated_prob_of_next_k": 41.79650060328999, "sum_sr": 339, "sum_time_spent_choosing_strategy": 0.0024404525756835938, "sum_time_estimating_p_vector": 0.006388187408447266, "sum_time_loading_coverings": 0.0041735172271728516}, "10": {"enters": 16, "count_subgroups": 80, "sum_estimated_prob_of_next_k": 15.008664736293834, "sum_sr": 80, "sum_time_spent_choosing_strategy": 0.0003879070281982422, "sum_time_estimating_p_vector": 0.0023932456970214844, "sum_time_loading_coverings": 0.0010764598846435547}}