{"0": {"enters": 6, "count_subgroups": 152728, "sum_estimated_prob_of_next_k": 0, "sum_sr": 135866, "sum_time_spent_choosing_strategy": 0, "sum_time_estimating_p_vector": 0, "sum_time_loading_coverings": 0}, "1": {"enters": 16862, "count_subgroups": 84462, "sum_estimated_prob_of_next_k": 16746.03709759547, "sum_sr": 75672, "sum_time_spent_choosing_strategy": 95.84238696098328, "sum_time_estimating_p_vector": 3.4469239711761475, "sum_time_loading_coverings": 6.804200172424316}, "2": {"enters": 8790, "count_subgroups": 44395, "sum_estimated_prob_of_next_k": 8693.269173058909, "sum_sr": 39529, "sum_time_spent_choosing_strategy": 29.608325242996216, "sum_time_estimating_p_vector": 1.682809591293335, "sum_time_loading_coverings": 3.0895307064056396}, "3": {"enters": 4866, "count_subgroups": 24668, "sum_estimated_prob_of_next_k": 4801.850936130821, "sum_sr": 22337, "sum_time_spent_choosing_strategy": 10.19107961654663, "sum_time_estimating_p_vector": 0.9241211414337158, "sum_time_loading_coverings": 1.5120456218719482}, "4": {"enters": 2331, "count_subgroups": 11702, "sum_estimated_prob_of_next_k": 2279.1163439269003, "sum_sr": 10564, "sum_time_spent_choosing_strategy": 2.9910948276519775, "sum_time_estimating_p_vector": 0.43662357330322266, "sum_time_loading_coverings": 0.648878812789917}, "5": {"enters": 1138, "count_subgroups": 5865, "sum_estimated_prob_of_next_k": 1107.966453102744, "sum_sr": 5217, "sum_time_spent_choosing_strategy": 0.8560128211975098, "sum_time_estimating_p_vector": 0.2057509422302246, "sum_time_loading_coverings": 0.27898240089416504}, "6": {"enters": 648, "count_subgroups": 3730, "sum_estimated_prob_of_next_k": 633.9932504508065, "sum_sr": 3381, "sum_time_spent_choosing_strategy": 0.28635120391845703, "sum_time_estimating_p_vector": 0.11353373527526855, "sum_time_loading_coverings": 0.13910341262817383}, "7": {"enters": 349, "count_subgroups": 2149, "sum_estimated_prob_of_next_k": 338.32473071864945, "sum_sr": 1954, "sum_time_spent_choosing_strategy": 0.08591604232788086, "sum_time_estimating_p_vector": 0.06017732620239258, "sum_time_loading_coverings": 0.06369900703430176}, "8": {"enters": 195, "count_subgroups": 1053, "sum_estimated_prob_of_next_k": 187.5645773184087, "sum_sr": 958, "sum_time_spent_choosing_strategy": 0.02575826644897461, "sum_time_estimating_p_vector": 0.032515525817871094, "sum_time_loading_coverings": 0.030488014221191406}, "9": {"enters": 95, "count_subgroups": 703, "sum_estimated_prob_of_next_k": 93.69042645637802, "sum_sr": 658, "sum_time_spent_choosing_strategy": 0.007034778594970703, "sum_time_estimating_p_vector": 0.015122413635253906, "sum_time_loading_coverings": 0.011118173599243164}, "10": {"enters": 45, "count_subgroups": 275, "sum_estimated_prob_of_next_k": 42.176227138467766, "sum_sr": 250, "sum_time_spent_choosing_strategy": 0.0018725395202636719, "sum_time_estimating_p_vector": 0.007044792175292969, "sum_time_loading_coverings": 0.003943920135498047}, "11": {"enters": 25, "count_subgroups": 125, "sum_estimated_prob_of_next_k": 22.921217480944712, "sum_sr": 117, "sum_time_spent_choosing_strategy": 0.0006344318389892578, "sum_time_estimating_p_vector": 0.003928661346435547, "sum_time_loading_coverings": 0.0016334056854248047}, "12": {"enters": 8, "count_subgroups": 40, "sum_estimated_prob_of_next_k": 7.471410805791615, "sum_sr": 40, "sum_time_spent_choosing_strategy": 0.00016355514526367188, "sum_time_estimating_p_vector": 0.001146078109741211, "sum_time_loading_coverings": 0.0004451274871826172}}