{"0": {"enters": 6, "count_subgroups": 152728, "sum_estimated_prob_of_next_k": 0, "sum_sr": 136161, "sum_time_spent_choosing_strategy": 0, "sum_time_estimating_p_vector": 0, "sum_time_loading_coverings": 0}, "1": {"enters": 16567, "count_subgroups": 82960, "sum_estimated_prob_of_next_k": 16454.171349998483, "sum_sr": 74691, "sum_time_spent_choosing_strategy": 93.76955819129944, "sum_time_estimating_p_vector": 3.3940234184265137, "sum_time_loading_coverings": 6.696187257766724}, "2": {"enters": 8269, "count_subgroups": 41725, "sum_estimated_prob_of_next_k": 8184.316386517314, "sum_sr": 37998, "sum_time_spent_choosing_strategy": 27.705621242523193, "sum_time_estimating_p_vector": 1.596799373626709, "sum_time_loading_coverings": 2.9091832637786865}, "3": {"enters": 3727, "count_subgroups": 18837, "sum_estimated_prob_of_next_k": 3678.7220260709114, "sum_sr": 17184, "sum_time_spent_choosing_strategy": 7.793549299240112, "sum_time_estimating_p_vector": 0.7197127342224121, "sum_time_loading_coverings": 1.1698296070098877}, "4": {"enters": 1653, "count_subgroups": 8294, "sum_estimated_prob_of_next_k": 1619.132355861647, "sum_sr": 7512, "sum_time_spent_choosing_strategy": 2.134190797805786, "sum_time_estimating_p_vector": 0.31637120246887207, "sum_time_loading_coverings": 0.4678518772125244}, "5": {"enters": 782, "count_subgroups": 3990, "sum_estimated_prob_of_next_k": 760.3631894259165, "sum_sr": 3524, "sum_time_spent_choosing_strategy": 0.5985527038574219, "sum_time_estimating_p_vector": 0.1457984447479248, "sum_time_loading_coverings": 0.1973857879638672}, "6": {"enters": 466, "count_subgroups": 2722, "sum_estimated_prob_of_next_k": 455.53557550216755, "sum_sr": 2484, "sum_time_spent_choosing_strategy": 0.2110753059387207, "sum_time_estimating_p_vector": 0.08537745475769043, "sum_time_loading_coverings": 0.10292887687683105}, "7": {"enters": 238, "count_subgroups": 1527, "sum_estimated_prob_of_next_k": 231.90528859063414, "sum_sr": 1430, "sum_time_spent_choosing_strategy": 0.06005287170410156, "sum_time_estimating_p_vector": 0.04304146766662598, "sum_time_loading_coverings": 0.04529690742492676}, "8": {"enters": 97, "count_subgroups": 516, "sum_estimated_prob_of_next_k": 92.96180284601945, "sum_sr": 483, "sum_time_spent_choosing_strategy": 0.013704776763916016, "sum_time_estimating_p_vector": 0.017292022705078125, "sum_time_loading_coverings": 0.016152143478393555}, "9": {"enters": 33, "count_subgroups": 218, "sum_estimated_prob_of_next_k": 32.676583970136704, "sum_sr": 211, "sum_time_spent_choosing_strategy": 0.002930879592895508, "sum_time_estimating_p_vector": 0.005932331085205078, "sum_time_loading_coverings": 0.0047304630279541016}, "10": {"enters": 7, "count_subgroups": 39, "sum_estimated_prob_of_next_k": 6.640831406113743, "sum_sr": 35, "sum_time_spent_choosing_strategy": 0.00039577484130859375, "sum_time_estimating_p_vector": 0.0012359619140625, "sum_time_loading_coverings": 0.0008089542388916016}, "11": {"enters": 4, "count_subgroups": 20, "sum_estimated_prob_of_next_k": 3.8772464264803177, "sum_sr": 17, "sum_time_spent_choosing_strategy": 0.00019502639770507812, "sum_time_estimating_p_vector": 0.0008721351623535156, "sum_time_loading_coverings": 0.00043392181396484375}, "12": {"enters": 3, "count_subgroups": 15, "sum_estimated_prob_of_next_k": 2.751312373392084, "sum_sr": 15, "sum_time_spent_choosing_strategy": 0.00010132789611816406, "sum_time_estimating_p_vector": 0.0005939006805419922, "sum_time_loading_coverings": 0.0002682209014892578}}