{"0": {"enters": 6, "count_subgroups": 152728, "sum_estimated_prob_of_next_k": 0, "sum_sr": 136329, "sum_time_spent_choosing_strategy": 0, "sum_time_estimating_p_vector": 0, "sum_time_loading_coverings": 0}, "1": {"enters": 16399, "count_subgroups": 82183, "sum_estimated_prob_of_next_k": 16281.855344313615, "sum_sr": 73923, "sum_time_spent_choosing_strategy": 94.11966562271118, "sum_time_estimating_p_vector": 3.3374617099761963, "sum_time_loading_coverings": 6.569067001342773}, "2": {"enters": 8260, "count_subgroups": 41720, "sum_estimated_prob_of_next_k": 8164.909198939275, "sum_sr": 37538, "sum_time_spent_choosing_strategy": 27.793849229812622, "sum_time_estimating_p_vector": 1.5628914833068848, "sum_time_loading_coverings": 2.859795093536377}, "3": {"enters": 4182, "count_subgroups": 21263, "sum_estimated_prob_of_next_k": 4123.338775111244, "sum_sr": 19219, "sum_time_spent_choosing_strategy": 8.726101160049438, "sum_time_estimating_p_vector": 0.7862997055053711, "sum_time_loading_coverings": 1.2815947532653809}, "4": {"enters": 2044, "count_subgroups": 10255, "sum_estimated_prob_of_next_k": 1993.751992196324, "sum_sr": 9266, "sum_time_spent_choosing_strategy": 2.6126792430877686, "sum_time_estimating_p_vector": 0.3788461685180664, "sum_time_loading_coverings": 0.558133602142334}, "5": {"enters": 989, "count_subgroups": 5099, "sum_estimated_prob_of_next_k": 962.510521849939, "sum_sr": 4620, "sum_time_spent_choosing_strategy": 0.7476141452789307, "sum_time_estimating_p_vector": 0.18120169639587402, "sum_time_loading_coverings": 0.2448573112487793}, "6": {"enters": 479, "count_subgroups": 2741, "sum_estimated_prob_of_next_k": 467.49496405199557, "sum_sr": 2502, "sum_time_spent_choosing_strategy": 0.21128153800964355, "sum_time_estimating_p_vector": 0.0838022232055664, "sum_time_loading_coverings": 0.10294795036315918}, "7": {"enters": 239, "count_subgroups": 1487, "sum_estimated_prob_of_next_k": 230.8012951149939, "sum_sr": 1341, "sum_time_spent_choosing_strategy": 0.05651259422302246, "sum_time_estimating_p_vector": 0.040673255920410156, "sum_time_loading_coverings": 0.04353213310241699}, "8": {"enters": 146, "count_subgroups": 799, "sum_estimated_prob_of_next_k": 141.40377133009443, "sum_sr": 732, "sum_time_spent_choosing_strategy": 0.019153594970703125, "sum_time_estimating_p_vector": 0.025209426879882812, "sum_time_loading_coverings": 0.022809505462646484}, "9": {"enters": 67, "count_subgroups": 487, "sum_estimated_prob_of_next_k": 66.29561270225439, "sum_sr": 463, "sum_time_spent_choosing_strategy": 0.004427194595336914, "sum_time_estimating_p_vector": 0.011410713195800781, "sum_time_loading_coverings": 0.007916688919067383}, "10": {"enters": 24, "count_subgroups": 126, "sum_estimated_prob_of_next_k": 23.38149928975296, "sum_sr": 119, "sum_time_spent_choosing_strategy": 0.0009031295776367188, "sum_time_estimating_p_vector": 0.004286050796508789, "sum_time_loading_coverings": 0.002074003219604492}, "11": {"enters": 7, "count_subgroups": 35, "sum_estimated_prob_of_next_k": 6.846182729879093, "sum_sr": 35, "sum_time_spent_choosing_strategy": 0.00024628639221191406, "sum_time_estimating_p_vector": 0.0014531612396240234, "sum_time_loading_coverings": 0.0006556510925292969}}