{"0": {"enters": 6, "count_subgroups": 152728, "sum_estimated_prob_of_next_k": 0, "sum_sr": 136634, "sum_time_spent_choosing_strategy": 0, "sum_time_estimating_p_vector": 0, "sum_time_loading_coverings": 0}, "1": {"enters": 16094, "count_subgroups": 80601, "sum_estimated_prob_of_next_k": 15982.522185983671, "sum_sr": 72453, "sum_time_spent_choosing_strategy": 91.97332787513733, "sum_time_estimating_p_vector": 3.263308525085449, "sum_time_loading_coverings": 6.529624938964844}, "2": {"enters": 8148, "count_subgroups": 41124, "sum_estimated_prob_of_next_k": 8062.795588352485, "sum_sr": 37138, "sum_time_spent_choosing_strategy": 27.606806993484497, "sum_time_estimating_p_vector": 1.5526127815246582, "sum_time_loading_coverings": 2.8678908348083496}, "3": {"enters": 3986, "count_subgroups": 20171, "sum_estimated_prob_of_next_k": 3932.7252971867097, "sum_sr": 18198, "sum_time_spent_choosing_strategy": 8.341617584228516, "sum_time_estimating_p_vector": 0.7538964748382568, "sum_time_loading_coverings": 1.2437305450439453}, "4": {"enters": 1973, "count_subgroups": 9895, "sum_estimated_prob_of_next_k": 1928.6992057494926, "sum_sr": 8889, "sum_time_spent_choosing_strategy": 2.5342299938201904, "sum_time_estimating_p_vector": 0.36794328689575195, "sum_time_loading_coverings": 0.5512659549713135}, "5": {"enters": 1006, "count_subgroups": 5224, "sum_estimated_prob_of_next_k": 980.8298581511307, "sum_sr": 4651, "sum_time_spent_choosing_strategy": 0.7574739456176758, "sum_time_estimating_p_vector": 0.18345403671264648, "sum_time_loading_coverings": 0.24749970436096191}, "6": {"enters": 573, "count_subgroups": 3298, "sum_estimated_prob_of_next_k": 558.8555977926837, "sum_sr": 2948, "sum_time_spent_choosing_strategy": 0.24523186683654785, "sum_time_estimating_p_vector": 0.10019516944885254, "sum_time_loading_coverings": 0.12195205688476562}, "7": {"enters": 350, "count_subgroups": 2019, "sum_estimated_prob_of_next_k": 332.61828733982344, "sum_sr": 1800, "sum_time_spent_choosing_strategy": 0.08072638511657715, "sum_time_estimating_p_vector": 0.059259891510009766, "sum_time_loading_coverings": 0.06422877311706543}, "8": {"enters": 219, "count_subgroups": 1236, "sum_estimated_prob_of_next_k": 211.65592046901517, "sum_sr": 1109, "sum_time_spent_choosing_strategy": 0.02756333351135254, "sum_time_estimating_p_vector": 0.03501582145690918, "sum_time_loading_coverings": 0.03309035301208496}, "9": {"enters": 127, "count_subgroups": 993, "sum_estimated_prob_of_next_k": 125.83202828508766, "sum_sr": 931, "sum_time_spent_choosing_strategy": 0.008415937423706055, "sum_time_estimating_p_vector": 0.019927501678466797, "sum_time_loading_coverings": 0.014122486114501953}, "10": {"enters": 62, "count_subgroups": 322, "sum_estimated_prob_of_next_k": 59.15448012894224, "sum_sr": 288, "sum_time_spent_choosing_strategy": 0.0024378299713134766, "sum_time_estimating_p_vector": 0.010721206665039062, "sum_time_loading_coverings": 0.005514383316040039}, "11": {"enters": 34, "count_subgroups": 170, "sum_estimated_prob_of_next_k": 33.61814929553745, "sum_sr": 143, "sum_time_spent_choosing_strategy": 0.0012044906616210938, "sum_time_estimating_p_vector": 0.006356239318847656, "sum_time_loading_coverings": 0.0029973983764648438}, "12": {"enters": 27, "count_subgroups": 135, "sum_estimated_prob_of_next_k": 26.996391708376745, "sum_sr": 124, "sum_time_spent_choosing_strategy": 0.0007269382476806641, "sum_time_estimating_p_vector": 0.005118370056152344, "sum_time_loading_coverings": 0.0020732879638671875}, "13": {"enters": 11, "count_subgroups": 55, "sum_estimated_prob_of_next_k": 10.999965730279623, "sum_sr": 55, "sum_time_spent_choosing_strategy": 0.00021123886108398438, "sum_time_estimating_p_vector": 0.0020568370819091797, "sum_time_loading_coverings": 0.0005843639373779297}}