{"0": {"enters": 6, "count_subgroups": 152728, "sum_estimated_prob_of_next_k": 0, "sum_sr": 135583, "sum_time_spent_choosing_strategy": 0, "sum_time_estimating_p_vector": 0, "sum_time_loading_coverings": 0}, "1": {"enters": 17145, "count_subgroups": 85934, "sum_estimated_prob_of_next_k": 17017.40991820617, "sum_sr": 76892, "sum_time_spent_choosing_strategy": 93.12488222122192, "sum_time_estimating_p_vector": 3.2200920581817627, "sum_time_loading_coverings": 6.53894567489624}, "2": {"enters": 9042, "count_subgroups": 45672, "sum_estimated_prob_of_next_k": 8941.454000890782, "sum_sr": 41142, "sum_time_spent_choosing_strategy": 29.040419101715088, "sum_time_estimating_p_vector": 1.6378257274627686, "sum_time_loading_coverings": 3.0459961891174316}, "3": {"enters": 4530, "count_subgroups": 22987, "sum_estimated_prob_of_next_k": 4467.786426756302, "sum_sr": 20765, "sum_time_spent_choosing_strategy": 9.09583592414856, "sum_time_estimating_p_vector": 0.818920373916626, "sum_time_loading_coverings": 1.355492115020752}, "4": {"enters": 2222, "count_subgroups": 11160, "sum_estimated_prob_of_next_k": 2168.726695366531, "sum_sr": 10111, "sum_time_spent_choosing_strategy": 2.7234935760498047, "sum_time_estimating_p_vector": 0.3954739570617676, "sum_time_loading_coverings": 0.5909008979797363}, "5": {"enters": 1049, "count_subgroups": 5478, "sum_estimated_prob_of_next_k": 1019.9563218887935, "sum_sr": 4918, "sum_time_spent_choosing_strategy": 0.7457196712493896, "sum_time_estimating_p_vector": 0.1792316436767578, "sum_time_loading_coverings": 0.2470111846923828}, "6": {"enters": 560, "count_subgroups": 3237, "sum_estimated_prob_of_next_k": 545.9928322067523, "sum_sr": 2920, "sum_time_spent_choosing_strategy": 0.22872114181518555, "sum_time_estimating_p_vector": 0.09457945823669434, "sum_time_loading_coverings": 0.11480236053466797}, "7": {"enters": 317, "count_subgroups": 1782, "sum_estimated_prob_of_next_k": 298.2135686919196, "sum_sr": 1514, "sum_time_spent_choosing_strategy": 0.06714725494384766, "sum_time_estimating_p_vector": 0.050879716873168945, "sum_time_loading_coverings": 0.05399322509765625}, "8": {"enters": 268, "count_subgroups": 1498, "sum_estimated_prob_of_next_k": 258.3785596535862, "sum_sr": 1304, "sum_time_spent_choosing_strategy": 0.03126835823059082, "sum_time_estimating_p_vector": 0.0408780574798584, "sum_time_loading_coverings": 0.03944540023803711}, "9": {"enters": 194, "count_subgroups": 1485, "sum_estimated_prob_of_next_k": 192.18519207691477, "sum_sr": 1403, "sum_time_spent_choosing_strategy": 0.012459516525268555, "sum_time_estimating_p_vector": 0.030237197875976562, "sum_time_loading_coverings": 0.021057844161987305}, "10": {"enters": 82, "count_subgroups": 436, "sum_estimated_prob_of_next_k": 78.06999514492588, "sum_sr": 404, "sum_time_spent_choosing_strategy": 0.0028734207153320312, "sum_time_estimating_p_vector": 0.01363825798034668, "sum_time_loading_coverings": 0.0070552825927734375}, "11": {"enters": 32, "count_subgroups": 160, "sum_estimated_prob_of_next_k": 30.750928264297045, "sum_sr": 149, "sum_time_spent_choosing_strategy": 0.0009255409240722656, "sum_time_estimating_p_vector": 0.0056438446044921875, "sum_time_loading_coverings": 0.0024068355560302734}, "12": {"enters": 11, "count_subgroups": 55, "sum_estimated_prob_of_next_k": 10.563134488207686, "sum_sr": 55, "sum_time_spent_choosing_strategy": 0.0002033710479736328, "sum_time_estimating_p_vector": 0.001972198486328125, "sum_time_loading_coverings": 0.0005946159362792969}}