{"0": {"enters": 5, "count_subgroups": 9226, "sum_estimated_prob_of_next_k": 0, "sum_sr": 8110, "sum_time_spent_choosing_strategy": 0, "sum_time_estimating_p_vector": 0, "sum_time_loading_coverings": 0}, "1": {"enters": 1116, "count_subgroups": 4464, "sum_estimated_prob_of_next_k": 1097.30548879538, "sum_sr": 4038, "sum_time_spent_choosing_strategy": 1.076456069946289, "sum_time_estimating_p_vector": 0.00011610984802246094, "sum_time_loading_coverings": 0.2194511890411377}, "2": {"enters": 426, "count_subgroups": 2484, "sum_estimated_prob_of_next_k": 425.44241656306826, "sum_sr": 2328, "sum_time_spent_choosing_strategy": 0.17953920364379883, "sum_time_estimating_p_vector": 4.2438507080078125e-05, "sum_time_loading_coverings": 0.06365203857421875}, "3": {"enters": 156, "count_subgroups": 2148, "sum_estimated_prob_of_next_k": 155.98848258827687, "sum_sr": 2138, "sum_time_spent_choosing_strategy": 0.026818275451660156, "sum_time_estimating_p_vector": 1.4543533325195312e-05, "sum_time_loading_coverings": 0.017856836318969727}, "4": {"enters": 10, "count_subgroups": 140, "sum_estimated_prob_of_next_k": 9.999825609475746, "sum_sr": 140, "sum_time_spent_choosing_strategy": 0.00036072731018066406, "sum_time_estimating_p_vector": 1.430511474609375e-06, "sum_time_loading_coverings": 0.0007376670837402344}}