{"0": {"enters": 5, "count_subgroups": 9224, "sum_estimated_prob_of_next_k": 0, "sum_sr": 8193, "sum_time_spent_choosing_strategy": 0, "sum_time_estimating_p_vector": 0, "sum_time_loading_coverings": 0}, "1": {"enters": 1031, "count_subgroups": 4124, "sum_estimated_prob_of_next_k": 1013.6433424030646, "sum_sr": 3747, "sum_time_spent_choosing_strategy": 0.9924476146697998, "sum_time_estimating_p_vector": 0.0001277923583984375, "sum_time_loading_coverings": 0.2132554054260254}, "2": {"enters": 377, "count_subgroups": 2206, "sum_estimated_prob_of_next_k": 376.5018549445732, "sum_sr": 2075, "sum_time_spent_choosing_strategy": 0.15822768211364746, "sum_time_estimating_p_vector": 4.410743713378906e-05, "sum_time_loading_coverings": 0.05804610252380371}, "3": {"enters": 131, "count_subgroups": 1825, "sum_estimated_prob_of_next_k": 130.99018273774126, "sum_sr": 1804, "sum_time_spent_choosing_strategy": 0.022458791732788086, "sum_time_estimating_p_vector": 1.8358230590820312e-05, "sum_time_loading_coverings": 0.016096830368041992}, "4": {"enters": 21, "count_subgroups": 294, "sum_estimated_prob_of_next_k": 20.999633779899067, "sum_sr": 292, "sum_time_spent_choosing_strategy": 0.0007634162902832031, "sum_time_estimating_p_vector": 1.9073486328125e-06, "sum_time_loading_coverings": 0.0017385482788085938}, "5": {"enters": 2, "count_subgroups": 8, "sum_estimated_prob_of_next_k": 1.999975813479117, "sum_sr": 8, "sum_time_spent_choosing_strategy": 1.71661376953125e-05, "sum_time_estimating_p_vector": 4.76837158203125e-07, "sum_time_loading_coverings": 9.775161743164062e-05}}