{"0": {"enters": 5, "count_subgroups": 9222, "sum_estimated_prob_of_next_k": 0, "sum_sr": 8157, "sum_time_spent_choosing_strategy": 0, "sum_time_estimating_p_vector": 0, "sum_time_loading_coverings": 0}, "1": {"enters": 1065, "count_subgroups": 4260, "sum_estimated_prob_of_next_k": 1046.8797523824267, "sum_sr": 3926, "sum_time_spent_choosing_strategy": 1.005129337310791, "sum_time_estimating_p_vector": 0.0001308917999267578, "sum_time_loading_coverings": 0.2102069854736328}, "2": {"enters": 334, "count_subgroups": 1954, "sum_estimated_prob_of_next_k": 333.55926687958413, "sum_sr": 1851, "sum_time_spent_choosing_strategy": 0.13889241218566895, "sum_time_estimating_p_vector": 4.0531158447265625e-05, "sum_time_loading_coverings": 0.05038738250732422}, "3": {"enters": 103, "count_subgroups": 1424, "sum_estimated_prob_of_next_k": 102.9923559926907, "sum_sr": 1413, "sum_time_spent_choosing_strategy": 0.017307519912719727, "sum_time_estimating_p_vector": 1.3828277587890625e-05, "sum_time_loading_coverings": 0.011968374252319336}, "4": {"enters": 11, "count_subgroups": 154, "sum_estimated_prob_of_next_k": 10.99980817042332, "sum_sr": 154, "sum_time_spent_choosing_strategy": 0.0003833770751953125, "sum_time_estimating_p_vector": 1.430511474609375e-06, "sum_time_loading_coverings": 0.0008871555328369141}}