{"0": {"enters": 5, "count_subgroups": 9226, "sum_estimated_prob_of_next_k": 0, "sum_sr": 8057, "sum_time_spent_choosing_strategy": 0, "sum_time_estimating_p_vector": 0, "sum_time_loading_coverings": 0}, "1": {"enters": 1169, "count_subgroups": 4676, "sum_estimated_prob_of_next_k": 1147.3730411880083, "sum_sr": 4223, "sum_time_spent_choosing_strategy": 1.0819010734558105, "sum_time_estimating_p_vector": 0.00012183189392089844, "sum_time_loading_coverings": 0.22617053985595703}, "2": {"enters": 453, "count_subgroups": 2646, "sum_estimated_prob_of_next_k": 452.4044321955839, "sum_sr": 2517, "sum_time_spent_choosing_strategy": 0.19303083419799805, "sum_time_estimating_p_vector": 4.601478576660156e-05, "sum_time_loading_coverings": 0.06811833381652832}, "3": {"enters": 129, "count_subgroups": 1788, "sum_estimated_prob_of_next_k": 128.99039527918504, "sum_sr": 1777, "sum_time_spent_choosing_strategy": 0.022306203842163086, "sum_time_estimating_p_vector": 1.2159347534179688e-05, "sum_time_loading_coverings": 0.01484370231628418}, "4": {"enters": 11, "count_subgroups": 154, "sum_estimated_prob_of_next_k": 10.99980817042332, "sum_sr": 153, "sum_time_spent_choosing_strategy": 0.0003917217254638672, "sum_time_estimating_p_vector": 9.5367431640625e-07, "sum_time_loading_coverings": 0.0008041858673095703}, "5": {"enters": 1, "count_subgroups": 4, "sum_estimated_prob_of_next_k": 0.9999879067395585, "sum_sr": 4, "sum_time_spent_choosing_strategy": 9.298324584960938e-06, "sum_time_estimating_p_vector": 0.0, "sum_time_loading_coverings": 4.172325134277344e-05}}