{"0": {"enters": 5, "count_subgroups": 9224, "sum_estimated_prob_of_next_k": 0, "sum_sr": 7993, "sum_time_spent_choosing_strategy": 0, "sum_time_estimating_p_vector": 0, "sum_time_loading_coverings": 0}, "1": {"enters": 1231, "count_subgroups": 4924, "sum_estimated_prob_of_next_k": 1209.1162590349272, "sum_sr": 4416, "sum_time_spent_choosing_strategy": 1.152977466583252, "sum_time_estimating_p_vector": 0.00011873245239257812, "sum_time_loading_coverings": 0.23840904235839844}, "2": {"enters": 508, "count_subgroups": 2958, "sum_estimated_prob_of_next_k": 507.33931508515303, "sum_sr": 2798, "sum_time_spent_choosing_strategy": 0.22114014625549316, "sum_time_estimating_p_vector": 4.76837158203125e-05, "sum_time_loading_coverings": 0.0761864185333252}, "3": {"enters": 160, "count_subgroups": 2222, "sum_estimated_prob_of_next_k": 159.98805750538938, "sum_sr": 2211, "sum_time_spent_choosing_strategy": 0.02785515785217285, "sum_time_estimating_p_vector": 1.621246337890625e-05, "sum_time_loading_coverings": 0.018707990646362305}, "4": {"enters": 11, "count_subgroups": 154, "sum_estimated_prob_of_next_k": 10.99980817042332, "sum_sr": 153, "sum_time_spent_choosing_strategy": 0.0003952980041503906, "sum_time_estimating_p_vector": 7.152557373046875e-07, "sum_time_loading_coverings": 0.0008285045623779297}, "5": {"enters": 1, "count_subgroups": 4, "sum_estimated_prob_of_next_k": 0.9999879067395585, "sum_sr": 4, "sum_time_spent_choosing_strategy": 9.5367431640625e-06, "sum_time_estimating_p_vector": 0.0, "sum_time_loading_coverings": 4.1484832763671875e-05}}