{"0": {"enters": 5, "count_subgroups": 9225, "sum_estimated_prob_of_next_k": 0, "sum_sr": 8105, "sum_time_spent_choosing_strategy": 0, "sum_time_estimating_p_vector": 0, "sum_time_loading_coverings": 0}, "1": {"enters": 1120, "count_subgroups": 4480, "sum_estimated_prob_of_next_k": 1100.858259468629, "sum_sr": 4017, "sum_time_spent_choosing_strategy": 1.101055383682251, "sum_time_estimating_p_vector": 0.000118255615234375, "sum_time_loading_coverings": 0.2281358242034912}, "2": {"enters": 463, "count_subgroups": 2686, "sum_estimated_prob_of_next_k": 462.40229294509555, "sum_sr": 2558, "sum_time_spent_choosing_strategy": 0.2006218433380127, "sum_time_estimating_p_vector": 5.125999450683594e-05, "sum_time_loading_coverings": 0.07121443748474121}, "3": {"enters": 128, "count_subgroups": 1765, "sum_estimated_prob_of_next_k": 127.99053240857084, "sum_sr": 1761, "sum_time_spent_choosing_strategy": 0.022514820098876953, "sum_time_estimating_p_vector": 1.1682510375976562e-05, "sum_time_loading_coverings": 0.015860557556152344}, "4": {"enters": 4, "count_subgroups": 56, "sum_estimated_prob_of_next_k": 3.9999302437902986, "sum_sr": 56, "sum_time_spent_choosing_strategy": 0.00014543533325195312, "sum_time_estimating_p_vector": 7.152557373046875e-07, "sum_time_loading_coverings": 0.0003037452697753906}}