{"0": {"enters": 5, "count_subgroups": 9224, "sum_estimated_prob_of_next_k": 0, "sum_sr": 8072, "sum_time_spent_choosing_strategy": 0, "sum_time_estimating_p_vector": 0, "sum_time_loading_coverings": 0}, "1": {"enters": 1152, "count_subgroups": 4608, "sum_estimated_prob_of_next_k": 1132.2365594756488, "sum_sr": 4228, "sum_time_spent_choosing_strategy": 1.0901439189910889, "sum_time_estimating_p_vector": 0.00013113021850585938, "sum_time_loading_coverings": 0.22330474853515625}, "2": {"enters": 380, "count_subgroups": 2208, "sum_estimated_prob_of_next_k": 379.5073758237969, "sum_sr": 2088, "sum_time_spent_choosing_strategy": 0.16000127792358398, "sum_time_estimating_p_vector": 4.172325134277344e-05, "sum_time_loading_coverings": 0.056097984313964844}, "3": {"enters": 120, "count_subgroups": 1654, "sum_estimated_prob_of_next_k": 119.99114192345523, "sum_sr": 1647, "sum_time_spent_choosing_strategy": 0.02083611488342285, "sum_time_estimating_p_vector": 1.3828277587890625e-05, "sum_time_loading_coverings": 0.013703107833862305}, "4": {"enters": 7, "count_subgroups": 98, "sum_estimated_prob_of_next_k": 6.999877926633022, "sum_sr": 98, "sum_time_spent_choosing_strategy": 0.0002465248107910156, "sum_time_estimating_p_vector": 4.76837158203125e-07, "sum_time_loading_coverings": 0.0005147457122802734}}