{"1": {"enters": 66, "count_subgroups": 432, "sum_estimated_prob_of_next_k": 63.63815564517185, "sum_sr": 432, "sum_time_spent_choosing_strategy": 0.14447569847106934, "sum_time_estimating_p_vector": 0.014070510864257812, "sum_time_loading_coverings": 0.020830154418945312}}