{"1": {"enters": 77, "count_subgroups": 494, "sum_estimated_prob_of_next_k": 74.6253420522718, "sum_sr": 494, "sum_time_spent_choosing_strategy": 0.16696834564208984, "sum_time_estimating_p_vector": 0.01646566390991211, "sum_time_loading_coverings": 0.024476289749145508}}