{"1": {"enters": 75, "count_subgroups": 493, "sum_estimated_prob_of_next_k": 72.4704404370551, "sum_sr": 493, "sum_time_spent_choosing_strategy": 0.16155076026916504, "sum_time_estimating_p_vector": 0.015806198120117188, "sum_time_loading_coverings": 0.023131370544433594}}