{"1": {"enters": 71, "count_subgroups": 465, "sum_estimated_prob_of_next_k": 68.97968264563137, "sum_sr": 465, "sum_time_spent_choosing_strategy": 0.15246295928955078, "sum_time_estimating_p_vector": 0.013017892837524414, "sum_time_loading_coverings": 0.02136683464050293}}