{"1": {"enters": 64, "count_subgroups": 424, "sum_estimated_prob_of_next_k": 62.03048332827458, "sum_sr": 423, "sum_time_spent_choosing_strategy": 0.13751649856567383, "sum_time_estimating_p_vector": 0.012164592742919922, "sum_time_loading_coverings": 0.02046656608581543}}