{"1": {"enters": 67, "count_subgroups": 388, "sum_estimated_prob_of_next_k": 65.11017561295861, "sum_sr": 387, "sum_time_spent_choosing_strategy": 0.1464250087738037, "sum_time_estimating_p_vector": 0.01456308364868164, "sum_time_loading_coverings": 0.021735429763793945}}