{"1": {"enters": 73, "count_subgroups": 528, "sum_estimated_prob_of_next_k": 70.18265818853317, "sum_sr": 528, "sum_time_spent_choosing_strategy": 0.1575930118560791, "sum_time_estimating_p_vector": 0.013606548309326172, "sum_time_loading_coverings": 0.02162480354309082}}