{"0": {"enters": 4, "count_subgroups": 330307, "sum_estimated_prob_of_next_k": 0, "sum_sr": 306488, "sum_time_spent_choosing_strategy": 0, "sum_time_estimating_p_vector": 0, "sum_time_loading_coverings": 0}, "1": {"enters": 23819, "count_subgroups": 119725, "sum_estimated_prob_of_next_k": 23699.467235596552, "sum_sr": 110520, "sum_time_spent_choosing_strategy": 132.0435552597046, "sum_time_estimating_p_vector": 3.6116080284118652, "sum_time_loading_coverings": 8.447733163833618}, "2": {"enters": 9205, "count_subgroups": 46597, "sum_estimated_prob_of_next_k": 9143.681420161478, "sum_sr": 44066, "sum_time_spent_choosing_strategy": 20.499881982803345, "sum_time_estimating_p_vector": 1.3250806331634521, "sum_time_loading_coverings": 2.583252429962158}, "3": {"enters": 2531, "count_subgroups": 12729, "sum_estimated_prob_of_next_k": 2491.186306734844, "sum_sr": 12238, "sum_time_spent_choosing_strategy": 3.029676914215088, "sum_time_estimating_p_vector": 0.36069154739379883, "sum_time_loading_coverings": 0.6084420680999756}, "4": {"enters": 491, "count_subgroups": 2690, "sum_estimated_prob_of_next_k": 483.4447550256025, "sum_sr": 2636, "sum_time_spent_choosing_strategy": 0.340165376663208, "sum_time_estimating_p_vector": 0.06919193267822266, "sum_time_loading_coverings": 0.1019284725189209}, "5": {"enters": 54, "count_subgroups": 305, "sum_estimated_prob_of_next_k": 53.149044904700446, "sum_sr": 302, "sum_time_spent_choosing_strategy": 0.02183079719543457, "sum_time_estimating_p_vector": 0.00737762451171875, "sum_time_loading_coverings": 0.009487390518188477}, "6": {"enters": 3, "count_subgroups": 15, "sum_estimated_prob_of_next_k": 2.8780895247517626, "sum_sr": 15, "sum_time_spent_choosing_strategy": 0.00048828125, "sum_time_estimating_p_vector": 0.00038909912109375, "sum_time_loading_coverings": 0.0004096031188964844}}