{"0": {"enters": 4, "count_subgroups": 352068, "sum_estimated_prob_of_next_k": 0, "sum_sr": 329625, "sum_time_spent_choosing_strategy": 0, "sum_time_estimating_p_vector": 0, "sum_time_loading_coverings": 0}, "1": {"enters": 22443, "count_subgroups": 112667, "sum_estimated_prob_of_next_k": 22342.51236318158, "sum_sr": 104962, "sum_time_spent_choosing_strategy": 126.90765070915222, "sum_time_estimating_p_vector": 3.4198195934295654, "sum_time_loading_coverings": 7.940966367721558}, "2": {"enters": 7705, "count_subgroups": 38891, "sum_estimated_prob_of_next_k": 7660.395543376351, "sum_sr": 37062, "sum_time_spent_choosing_strategy": 17.727378368377686, "sum_time_estimating_p_vector": 1.1072931289672852, "sum_time_loading_coverings": 2.1614253520965576}, "3": {"enters": 1829, "count_subgroups": 9198, "sum_estimated_prob_of_next_k": 1807.404732035431, "sum_sr": 8883, "sum_time_spent_choosing_strategy": 2.288512706756592, "sum_time_estimating_p_vector": 0.2612648010253906, "sum_time_loading_coverings": 0.4409971237182617}, "4": {"enters": 315, "count_subgroups": 1685, "sum_estimated_prob_of_next_k": 311.1272318452975, "sum_sr": 1649, "sum_time_spent_choosing_strategy": 0.23704957962036133, "sum_time_estimating_p_vector": 0.04493975639343262, "sum_time_loading_coverings": 0.0675663948059082}, "5": {"enters": 36, "count_subgroups": 191, "sum_estimated_prob_of_next_k": 35.609123528544124, "sum_sr": 190, "sum_time_spent_choosing_strategy": 0.01650524139404297, "sum_time_estimating_p_vector": 0.004979610443115234, "sum_time_loading_coverings": 0.007040262222290039}, "6": {"enters": 1, "count_subgroups": 5, "sum_estimated_prob_of_next_k": 0.9985091987531259, "sum_sr": 5, "sum_time_spent_choosing_strategy": 0.00029659271240234375, "sum_time_estimating_p_vector": 0.0001418590545654297, "sum_time_loading_coverings": 0.00017714500427246094}}