{"0": {"enters": 4, "count_subgroups": 339623, "sum_estimated_prob_of_next_k": 0, "sum_sr": 316063, "sum_time_spent_choosing_strategy": 0, "sum_time_estimating_p_vector": 0, "sum_time_loading_coverings": 0}, "1": {"enters": 23560, "count_subgroups": 118328, "sum_estimated_prob_of_next_k": 23448.960617910772, "sum_sr": 110074, "sum_time_spent_choosing_strategy": 133.77005171775818, "sum_time_estimating_p_vector": 3.569378614425659, "sum_time_loading_coverings": 8.36530327796936}, "2": {"enters": 8254, "count_subgroups": 41664, "sum_estimated_prob_of_next_k": 8205.085593177433, "sum_sr": 39771, "sum_time_spent_choosing_strategy": 19.227491855621338, "sum_time_estimating_p_vector": 1.1829485893249512, "sum_time_loading_coverings": 2.33252215385437}, "3": {"enters": 1893, "count_subgroups": 9522, "sum_estimated_prob_of_next_k": 1869.117457183838, "sum_sr": 9205, "sum_time_spent_choosing_strategy": 2.406648635864258, "sum_time_estimating_p_vector": 0.26923513412475586, "sum_time_loading_coverings": 0.4604487419128418}, "4": {"enters": 317, "count_subgroups": 1698, "sum_estimated_prob_of_next_k": 312.56339159786233, "sum_sr": 1661, "sum_time_spent_choosing_strategy": 0.2384474277496338, "sum_time_estimating_p_vector": 0.04447364807128906, "sum_time_loading_coverings": 0.06717801094055176}, "5": {"enters": 37, "count_subgroups": 195, "sum_estimated_prob_of_next_k": 36.42522324552514, "sum_sr": 191, "sum_time_spent_choosing_strategy": 0.016913652420043945, "sum_time_estimating_p_vector": 0.005092620849609375, "sum_time_loading_coverings": 0.006873369216918945}, "6": {"enters": 4, "count_subgroups": 26, "sum_estimated_prob_of_next_k": 3.775707658712638, "sum_sr": 26, "sum_time_spent_choosing_strategy": 0.0008912086486816406, "sum_time_estimating_p_vector": 0.0005064010620117188, "sum_time_loading_coverings": 0.0005586147308349609}}