{"0": {"enters": 1, "count_subgroups": 24816, "sum_estimated_prob_of_next_k": 0, "sum_sr": 23839, "sum_time_spent_choosing_strategy": 0, "sum_time_estimating_p_vector": 0, "sum_time_loading_coverings": 0}, "1": {"enters": 977, "count_subgroups": 3908, "sum_estimated_prob_of_next_k": 975.6307687152358, "sum_sr": 3891, "sum_time_spent_choosing_strategy": 1.486823320388794, "sum_time_estimating_p_vector": 0.1967480182647705, "sum_time_loading_coverings": 0.24395108222961426}, "2": {"enters": 17, "count_subgroups": 68, "sum_estimated_prob_of_next_k": 16.925155044101462, "sum_sr": 68, "sum_time_spent_choosing_strategy": 0.014359712600708008, "sum_time_estimating_p_vector": 0.002621173858642578, "sum_time_loading_coverings": 0.0035681724548339844}}