{"0": {"enters": 1, "count_subgroups": 24816, "sum_estimated_prob_of_next_k": 0, "sum_sr": 23830, "sum_time_spent_choosing_strategy": 0, "sum_time_estimating_p_vector": 0, "sum_time_loading_coverings": 0}, "1": {"enters": 986, "count_subgroups": 3944, "sum_estimated_prob_of_next_k": 984.4499947163748, "sum_sr": 3917, "sum_time_spent_choosing_strategy": 1.448268175125122, "sum_time_estimating_p_vector": 0.1825249195098877, "sum_time_loading_coverings": 0.24156403541564941}, "2": {"enters": 27, "count_subgroups": 108, "sum_estimated_prob_of_next_k": 26.861271598799867, "sum_sr": 107, "sum_time_spent_choosing_strategy": 0.022094249725341797, "sum_time_estimating_p_vector": 0.003950595855712891, "sum_time_loading_coverings": 0.005494832992553711}, "3": {"enters": 1, "count_subgroups": 4, "sum_estimated_prob_of_next_k": 0.9999525539013298, "sum_sr": 4, "sum_time_spent_choosing_strategy": 0.00043129920959472656, "sum_time_estimating_p_vector": 0.0001533031463623047, "sum_time_loading_coverings": 0.00017642974853515625}}