{"0": {"enters": 1, "count_subgroups": 24816, "sum_estimated_prob_of_next_k": 0, "sum_sr": 23844, "sum_time_spent_choosing_strategy": 0, "sum_time_estimating_p_vector": 0, "sum_time_loading_coverings": 0}, "1": {"enters": 972, "count_subgroups": 3888, "sum_estimated_prob_of_next_k": 970.4380772566587, "sum_sr": 3862, "sum_time_spent_choosing_strategy": 1.4490509033203125, "sum_time_estimating_p_vector": 0.1962738037109375, "sum_time_loading_coverings": 0.24169921875}, "2": {"enters": 26, "count_subgroups": 104, "sum_estimated_prob_of_next_k": 25.75183706755871, "sum_sr": 103, "sum_time_spent_choosing_strategy": 0.02107858657836914, "sum_time_estimating_p_vector": 0.00401616096496582, "sum_time_loading_coverings": 0.005222320556640625}, "3": {"enters": 1, "count_subgroups": 4, "sum_estimated_prob_of_next_k": 0.942508864275815, "sum_sr": 4, "sum_time_spent_choosing_strategy": 0.00042891502380371094, "sum_time_estimating_p_vector": 0.00012230873107910156, "sum_time_loading_coverings": 0.00014829635620117188}}