{
    "1": {
        "enters": 730,
        "count_subgroups": 6622,
        "sum_estimated_prob_of_next_k": 672.1513897345649,
        "sum_sr": 6622,
        "sum_time_spent_choosing_strategy": 2.2743146419525146,
        "sum_time_estimating_p_vector": 0.14536428451538086,
        "sum_time_loading_coverings": 0.22647619247436523
    }
}