{"0": {"enters": 5, "count_subgroups": 7507, "sum_estimated_prob_of_next_k": 0, "sum_sr": 7101, "sum_time_spent_choosing_strategy": 0, "sum_time_estimating_p_vector": 0, "sum_time_loading_coverings": 0}, "1": {"enters": 406, "count_subgroups": 1624, "sum_estimated_prob_of_next_k": 405.1027267551126, "sum_sr": 1566, "sum_time_spent_choosing_strategy": 4.112671852111816, "sum_time_estimating_p_vector": 0.07462024688720703, "sum_time_loading_coverings": 0.12842845916748047}, "2": {"enters": 58, "count_subgroups": 232, "sum_estimated_prob_of_next_k": 57.648431496757716, "sum_sr": 216, "sum_time_spent_choosing_strategy": 0.24407267570495605, "sum_time_estimating_p_vector": 0.008769035339355469, "sum_time_loading_coverings": 0.014602899551391602}, "3": {"enters": 16, "count_subgroups": 64, "sum_estimated_prob_of_next_k": 15.743222025749379, "sum_sr": 51, "sum_time_spent_choosing_strategy": 0.033106088638305664, "sum_time_estimating_p_vector": 0.0032820701599121094, "sum_time_loading_coverings": 0.0034499168395996094}, "4": {"enters": 13, "count_subgroups": 52, "sum_estimated_prob_of_next_k": 12.837613846890344, "sum_sr": 49, "sum_time_spent_choosing_strategy": 0.014235734939575195, "sum_time_estimating_p_vector": 0.001874685287475586, "sum_time_loading_coverings": 0.0022988319396972656}, "5": {"enters": 3, "count_subgroups": 12, "sum_estimated_prob_of_next_k": 2.961867829304003, "sum_sr": 11, "sum_time_spent_choosing_strategy": 0.0017802715301513672, "sum_time_estimating_p_vector": 0.0004038810729980469, "sum_time_loading_coverings": 0.0004534721374511719}, "6": {"enters": 1, "count_subgroups": 4, "sum_estimated_prob_of_next_k": 0.9856897452681974, "sum_sr": 4, "sum_time_spent_choosing_strategy": 0.0003008842468261719, "sum_time_estimating_p_vector": 0.00011372566223144531, "sum_time_loading_coverings": 0.0001342296600341797}}