{"0": {"enters": 5, "count_subgroups": 7504, "sum_estimated_prob_of_next_k": 0, "sum_sr": 7117, "sum_time_spent_choosing_strategy": 0, "sum_time_estimating_p_vector": 0, "sum_time_loading_coverings": 0}, "1": {"enters": 387, "count_subgroups": 1548, "sum_estimated_prob_of_next_k": 385.97871838935464, "sum_sr": 1479, "sum_time_spent_choosing_strategy": 4.051781415939331, "sum_time_estimating_p_vector": 0.0659935474395752, "sum_time_loading_coverings": 0.12287139892578125}, "2": {"enters": 69, "count_subgroups": 276, "sum_estimated_prob_of_next_k": 68.62897582113061, "sum_sr": 264, "sum_time_spent_choosing_strategy": 0.3101518154144287, "sum_time_estimating_p_vector": 0.010256290435791016, "sum_time_loading_coverings": 0.01822662353515625}, "3": {"enters": 12, "count_subgroups": 48, "sum_estimated_prob_of_next_k": 11.814159255088711, "sum_sr": 42, "sum_time_spent_choosing_strategy": 0.02614569664001465, "sum_time_estimating_p_vector": 0.0017249584197998047, "sum_time_loading_coverings": 0.002586841583251953}, "4": {"enters": 6, "count_subgroups": 24, "sum_estimated_prob_of_next_k": 5.904175711241662, "sum_sr": 23, "sum_time_spent_choosing_strategy": 0.006556987762451172, "sum_time_estimating_p_vector": 0.0008482933044433594, "sum_time_loading_coverings": 0.0011599063873291016}, "5": {"enters": 1, "count_subgroups": 4, "sum_estimated_prob_of_next_k": 0.9856897452681974, "sum_sr": 4, "sum_time_spent_choosing_strategy": 0.0005891323089599609, "sum_time_estimating_p_vector": 0.00011467933654785156, "sum_time_loading_coverings": 0.00016355514526367188}}