{"0": {"enters": 5, "count_subgroups": 7506, "sum_estimated_prob_of_next_k": 0, "sum_sr": 7100, "sum_time_spent_choosing_strategy": 0, "sum_time_estimating_p_vector": 0, "sum_time_loading_coverings": 0}, "1": {"enters": 406, "count_subgroups": 1624, "sum_estimated_prob_of_next_k": 405.0959412680313, "sum_sr": 1558, "sum_time_spent_choosing_strategy": 4.014762878417969, "sum_time_estimating_p_vector": 0.07456636428833008, "sum_time_loading_coverings": 0.12797236442565918}, "2": {"enters": 66, "count_subgroups": 264, "sum_estimated_prob_of_next_k": 65.68623497334887, "sum_sr": 250, "sum_time_spent_choosing_strategy": 0.30263185501098633, "sum_time_estimating_p_vector": 0.009944677352905273, "sum_time_loading_coverings": 0.01721954345703125}, "3": {"enters": 14, "count_subgroups": 56, "sum_estimated_prob_of_next_k": 13.6541605004918, "sum_sr": 51, "sum_time_spent_choosing_strategy": 0.027146577835083008, "sum_time_estimating_p_vector": 0.0020101070404052734, "sum_time_loading_coverings": 0.0030105113983154297}, "4": {"enters": 5, "count_subgroups": 20, "sum_estimated_prob_of_next_k": 4.927777215997696, "sum_sr": 20, "sum_time_spent_choosing_strategy": 0.005445957183837891, "sum_time_estimating_p_vector": 0.0006821155548095703, "sum_time_loading_coverings": 0.0009241104125976562}}