{"1": {"enters": 15666, "count_subgroups": 105685, "sum_estimated_prob_of_next_k": 14802.649099101378, "sum_sr": 105419, "sum_time_spent_choosing_strategy": 3.5265250205993652, "sum_time_estimating_p_vector": 3.108820676803589, "sum_time_loading_coverings": 2.920478582382202}}