{"1": {"enters": 16472, "count_subgroups": 111204, "sum_estimated_prob_of_next_k": 15551.09562996502, "sum_sr": 110905, "sum_time_spent_choosing_strategy": 3.673175811767578, "sum_time_estimating_p_vector": 3.295633554458618, "sum_time_loading_coverings": 3.1086325645446777}}