{"1": {"enters": 16407, "count_subgroups": 111744, "sum_estimated_prob_of_next_k": 15476.901183873742, "sum_sr": 111454, "sum_time_spent_choosing_strategy": 3.649407148361206, "sum_time_estimating_p_vector": 3.284184694290161, "sum_time_loading_coverings": 3.1228439807891846}}