{"1": {"enters": 15809, "count_subgroups": 110577, "sum_estimated_prob_of_next_k": 14925.340711788269, "sum_sr": 110285, "sum_time_spent_choosing_strategy": 3.498142719268799, "sum_time_estimating_p_vector": 3.1160876750946045, "sum_time_loading_coverings": 2.931363821029663}}