{"1": {"enters": 16549, "count_subgroups": 120732, "sum_estimated_prob_of_next_k": 15606.325621781183, "sum_sr": 120438, "sum_time_spent_choosing_strategy": 3.7456841468811035, "sum_time_estimating_p_vector": 3.2645676136016846, "sum_time_loading_coverings": 3.076268196105957}}