{"1": {"enters": 16121, "count_subgroups": 111865, "sum_estimated_prob_of_next_k": 15217.510434301277, "sum_sr": 111575, "sum_time_spent_choosing_strategy": 3.586923599243164, "sum_time_estimating_p_vector": 3.286740779876709, "sum_time_loading_coverings": 3.045239210128784}}