{"1": {"enters": 16115, "count_subgroups": 111942, "sum_estimated_prob_of_next_k": 15207.340402643831, "sum_sr": 111635, "sum_time_spent_choosing_strategy": 3.491603374481201, "sum_time_estimating_p_vector": 3.2518153190612793, "sum_time_loading_coverings": 3.0060813426971436}}