{"1": {"enters": 110, "count_subgroups": 33431, "sum_estimated_prob_of_next_k": 101.55366742331398, "sum_sr": 33429, "sum_time_spent_choosing_strategy": 0.33881521224975586, "sum_time_estimating_p_vector": 0.04304766654968262, "sum_time_loading_coverings": 0.08818268775939941}}