{"1": {"enters": 112, "count_subgroups": 42873, "sum_estimated_prob_of_next_k": 102.7720426140054, "sum_sr": 42871, "sum_time_spent_choosing_strategy": 0.3290848731994629, "sum_time_estimating_p_vector": 0.03480935096740723, "sum_time_loading_coverings": 0.09613561630249023}}