{"1": {"enters": 112, "count_subgroups": 36118, "sum_estimated_prob_of_next_k": 100.35267674342383, "sum_sr": 36115, "sum_time_spent_choosing_strategy": 0.34991955757141113, "sum_time_estimating_p_vector": 0.03369879722595215, "sum_time_loading_coverings": 0.0875093936920166}}