{"1": {"enters": 105, "count_subgroups": 23660, "sum_estimated_prob_of_next_k": 96.89950739941946, "sum_sr": 23660, "sum_time_spent_choosing_strategy": 0.29665470123291016, "sum_time_estimating_p_vector": 0.035596370697021484, "sum_time_loading_coverings": 0.07191920280456543}}