{"1": {"enters": 120, "count_subgroups": 43123, "sum_estimated_prob_of_next_k": 110.3171479004382, "sum_sr": 43123, "sum_time_spent_choosing_strategy": 0.3483126163482666, "sum_time_estimating_p_vector": 0.03695511817932129, "sum_time_loading_coverings": 0.1006326675415039}}