{"1": {"enters": 113, "count_subgroups": 137698, "sum_estimated_prob_of_next_k": 102.39698651318488, "sum_sr": 137697, "sum_time_spent_choosing_strategy": 0.3366825580596924, "sum_time_estimating_p_vector": 0.036969661712646484, "sum_time_loading_coverings": 0.18731307983398438}}