{"1": {"enters": 111, "count_subgroups": 118136, "sum_estimated_prob_of_next_k": 102.84172576684765, "sum_sr": 118136, "sum_time_spent_choosing_strategy": 0.3383615016937256, "sum_time_estimating_p_vector": 0.03570055961608887, "sum_time_loading_coverings": 0.16368794441223145}}