{
    "1": {
        "enters": 3131,
        "count_subgroups": 176047,
        "sum_estimated_prob_of_next_k": 2972.287056735884,
        "sum_sr": 176028,
        "sum_time_spent_choosing_strategy": 3.9509317874908447,
        "sum_time_estimating_p_vector": 0.6412177085876465,
        "sum_time_loading_coverings": 0.9994962215423584
    }
}