{"0": {"enters": 5, "count_subgroups": 314631, "sum_estimated_prob_of_next_k": 0, "sum_sr": 300359, "sum_time_spent_choosing_strategy": 0, "sum_time_estimating_p_vector": 0, "sum_time_loading_coverings": 0}, "1": {"enters": 14272, "count_subgroups": 57088, "sum_estimated_prob_of_next_k": 14220.694284716756, "sum_sr": 54437, "sum_time_spent_choosing_strategy": 11.94053339958191, "sum_time_estimating_p_vector": 2.143404245376587, "sum_time_loading_coverings": 2.631277084350586}, "2": {"enters": 2651, "count_subgroups": 10604, "sum_estimated_prob_of_next_k": 2586.8879879384467, "sum_sr": 9727, "sum_time_spent_choosing_strategy": 1.2044682502746582, "sum_time_estimating_p_vector": 0.37033581733703613, "sum_time_loading_coverings": 0.41994261741638184}, "3": {"enters": 877, "count_subgroups": 3541, "sum_estimated_prob_of_next_k": 870.1148456104322, "sum_sr": 3420, "sum_time_spent_choosing_strategy": 0.2487947940826416, "sum_time_estimating_p_vector": 0.11842203140258789, "sum_time_loading_coverings": 0.11814713478088379}, "4": {"enters": 121, "count_subgroups": 486, "sum_estimated_prob_of_next_k": 118.2304295996743, "sum_sr": 461, "sum_time_spent_choosing_strategy": 0.01723456382751465, "sum_time_estimating_p_vector": 0.01558995246887207, "sum_time_loading_coverings": 0.015066146850585938}, "5": {"enters": 25, "count_subgroups": 122, "sum_estimated_prob_of_next_k": 24.88187925928559, "sum_sr": 121, "sum_time_spent_choosing_strategy": 0.0019259452819824219, "sum_time_estimating_p_vector": 0.0029768943786621094, "sum_time_loading_coverings": 0.002168416976928711}, "6": {"enters": 1, "count_subgroups": 4, "sum_estimated_prob_of_next_k": 0.9339247509667907, "sum_sr": 4, "sum_time_spent_choosing_strategy": 3.5762786865234375e-05, "sum_time_estimating_p_vector": 0.00011324882507324219, "sum_time_loading_coverings": 6.365776062011719e-05}}