{"0": {"enters": 5, "count_subgroups": 314633, "sum_estimated_prob_of_next_k": 0, "sum_sr": 301172, "sum_time_spent_choosing_strategy": 0, "sum_time_estimating_p_vector": 0, "sum_time_loading_coverings": 0}, "1": {"enters": 13461, "count_subgroups": 53844, "sum_estimated_prob_of_next_k": 13411.587845270109, "sum_sr": 51445, "sum_time_spent_choosing_strategy": 11.461593866348267, "sum_time_estimating_p_vector": 1.9830601215362549, "sum_time_loading_coverings": 2.437655210494995}, "2": {"enters": 2399, "count_subgroups": 9596, "sum_estimated_prob_of_next_k": 2344.726631190468, "sum_sr": 8891, "sum_time_spent_choosing_strategy": 1.080709457397461, "sum_time_estimating_p_vector": 0.3311948776245117, "sum_time_loading_coverings": 0.37174558639526367}, "3": {"enters": 705, "count_subgroups": 2847, "sum_estimated_prob_of_next_k": 699.700025903755, "sum_sr": 2776, "sum_time_spent_choosing_strategy": 0.20004534721374512, "sum_time_estimating_p_vector": 0.09566092491149902, "sum_time_loading_coverings": 0.09467387199401855}, "4": {"enters": 71, "count_subgroups": 284, "sum_estimated_prob_of_next_k": 69.39215888229717, "sum_sr": 267, "sum_time_spent_choosing_strategy": 0.010395288467407227, "sum_time_estimating_p_vector": 0.009216070175170898, "sum_time_loading_coverings": 0.008687734603881836}, "5": {"enters": 17, "count_subgroups": 84, "sum_estimated_prob_of_next_k": 16.895086905044614, "sum_sr": 81, "sum_time_spent_choosing_strategy": 0.0013241767883300781, "sum_time_estimating_p_vector": 0.002080678939819336, "sum_time_loading_coverings": 0.001512765884399414}, "6": {"enters": 3, "count_subgroups": 12, "sum_estimated_prob_of_next_k": 2.801774252900372, "sum_sr": 12, "sum_time_spent_choosing_strategy": 9.608268737792969e-05, "sum_time_estimating_p_vector": 0.0003287792205810547, "sum_time_loading_coverings": 0.00018668174743652344}}