{"0": {"enters": 5, "count_subgroups": 314631, "sum_estimated_prob_of_next_k": 0, "sum_sr": 300545, "sum_time_spent_choosing_strategy": 0, "sum_time_estimating_p_vector": 0, "sum_time_loading_coverings": 0}, "1": {"enters": 14086, "count_subgroups": 56344, "sum_estimated_prob_of_next_k": 14034.47455019017, "sum_sr": 53477, "sum_time_spent_choosing_strategy": 12.220313549041748, "sum_time_estimating_p_vector": 2.1465017795562744, "sum_time_loading_coverings": 2.6637418270111084}, "2": {"enters": 2867, "count_subgroups": 11468, "sum_estimated_prob_of_next_k": 2796.594592292591, "sum_sr": 10483, "sum_time_spent_choosing_strategy": 1.3254873752593994, "sum_time_estimating_p_vector": 0.4040718078613281, "sum_time_loading_coverings": 0.46300625801086426}, "3": {"enters": 985, "count_subgroups": 3981, "sum_estimated_prob_of_next_k": 977.0696386186434, "sum_sr": 3787, "sum_time_spent_choosing_strategy": 0.27895665168762207, "sum_time_estimating_p_vector": 0.13288569450378418, "sum_time_loading_coverings": 0.13438796997070312}, "4": {"enters": 194, "count_subgroups": 776, "sum_estimated_prob_of_next_k": 189.12230769306782, "sum_sr": 704, "sum_time_spent_choosing_strategy": 0.027659177780151367, "sum_time_estimating_p_vector": 0.024985551834106445, "sum_time_loading_coverings": 0.024670124053955078}, "5": {"enters": 72, "count_subgroups": 353, "sum_estimated_prob_of_next_k": 71.60157896476646, "sum_sr": 338, "sum_time_spent_choosing_strategy": 0.005446195602416992, "sum_time_estimating_p_vector": 0.008777379989624023, "sum_time_loading_coverings": 0.006602764129638672}, "6": {"enters": 15, "count_subgroups": 60, "sum_estimated_prob_of_next_k": 14.311337637076452, "sum_sr": 54, "sum_time_spent_choosing_strategy": 0.0005350112915039062, "sum_time_estimating_p_vector": 0.0018756389617919922, "sum_time_loading_coverings": 0.0011124610900878906}, "7": {"enters": 6, "count_subgroups": 24, "sum_estimated_prob_of_next_k": 5.928443543681996, "sum_sr": 24, "sum_time_spent_choosing_strategy": 0.00012087821960449219, "sum_time_estimating_p_vector": 0.0007109642028808594, "sum_time_loading_coverings": 0.00027179718017578125}}