{"0": {"enters": 6, "count_subgroups": 152728, "sum_estimated_prob_of_next_k": 0, "sum_sr": 136161, "sum_time_spent_choosing_strategy": 0, "sum_time_estimating_p_vector": 0, "sum_time_loading_coverings": 0}, "1": {"enters": 16567, "count_subgroups": 82970, "sum_estimated_prob_of_next_k": 16454.96869258229, "sum_sr": 74855, "sum_time_spent_choosing_strategy": 94.05065107345581, "sum_time_estimating_p_vector": 3.2286181449890137, "sum_time_loading_coverings": 6.484529972076416}, "2": {"enters": 8115, "count_subgroups": 40952, "sum_estimated_prob_of_next_k": 8028.817593432187, "sum_sr": 37259, "sum_time_spent_choosing_strategy": 27.2123966217041, "sum_time_estimating_p_vector": 1.5137965679168701, "sum_time_loading_coverings": 2.755943775177002}, "3": {"enters": 3693, "count_subgroups": 18650, "sum_estimated_prob_of_next_k": 3643.489370526212, "sum_sr": 17060, "sum_time_spent_choosing_strategy": 7.715273857116699, "sum_time_estimating_p_vector": 0.6867127418518066, "sum_time_loading_coverings": 1.1178011894226074}, "4": {"enters": 1590, "count_subgroups": 7962, "sum_estimated_prob_of_next_k": 1556.1361104447485, "sum_sr": 7181, "sum_time_spent_choosing_strategy": 2.0323381423950195, "sum_time_estimating_p_vector": 0.29212307929992676, "sum_time_loading_coverings": 0.43193721771240234}, "5": {"enters": 781, "count_subgroups": 3946, "sum_estimated_prob_of_next_k": 760.4101834621529, "sum_sr": 3511, "sum_time_spent_choosing_strategy": 0.6037790775299072, "sum_time_estimating_p_vector": 0.13878345489501953, "sum_time_loading_coverings": 0.1904914379119873}, "6": {"enters": 435, "count_subgroups": 2470, "sum_estimated_prob_of_next_k": 425.9666427498928, "sum_sr": 2226, "sum_time_spent_choosing_strategy": 0.20011448860168457, "sum_time_estimating_p_vector": 0.0762183666229248, "sum_time_loading_coverings": 0.09482479095458984}, "7": {"enters": 244, "count_subgroups": 1523, "sum_estimated_prob_of_next_k": 237.6412521643951, "sum_sr": 1418, "sum_time_spent_choosing_strategy": 0.06338024139404297, "sum_time_estimating_p_vector": 0.04235053062438965, "sum_time_loading_coverings": 0.046155452728271484}, "8": {"enters": 105, "count_subgroups": 550, "sum_estimated_prob_of_next_k": 100.78774417114388, "sum_sr": 520, "sum_time_spent_choosing_strategy": 0.01592707633972168, "sum_time_estimating_p_vector": 0.017590761184692383, "sum_time_loading_coverings": 0.017517805099487305}, "9": {"enters": 30, "count_subgroups": 187, "sum_estimated_prob_of_next_k": 29.47508870871966, "sum_sr": 181, "sum_time_spent_choosing_strategy": 0.0027070045471191406, "sum_time_estimating_p_vector": 0.004940032958984375, "sum_time_loading_coverings": 0.003986358642578125}, "10": {"enters": 6, "count_subgroups": 38, "sum_estimated_prob_of_next_k": 5.818760899697749, "sum_sr": 36, "sum_time_spent_choosing_strategy": 0.0003533363342285156, "sum_time_estimating_p_vector": 0.0009744167327880859, "sum_time_loading_coverings": 0.0006952285766601562}, "11": {"enters": 2, "count_subgroups": 10, "sum_estimated_prob_of_next_k": 1.9993861616022723, "sum_sr": 9, "sum_time_spent_choosing_strategy": 0.00010204315185546875, "sum_time_estimating_p_vector": 0.0003814697265625, "sum_time_loading_coverings": 0.0002529621124267578}, "12": {"enters": 1, "count_subgroups": 5, "sum_estimated_prob_of_next_k": 0.9991245520462767, "sum_sr": 5, "sum_time_spent_choosing_strategy": 3.528594970703125e-05, "sum_time_estimating_p_vector": 0.0001862049102783203, "sum_time_loading_coverings": 9.608268737792969e-05}}