{"0": {"enters": 6, "count_subgroups": 152728, "sum_estimated_prob_of_next_k": 0, "sum_sr": 136329, "sum_time_spent_choosing_strategy": 0, "sum_time_estimating_p_vector": 0, "sum_time_loading_coverings": 0}, "1": {"enters": 16399, "count_subgroups": 82192, "sum_estimated_prob_of_next_k": 16282.644861690662, "sum_sr": 74356, "sum_time_spent_choosing_strategy": 94.00368142127991, "sum_time_estimating_p_vector": 3.361074686050415, "sum_time_loading_coverings": 6.641950607299805}, "2": {"enters": 7836, "count_subgroups": 39623, "sum_estimated_prob_of_next_k": 7745.370802312485, "sum_sr": 35490, "sum_time_spent_choosing_strategy": 26.26555824279785, "sum_time_estimating_p_vector": 1.485274314880371, "sum_time_loading_coverings": 2.7281863689422607}, "3": {"enters": 4133, "count_subgroups": 20978, "sum_estimated_prob_of_next_k": 4073.040488493878, "sum_sr": 18991, "sum_time_spent_choosing_strategy": 8.557599306106567, "sum_time_estimating_p_vector": 0.7790050506591797, "sum_time_loading_coverings": 1.2738096714019775}, "4": {"enters": 1987, "count_subgroups": 9961, "sum_estimated_prob_of_next_k": 1935.6487007715255, "sum_sr": 9013, "sum_time_spent_choosing_strategy": 2.4762377738952637, "sum_time_estimating_p_vector": 0.36849236488342285, "sum_time_loading_coverings": 0.548649787902832}, "5": {"enters": 948, "count_subgroups": 4921, "sum_estimated_prob_of_next_k": 922.7560182168272, "sum_sr": 4429, "sum_time_spent_choosing_strategy": 0.700437068939209, "sum_time_estimating_p_vector": 0.1704566478729248, "sum_time_loading_coverings": 0.23446416854858398}, "6": {"enters": 492, "count_subgroups": 2843, "sum_estimated_prob_of_next_k": 479.6277845521734, "sum_sr": 2571, "sum_time_spent_choosing_strategy": 0.21297621726989746, "sum_time_estimating_p_vector": 0.0868072509765625, "sum_time_loading_coverings": 0.10786819458007812}, "7": {"enters": 272, "count_subgroups": 1713, "sum_estimated_prob_of_next_k": 263.25530285824783, "sum_sr": 1558, "sum_time_spent_choosing_strategy": 0.0647425651550293, "sum_time_estimating_p_vector": 0.046894073486328125, "sum_time_loading_coverings": 0.05186605453491211}, "8": {"enters": 155, "count_subgroups": 851, "sum_estimated_prob_of_next_k": 149.98283672690468, "sum_sr": 773, "sum_time_spent_choosing_strategy": 0.019688129425048828, "sum_time_estimating_p_vector": 0.026071786880493164, "sum_time_loading_coverings": 0.024786949157714844}, "9": {"enters": 78, "count_subgroups": 578, "sum_estimated_prob_of_next_k": 77.12621294727248, "sum_sr": 547, "sum_time_spent_choosing_strategy": 0.005615711212158203, "sum_time_estimating_p_vector": 0.01305079460144043, "sum_time_loading_coverings": 0.008925914764404297}, "10": {"enters": 31, "count_subgroups": 187, "sum_estimated_prob_of_next_k": 28.669265668019893, "sum_sr": 173, "sum_time_spent_choosing_strategy": 0.001188039779663086, "sum_time_estimating_p_vector": 0.004912853240966797, "sum_time_loading_coverings": 0.002725362777709961}, "11": {"enters": 14, "count_subgroups": 70, "sum_estimated_prob_of_next_k": 13.2198674790079, "sum_sr": 70, "sum_time_spent_choosing_strategy": 0.0003402233123779297, "sum_time_estimating_p_vector": 0.0021724700927734375, "sum_time_loading_coverings": 0.0009534358978271484}}