{"0": {"enters": 6, "count_subgroups": 152728, "sum_estimated_prob_of_next_k": 0, "sum_sr": 135583, "sum_time_spent_choosing_strategy": 0, "sum_time_estimating_p_vector": 0, "sum_time_loading_coverings": 0}, "1": {"enters": 17145, "count_subgroups": 85940, "sum_estimated_prob_of_next_k": 17018.06757200984, "sum_sr": 77260, "sum_time_spent_choosing_strategy": 97.54943418502808, "sum_time_estimating_p_vector": 3.515944719314575, "sum_time_loading_coverings": 6.849129915237427}, "2": {"enters": 8680, "count_subgroups": 43845, "sum_estimated_prob_of_next_k": 8581.205848389296, "sum_sr": 39453, "sum_time_spent_choosing_strategy": 29.03830885887146, "sum_time_estimating_p_vector": 1.6653153896331787, "sum_time_loading_coverings": 3.0083558559417725}, "3": {"enters": 4392, "count_subgroups": 22254, "sum_estimated_prob_of_next_k": 4330.455611201792, "sum_sr": 20286, "sum_time_spent_choosing_strategy": 9.186728715896606, "sum_time_estimating_p_vector": 0.8381524085998535, "sum_time_loading_coverings": 1.3472607135772705}, "4": {"enters": 1968, "count_subgroups": 9872, "sum_estimated_prob_of_next_k": 1920.0475708561733, "sum_sr": 8850, "sum_time_spent_choosing_strategy": 2.480958938598633, "sum_time_estimating_p_vector": 0.3699789047241211, "sum_time_loading_coverings": 0.541179895401001}, "5": {"enters": 1022, "count_subgroups": 5315, "sum_estimated_prob_of_next_k": 994.2126803642831, "sum_sr": 4733, "sum_time_spent_choosing_strategy": 0.7589762210845947, "sum_time_estimating_p_vector": 0.1863851547241211, "sum_time_loading_coverings": 0.24886322021484375}, "6": {"enters": 582, "count_subgroups": 3358, "sum_estimated_prob_of_next_k": 567.6846086652153, "sum_sr": 2984, "sum_time_spent_choosing_strategy": 0.2507188320159912, "sum_time_estimating_p_vector": 0.10386061668395996, "sum_time_loading_coverings": 0.12445545196533203}, "7": {"enters": 374, "count_subgroups": 2161, "sum_estimated_prob_of_next_k": 356.9482828182673, "sum_sr": 1865, "sum_time_spent_choosing_strategy": 0.09111189842224121, "sum_time_estimating_p_vector": 0.06588220596313477, "sum_time_loading_coverings": 0.0682363510131836}, "8": {"enters": 296, "count_subgroups": 1620, "sum_estimated_prob_of_next_k": 284.93726827672236, "sum_sr": 1441, "sum_time_spent_choosing_strategy": 0.04093313217163086, "sum_time_estimating_p_vector": 0.04993176460266113, "sum_time_loading_coverings": 0.047127723693847656}, "9": {"enters": 179, "count_subgroups": 1304, "sum_estimated_prob_of_next_k": 176.68971932522223, "sum_sr": 1236, "sum_time_spent_choosing_strategy": 0.013138055801391602, "sum_time_estimating_p_vector": 0.029343605041503906, "sum_time_loading_coverings": 0.020772695541381836}, "10": {"enters": 68, "count_subgroups": 366, "sum_estimated_prob_of_next_k": 65.1387430058398, "sum_sr": 339, "sum_time_spent_choosing_strategy": 0.0025882720947265625, "sum_time_estimating_p_vector": 0.012053251266479492, "sum_time_loading_coverings": 0.005976200103759766}, "11": {"enters": 27, "count_subgroups": 135, "sum_estimated_prob_of_next_k": 25.96402006606794, "sum_sr": 129, "sum_time_spent_choosing_strategy": 0.0007023811340332031, "sum_time_estimating_p_vector": 0.005035877227783203, "sum_time_loading_coverings": 0.0019040107727050781}, "12": {"enters": 6, "count_subgroups": 30, "sum_estimated_prob_of_next_k": 5.761219278905766, "sum_sr": 30, "sum_time_spent_choosing_strategy": 0.00011992454528808594, "sum_time_estimating_p_vector": 0.001161813735961914, "sum_time_loading_coverings": 0.0003447532653808594}}