{"0": {"enters": 6, "count_subgroups": 152728, "sum_estimated_prob_of_next_k": 0, "sum_sr": 136634, "sum_time_spent_choosing_strategy": 0, "sum_time_estimating_p_vector": 0, "sum_time_loading_coverings": 0}, "1": {"enters": 16094, "count_subgroups": 80619, "sum_estimated_prob_of_next_k": 15983.722332209984, "sum_sr": 72698, "sum_time_spent_choosing_strategy": 91.37219524383545, "sum_time_estimating_p_vector": 3.2849583625793457, "sum_time_loading_coverings": 6.594604969024658}, "2": {"enters": 7921, "count_subgroups": 39983, "sum_estimated_prob_of_next_k": 7836.711964646508, "sum_sr": 36144, "sum_time_spent_choosing_strategy": 26.39255714416504, "sum_time_estimating_p_vector": 1.513967752456665, "sum_time_loading_coverings": 2.7965245246887207}, "3": {"enters": 3839, "count_subgroups": 19418, "sum_estimated_prob_of_next_k": 3783.6741020617965, "sum_sr": 17627, "sum_time_spent_choosing_strategy": 7.934213399887085, "sum_time_estimating_p_vector": 0.7277448177337646, "sum_time_loading_coverings": 1.2018849849700928}, "4": {"enters": 1791, "count_subgroups": 8990, "sum_estimated_prob_of_next_k": 1748.7523264499785, "sum_sr": 8049, "sum_time_spent_choosing_strategy": 2.229912757873535, "sum_time_estimating_p_vector": 0.33489561080932617, "sum_time_loading_coverings": 0.49959373474121094}, "5": {"enters": 941, "count_subgroups": 4875, "sum_estimated_prob_of_next_k": 917.862004404206, "sum_sr": 4327, "sum_time_spent_choosing_strategy": 0.6897990703582764, "sum_time_estimating_p_vector": 0.17154812812805176, "sum_time_loading_coverings": 0.23408269882202148}, "6": {"enters": 548, "count_subgroups": 3128, "sum_estimated_prob_of_next_k": 534.3763518309584, "sum_sr": 2796, "sum_time_spent_choosing_strategy": 0.23544788360595703, "sum_time_estimating_p_vector": 0.0975198745727539, "sum_time_loading_coverings": 0.12190914154052734}, "7": {"enters": 332, "count_subgroups": 1904, "sum_estimated_prob_of_next_k": 315.6817768714845, "sum_sr": 1720, "sum_time_spent_choosing_strategy": 0.07646512985229492, "sum_time_estimating_p_vector": 0.05780649185180664, "sum_time_loading_coverings": 0.06098675727844238}, "8": {"enters": 184, "count_subgroups": 1027, "sum_estimated_prob_of_next_k": 177.79298062157574, "sum_sr": 947, "sum_time_spent_choosing_strategy": 0.02281665802001953, "sum_time_estimating_p_vector": 0.03130459785461426, "sum_time_loading_coverings": 0.029398679733276367}, "9": {"enters": 80, "count_subgroups": 571, "sum_estimated_prob_of_next_k": 79.1059388827391, "sum_sr": 540, "sum_time_spent_choosing_strategy": 0.005471229553222656, "sum_time_estimating_p_vector": 0.014038324356079102, "sum_time_loading_coverings": 0.009927749633789062}, "10": {"enters": 31, "count_subgroups": 165, "sum_estimated_prob_of_next_k": 30.421796465971884, "sum_sr": 145, "sum_time_spent_choosing_strategy": 0.001544952392578125, "sum_time_estimating_p_vector": 0.005572319030761719, "sum_time_loading_coverings": 0.0033156871795654297}, "11": {"enters": 20, "count_subgroups": 100, "sum_estimated_prob_of_next_k": 19.927889247902172, "sum_sr": 78, "sum_time_spent_choosing_strategy": 0.0008528232574462891, "sum_time_estimating_p_vector": 0.0037658214569091797, "sum_time_loading_coverings": 0.0022253990173339844}, "12": {"enters": 22, "count_subgroups": 110, "sum_estimated_prob_of_next_k": 21.884602662039825, "sum_sr": 95, "sum_time_spent_choosing_strategy": 0.0006577968597412109, "sum_time_estimating_p_vector": 0.004143476486206055, "sum_time_loading_coverings": 0.0018186569213867188}, "13": {"enters": 15, "count_subgroups": 75, "sum_estimated_prob_of_next_k": 14.999950683197685, "sum_sr": 75, "sum_time_spent_choosing_strategy": 0.0002932548522949219, "sum_time_estimating_p_vector": 0.002794981002807617, "sum_time_loading_coverings": 0.000881195068359375}}