{"0": {"enters": 6, "count_subgroups": 152728, "sum_estimated_prob_of_next_k": 0, "sum_sr": 135866, "sum_time_spent_choosing_strategy": 0, "sum_time_estimating_p_vector": 0, "sum_time_loading_coverings": 0}, "1": {"enters": 16862, "count_subgroups": 84469, "sum_estimated_prob_of_next_k": 16746.83293676731, "sum_sr": 75830, "sum_time_spent_choosing_strategy": 94.7650682926178, "sum_time_estimating_p_vector": 3.3340015411376953, "sum_time_loading_coverings": 6.567028760910034}, "2": {"enters": 8639, "count_subgroups": 43640, "sum_estimated_prob_of_next_k": 8544.339183320628, "sum_sr": 38886, "sum_time_spent_choosing_strategy": 28.49508285522461, "sum_time_estimating_p_vector": 1.6217498779296875, "sum_time_loading_coverings": 2.9103152751922607}, "3": {"enters": 4754, "count_subgroups": 24117, "sum_estimated_prob_of_next_k": 4690.160509262762, "sum_sr": 21891, "sum_time_spent_choosing_strategy": 9.727473735809326, "sum_time_estimating_p_vector": 0.884697437286377, "sum_time_loading_coverings": 1.4163508415222168}, "4": {"enters": 2226, "count_subgroups": 11181, "sum_estimated_prob_of_next_k": 2172.1633420636795, "sum_sr": 10024, "sum_time_spent_choosing_strategy": 2.7553420066833496, "sum_time_estimating_p_vector": 0.4084465503692627, "sum_time_loading_coverings": 0.5927321910858154}, "5": {"enters": 1157, "count_subgroups": 5978, "sum_estimated_prob_of_next_k": 1126.7620073049093, "sum_sr": 5325, "sum_time_spent_choosing_strategy": 0.8438625335693359, "sum_time_estimating_p_vector": 0.20692777633666992, "sum_time_loading_coverings": 0.2744486331939697}, "6": {"enters": 653, "count_subgroups": 3764, "sum_estimated_prob_of_next_k": 635.8224156738492, "sum_sr": 3356, "sum_time_spent_choosing_strategy": 0.2813229560852051, "sum_time_estimating_p_vector": 0.11150550842285156, "sum_time_loading_coverings": 0.13558268547058105}, "7": {"enters": 408, "count_subgroups": 2528, "sum_estimated_prob_of_next_k": 394.99282477679276, "sum_sr": 2215, "sum_time_spent_choosing_strategy": 0.09910416603088379, "sum_time_estimating_p_vector": 0.06990337371826172, "sum_time_loading_coverings": 0.07446622848510742}, "8": {"enters": 313, "count_subgroups": 1689, "sum_estimated_prob_of_next_k": 301.1762558302391, "sum_sr": 1508, "sum_time_spent_choosing_strategy": 0.04154682159423828, "sum_time_estimating_p_vector": 0.05215954780578613, "sum_time_loading_coverings": 0.048470258712768555}, "9": {"enters": 181, "count_subgroups": 1323, "sum_estimated_prob_of_next_k": 178.78254722467554, "sum_sr": 1261, "sum_time_spent_choosing_strategy": 0.012950420379638672, "sum_time_estimating_p_vector": 0.02859044075012207, "sum_time_loading_coverings": 0.02109670639038086}, "10": {"enters": 62, "count_subgroups": 370, "sum_estimated_prob_of_next_k": 57.78075186133068, "sum_sr": 352, "sum_time_spent_choosing_strategy": 0.0024368762969970703, "sum_time_estimating_p_vector": 0.009320974349975586, "sum_time_loading_coverings": 0.005315303802490234}, "11": {"enters": 18, "count_subgroups": 94, "sum_estimated_prob_of_next_k": 17.004654161973303, "sum_sr": 94, "sum_time_spent_choosing_strategy": 0.0004458427429199219, "sum_time_estimating_p_vector": 0.002605438232421875, "sum_time_loading_coverings": 0.0012252330780029297}}