{"0": {"enters": 6, "count_subgroups": 152728, "sum_estimated_prob_of_next_k": 0, "sum_sr": 135994, "sum_time_spent_choosing_strategy": 0, "sum_time_estimating_p_vector": 0, "sum_time_loading_coverings": 0}, "1": {"enters": 16734, "count_subgroups": 83870, "sum_estimated_prob_of_next_k": 16618.16820076166, "sum_sr": 75139, "sum_time_spent_choosing_strategy": 94.80259323120117, "sum_time_estimating_p_vector": 3.311366081237793, "sum_time_loading_coverings": 6.599851131439209}, "2": {"enters": 8731, "count_subgroups": 44069, "sum_estimated_prob_of_next_k": 8638.079506776296, "sum_sr": 39682, "sum_time_spent_choosing_strategy": 29.09570288658142, "sum_time_estimating_p_vector": 1.6507508754730225, "sum_time_loading_coverings": 3.002319812774658}, "3": {"enters": 4387, "count_subgroups": 22283, "sum_estimated_prob_of_next_k": 4327.7268155779175, "sum_sr": 20340, "sum_time_spent_choosing_strategy": 9.067521095275879, "sum_time_estimating_p_vector": 0.8243885040283203, "sum_time_loading_coverings": 1.331599473953247}, "4": {"enters": 1943, "count_subgroups": 9751, "sum_estimated_prob_of_next_k": 1890.0688194892878, "sum_sr": 8858, "sum_time_spent_choosing_strategy": 2.393946647644043, "sum_time_estimating_p_vector": 0.35771822929382324, "sum_time_loading_coverings": 0.5276174545288086}, "5": {"enters": 893, "count_subgroups": 4676, "sum_estimated_prob_of_next_k": 870.4038011019712, "sum_sr": 4166, "sum_time_spent_choosing_strategy": 0.6439130306243896, "sum_time_estimating_p_vector": 0.1595468521118164, "sum_time_loading_coverings": 0.21389484405517578}, "6": {"enters": 510, "count_subgroups": 2906, "sum_estimated_prob_of_next_k": 497.86918675999806, "sum_sr": 2644, "sum_time_spent_choosing_strategy": 0.2145373821258545, "sum_time_estimating_p_vector": 0.0888674259185791, "sum_time_loading_coverings": 0.1081075668334961}, "7": {"enters": 262, "count_subgroups": 1541, "sum_estimated_prob_of_next_k": 249.51980958740643, "sum_sr": 1406, "sum_time_spent_choosing_strategy": 0.0589756965637207, "sum_time_estimating_p_vector": 0.04418206214904785, "sum_time_loading_coverings": 0.046740055084228516}, "8": {"enters": 135, "count_subgroups": 758, "sum_estimated_prob_of_next_k": 130.65510084672357, "sum_sr": 708, "sum_time_spent_choosing_strategy": 0.01625370979309082, "sum_time_estimating_p_vector": 0.02205944061279297, "sum_time_loading_coverings": 0.020802974700927734}, "9": {"enters": 50, "count_subgroups": 409, "sum_estimated_prob_of_next_k": 49.57183928662177, "sum_sr": 401, "sum_time_spent_choosing_strategy": 0.0029151439666748047, "sum_time_estimating_p_vector": 0.007806539535522461, "sum_time_loading_coverings": 0.005003452301025391}, "10": {"enters": 8, "count_subgroups": 40, "sum_estimated_prob_of_next_k": 7.484009477178438, "sum_sr": 37, "sum_time_spent_choosing_strategy": 0.00020647048950195312, "sum_time_estimating_p_vector": 0.0014238357543945312, "sum_time_loading_coverings": 0.000560760498046875}, "11": {"enters": 3, "count_subgroups": 15, "sum_estimated_prob_of_next_k": 2.880609639452883, "sum_sr": 15, "sum_time_spent_choosing_strategy": 5.650520324707031e-05, "sum_time_estimating_p_vector": 0.0005540847778320312, "sum_time_loading_coverings": 0.00015783309936523438}}