{"0": {"enters": 6, "count_subgroups": 152728, "sum_estimated_prob_of_next_k": 0, "sum_sr": 136548, "sum_time_spent_choosing_strategy": 0, "sum_time_estimating_p_vector": 0, "sum_time_loading_coverings": 0}, "1": {"enters": 16180, "count_subgroups": 81062, "sum_estimated_prob_of_next_k": 16069.946948122542, "sum_sr": 73379, "sum_time_spent_choosing_strategy": 92.1285011768341, "sum_time_estimating_p_vector": 3.16438627243042, "sum_time_loading_coverings": 6.278332710266113}, "2": {"enters": 7683, "count_subgroups": 38790, "sum_estimated_prob_of_next_k": 7600.48339595668, "sum_sr": 35038, "sum_time_spent_choosing_strategy": 25.788105249404907, "sum_time_estimating_p_vector": 1.4362750053405762, "sum_time_loading_coverings": 2.591618776321411}, "3": {"enters": 3752, "count_subgroups": 18988, "sum_estimated_prob_of_next_k": 3697.0960440685312, "sum_sr": 17160, "sum_time_spent_choosing_strategy": 7.813359022140503, "sum_time_estimating_p_vector": 0.698488712310791, "sum_time_loading_coverings": 1.1223301887512207}, "4": {"enters": 1828, "count_subgroups": 9162, "sum_estimated_prob_of_next_k": 1785.1735203846833, "sum_sr": 8147, "sum_time_spent_choosing_strategy": 2.3085601329803467, "sum_time_estimating_p_vector": 0.33557653427124023, "sum_time_loading_coverings": 0.48901891708374023}, "5": {"enters": 1015, "count_subgroups": 5170, "sum_estimated_prob_of_next_k": 985.6146506128135, "sum_sr": 4559, "sum_time_spent_choosing_strategy": 0.7676572799682617, "sum_time_estimating_p_vector": 0.1813032627105713, "sum_time_loading_coverings": 0.24280905723571777}, "6": {"enters": 611, "count_subgroups": 3581, "sum_estimated_prob_of_next_k": 597.4281874977306, "sum_sr": 3239, "sum_time_spent_choosing_strategy": 0.2742881774902344, "sum_time_estimating_p_vector": 0.1043400764465332, "sum_time_loading_coverings": 0.13001751899719238}, "7": {"enters": 342, "count_subgroups": 2203, "sum_estimated_prob_of_next_k": 333.5641044831075, "sum_sr": 1992, "sum_time_spent_choosing_strategy": 0.08421993255615234, "sum_time_estimating_p_vector": 0.05712175369262695, "sum_time_loading_coverings": 0.0618138313293457}, "8": {"enters": 211, "count_subgroups": 1168, "sum_estimated_prob_of_next_k": 204.04167192115852, "sum_sr": 1045, "sum_time_spent_choosing_strategy": 0.02723550796508789, "sum_time_estimating_p_vector": 0.034096717834472656, "sum_time_loading_coverings": 0.03299999237060547}, "9": {"enters": 123, "count_subgroups": 967, "sum_estimated_prob_of_next_k": 122.00972822401614, "sum_sr": 915, "sum_time_spent_choosing_strategy": 0.008063793182373047, "sum_time_estimating_p_vector": 0.019058704376220703, "sum_time_loading_coverings": 0.013297557830810547}, "10": {"enters": 52, "count_subgroups": 268, "sum_estimated_prob_of_next_k": 49.52487370997572, "sum_sr": 264, "sum_time_spent_choosing_strategy": 0.0017731189727783203, "sum_time_estimating_p_vector": 0.00811314582824707, "sum_time_loading_coverings": 0.004069328308105469}, "11": {"enters": 4, "count_subgroups": 20, "sum_estimated_prob_of_next_k": 3.842680854902003, "sum_sr": 18, "sum_time_spent_choosing_strategy": 0.00019550323486328125, "sum_time_estimating_p_vector": 0.0007288455963134766, "sum_time_loading_coverings": 0.0005266666412353516}, "12": {"enters": 2, "count_subgroups": 10, "sum_estimated_prob_of_next_k": 1.9130937341753793, "sum_sr": 10, "sum_time_spent_choosing_strategy": 6.270408630371094e-05, "sum_time_estimating_p_vector": 0.0003604888916015625, "sum_time_loading_coverings": 0.00016307830810546875}}