{"0": {"enters": 6, "count_subgroups": 152728, "sum_estimated_prob_of_next_k": 0, "sum_sr": 137488, "sum_time_spent_choosing_strategy": 0, "sum_time_estimating_p_vector": 0, "sum_time_loading_coverings": 0}, "1": {"enters": 15240, "count_subgroups": 76345, "sum_estimated_prob_of_next_k": 15137.215456121465, "sum_sr": 69442, "sum_time_spent_choosing_strategy": 87.51727414131165, "sum_time_estimating_p_vector": 3.0734024047851562, "sum_time_loading_coverings": 6.0652546882629395}, "2": {"enters": 6903, "count_subgroups": 34865, "sum_estimated_prob_of_next_k": 6826.112744715493, "sum_sr": 31709, "sum_time_spent_choosing_strategy": 23.241608142852783, "sum_time_estimating_p_vector": 1.3178257942199707, "sum_time_loading_coverings": 2.3652820587158203}, "3": {"enters": 3156, "count_subgroups": 15993, "sum_estimated_prob_of_next_k": 3112.7581960491857, "sum_sr": 14750, "sum_time_spent_choosing_strategy": 6.614689826965332, "sum_time_estimating_p_vector": 0.6006102561950684, "sum_time_loading_coverings": 0.9644906520843506}, "4": {"enters": 1243, "count_subgroups": 6226, "sum_estimated_prob_of_next_k": 1214.8053350183407, "sum_sr": 5755, "sum_time_spent_choosing_strategy": 1.584021806716919, "sum_time_estimating_p_vector": 0.232008695602417, "sum_time_loading_coverings": 0.33892035484313965}, "5": {"enters": 471, "count_subgroups": 2396, "sum_estimated_prob_of_next_k": 457.96121114117904, "sum_sr": 2168, "sum_time_spent_choosing_strategy": 0.36066269874572754, "sum_time_estimating_p_vector": 0.08603930473327637, "sum_time_loading_coverings": 0.11474609375}, "6": {"enters": 228, "count_subgroups": 1311, "sum_estimated_prob_of_next_k": 222.7644839996477, "sum_sr": 1220, "sum_time_spent_choosing_strategy": 0.10227751731872559, "sum_time_estimating_p_vector": 0.04040360450744629, "sum_time_loading_coverings": 0.051003217697143555}, "7": {"enters": 91, "count_subgroups": 522, "sum_estimated_prob_of_next_k": 86.85644209318507, "sum_sr": 470, "sum_time_spent_choosing_strategy": 0.02199864387512207, "sum_time_estimating_p_vector": 0.01614975929260254, "sum_time_loading_coverings": 0.01678776741027832}, "8": {"enters": 52, "count_subgroups": 286, "sum_estimated_prob_of_next_k": 50.358701826987286, "sum_sr": 255, "sum_time_spent_choosing_strategy": 0.006928920745849609, "sum_time_estimating_p_vector": 0.008688688278198242, "sum_time_loading_coverings": 0.008299589157104492}, "9": {"enters": 31, "count_subgroups": 253, "sum_estimated_prob_of_next_k": 30.785799949528716, "sum_sr": 242, "sum_time_spent_choosing_strategy": 0.0019800662994384766, "sum_time_estimating_p_vector": 0.004823446273803711, "sum_time_loading_coverings": 0.0035920143127441406}, "10": {"enters": 11, "count_subgroups": 55, "sum_estimated_prob_of_next_k": 10.234750209745794, "sum_sr": 55, "sum_time_spent_choosing_strategy": 0.00035643577575683594, "sum_time_estimating_p_vector": 0.0017151832580566406, "sum_time_loading_coverings": 0.0008347034454345703}}