{"1": {"enters": 2849, "count_subgroups": 13770, "sum_estimated_prob_of_next_k": 2720.06863983472, "sum_sr": 13699, "sum_time_spent_choosing_strategy": 0.6249814033508301, "sum_time_estimating_p_vector": 0.4887561798095703, "sum_time_loading_coverings": 0.4515671730041504}}