{"1": {"enters": 2930, "count_subgroups": 14347, "sum_estimated_prob_of_next_k": 2801.170755726915, "sum_sr": 14272, "sum_time_spent_choosing_strategy": 0.6168177127838135, "sum_time_estimating_p_vector": 0.5117220878601074, "sum_time_loading_coverings": 0.46826958656311035}}