{"1": {"enters": 3175, "count_subgroups": 15624, "sum_estimated_prob_of_next_k": 3020.2082362277265, "sum_sr": 15541, "sum_time_spent_choosing_strategy": 0.6454977989196777, "sum_time_estimating_p_vector": 0.5825433731079102, "sum_time_loading_coverings": 0.5234410762786865}}