{"1": {"enters": 3061, "count_subgroups": 15097, "sum_estimated_prob_of_next_k": 2922.54676921938, "sum_sr": 15006, "sum_time_spent_choosing_strategy": 0.6296038627624512, "sum_time_estimating_p_vector": 0.55232834815979, "sum_time_loading_coverings": 0.5020761489868164}}