{"1": {"enters": 3379, "count_subgroups": 16508, "sum_estimated_prob_of_next_k": 3218.9432167723708, "sum_sr": 16426, "sum_time_spent_choosing_strategy": 0.6905698776245117, "sum_time_estimating_p_vector": 0.6090388298034668, "sum_time_loading_coverings": 0.5581486225128174}}