{"1": {"enters": 3257, "count_subgroups": 16313, "sum_estimated_prob_of_next_k": 3108.0124434312033, "sum_sr": 16230, "sum_time_spent_choosing_strategy": 0.6684439182281494, "sum_time_estimating_p_vector": 0.5886280536651611, "sum_time_loading_coverings": 0.5274670124053955}}