{"1": {"enters": 3221, "count_subgroups": 15904, "sum_estimated_prob_of_next_k": 3075.0745618618407, "sum_sr": 15837, "sum_time_spent_choosing_strategy": 0.6652851104736328, "sum_time_estimating_p_vector": 0.5494785308837891, "sum_time_loading_coverings": 0.5123281478881836}}