{"0": {"enters": 10, "count_subgroups": 329235, "sum_estimated_prob_of_next_k": 0, "sum_sr": 319074, "sum_time_spent_choosing_strategy": 0, "sum_time_estimating_p_vector": 0, "sum_time_loading_coverings": 0}, "1": {"enters": 10161, "count_subgroups": 50796, "sum_estimated_prob_of_next_k": 10157.681937607718, "sum_sr": 46721, "sum_time_spent_choosing_strategy": 30.93439745903015, "sum_time_estimating_p_vector": 2.4715046882629395, "sum_time_loading_coverings": 3.9064784049987793}, "2": {"enters": 4075, "count_subgroups": 20372, "sum_estimated_prob_of_next_k": 4074.014787923399, "sum_sr": 18996, "sum_time_spent_choosing_strategy": 7.772599935531616, "sum_time_estimating_p_vector": 0.8203730583190918, "sum_time_loading_coverings": 1.3320903778076172}, "3": {"enters": 1376, "count_subgroups": 6877, "sum_estimated_prob_of_next_k": 1375.7254948815614, "sum_sr": 6178, "sum_time_spent_choosing_strategy": 1.3293945789337158, "sum_time_estimating_p_vector": 0.2848472595214844, "sum_time_loading_coverings": 0.3921191692352295}, "4": {"enters": 699, "count_subgroups": 3491, "sum_estimated_prob_of_next_k": 698.1299218674246, "sum_sr": 2726, "sum_time_spent_choosing_strategy": 0.2698853015899658, "sum_time_estimating_p_vector": 0.15769433975219727, "sum_time_loading_coverings": 0.17626166343688965}}