{"0": {"enters": 10, "count_subgroups": 324169, "sum_estimated_prob_of_next_k": 0, "sum_sr": 313981, "sum_time_spent_choosing_strategy": 0, "sum_time_estimating_p_vector": 0, "sum_time_loading_coverings": 0}, "1": {"enters": 10188, "count_subgroups": 50930, "sum_estimated_prob_of_next_k": 10184.483448615665, "sum_sr": 46639, "sum_time_spent_choosing_strategy": 31.226311206817627, "sum_time_estimating_p_vector": 2.5540771484375, "sum_time_loading_coverings": 3.9485325813293457}, "2": {"enters": 4291, "count_subgroups": 21451, "sum_estimated_prob_of_next_k": 4290.0580900117, "sum_sr": 20049, "sum_time_spent_choosing_strategy": 8.345934629440308, "sum_time_estimating_p_vector": 0.886399507522583, "sum_time_loading_coverings": 1.3983261585235596}, "3": {"enters": 1402, "count_subgroups": 7005, "sum_estimated_prob_of_next_k": 1401.8475961886759, "sum_sr": 6385, "sum_time_spent_choosing_strategy": 1.4413142204284668, "sum_time_estimating_p_vector": 0.29761338233947754, "sum_time_loading_coverings": 0.40483689308166504}, "4": {"enters": 620, "count_subgroups": 3098, "sum_estimated_prob_of_next_k": 619.5649996381849, "sum_sr": 2491, "sum_time_spent_choosing_strategy": 0.2434980869293213, "sum_time_estimating_p_vector": 0.14426517486572266, "sum_time_loading_coverings": 0.15361738204956055}}