{"0": {"enters": 10, "count_subgroups": 311247, "sum_estimated_prob_of_next_k": 0, "sum_sr": 300783, "sum_time_spent_choosing_strategy": 0, "sum_time_estimating_p_vector": 0, "sum_time_loading_coverings": 0}, "1": {"enters": 10464, "count_subgroups": 52313, "sum_estimated_prob_of_next_k": 10460.827226230676, "sum_sr": 47990, "sum_time_spent_choosing_strategy": 31.786325216293335, "sum_time_estimating_p_vector": 2.5620858669281006, "sum_time_loading_coverings": 4.0414416790008545}, "2": {"enters": 4323, "count_subgroups": 21614, "sum_estimated_prob_of_next_k": 4321.906136476323, "sum_sr": 20248, "sum_time_spent_choosing_strategy": 8.051374673843384, "sum_time_estimating_p_vector": 0.8713905811309814, "sum_time_loading_coverings": 1.4101788997650146}, "3": {"enters": 1366, "count_subgroups": 6825, "sum_estimated_prob_of_next_k": 1365.7631400623548, "sum_sr": 6171, "sum_time_spent_choosing_strategy": 1.3207507133483887, "sum_time_estimating_p_vector": 0.2856895923614502, "sum_time_loading_coverings": 0.38811779022216797}, "4": {"enters": 654, "count_subgroups": 3262, "sum_estimated_prob_of_next_k": 653.3919823530126, "sum_sr": 2496, "sum_time_spent_choosing_strategy": 0.25626540184020996, "sum_time_estimating_p_vector": 0.15624403953552246, "sum_time_loading_coverings": 0.16599535942077637}}