{"0": {"enters": 10, "count_subgroups": 311588, "sum_estimated_prob_of_next_k": 0, "sum_sr": 301388, "sum_time_spent_choosing_strategy": 0, "sum_time_estimating_p_vector": 0, "sum_time_loading_coverings": 0}, "1": {"enters": 10200, "count_subgroups": 50995, "sum_estimated_prob_of_next_k": 10196.753479919647, "sum_sr": 46717, "sum_time_spent_choosing_strategy": 31.137900590896606, "sum_time_estimating_p_vector": 2.324747085571289, "sum_time_loading_coverings": 3.826234817504883}, "2": {"enters": 4278, "count_subgroups": 21381, "sum_estimated_prob_of_next_k": 4276.898595623026, "sum_sr": 19941, "sum_time_spent_choosing_strategy": 7.9592649936676025, "sum_time_estimating_p_vector": 0.8357117176055908, "sum_time_loading_coverings": 1.364802598953247}, "3": {"enters": 1440, "count_subgroups": 7196, "sum_estimated_prob_of_next_k": 1439.7877532184839, "sum_sr": 6510, "sum_time_spent_choosing_strategy": 1.3777039051055908, "sum_time_estimating_p_vector": 0.2872333526611328, "sum_time_loading_coverings": 0.4036087989807129}, "4": {"enters": 686, "count_subgroups": 3427, "sum_estimated_prob_of_next_k": 685.421471446951, "sum_sr": 2701, "sum_time_spent_choosing_strategy": 0.2747538089752197, "sum_time_estimating_p_vector": 0.15065765380859375, "sum_time_loading_coverings": 0.1722574234008789}}