{"0": {"enters": 10, "count_subgroups": 312703, "sum_estimated_prob_of_next_k": 0, "sum_sr": 302407, "sum_time_spent_choosing_strategy": 0, "sum_time_estimating_p_vector": 0, "sum_time_loading_coverings": 0}, "1": {"enters": 10296, "count_subgroups": 51475, "sum_estimated_prob_of_next_k": 10292.7295424136, "sum_sr": 47071, "sum_time_spent_choosing_strategy": 31.089826583862305, "sum_time_estimating_p_vector": 2.371027946472168, "sum_time_loading_coverings": 3.8983240127563477}, "2": {"enters": 4404, "count_subgroups": 22014, "sum_estimated_prob_of_next_k": 4402.894506584921, "sum_sr": 20452, "sum_time_spent_choosing_strategy": 8.351562261581421, "sum_time_estimating_p_vector": 0.8754699230194092, "sum_time_loading_coverings": 1.4346847534179688}, "3": {"enters": 1562, "count_subgroups": 7806, "sum_estimated_prob_of_next_k": 1561.7584220134643, "sum_sr": 6984, "sum_time_spent_choosing_strategy": 1.5938060283660889, "sum_time_estimating_p_vector": 0.3192622661590576, "sum_time_loading_coverings": 0.44530248641967773}, "4": {"enters": 822, "count_subgroups": 4110, "sum_estimated_prob_of_next_k": 821.301911604244, "sum_sr": 3280, "sum_time_spent_choosing_strategy": 0.349088191986084, "sum_time_estimating_p_vector": 0.18117380142211914, "sum_time_loading_coverings": 0.20779681205749512}}