{"0": {"enters": 10, "count_subgroups": 321889, "sum_estimated_prob_of_next_k": 0, "sum_sr": 311603, "sum_time_spent_choosing_strategy": 0, "sum_time_estimating_p_vector": 0, "sum_time_loading_coverings": 0}, "1": {"enters": 10286, "count_subgroups": 51421, "sum_estimated_prob_of_next_k": 10282.897366680223, "sum_sr": 47173, "sum_time_spent_choosing_strategy": 30.64526915550232, "sum_time_estimating_p_vector": 2.4006927013397217, "sum_time_loading_coverings": 3.896291494369507}, "2": {"enters": 4248, "count_subgroups": 21241, "sum_estimated_prob_of_next_k": 4246.811539730982, "sum_sr": 19752, "sum_time_spent_choosing_strategy": 7.821559429168701, "sum_time_estimating_p_vector": 0.851353645324707, "sum_time_loading_coverings": 1.3690392971038818}, "3": {"enters": 1489, "count_subgroups": 7444, "sum_estimated_prob_of_next_k": 1488.7039888151335, "sum_sr": 6706, "sum_time_spent_choosing_strategy": 1.3485422134399414, "sum_time_estimating_p_vector": 0.30587148666381836, "sum_time_loading_coverings": 0.4193103313446045}, "4": {"enters": 738, "count_subgroups": 3688, "sum_estimated_prob_of_next_k": 737.3122515768426, "sum_sr": 2965, "sum_time_spent_choosing_strategy": 0.28130197525024414, "sum_time_estimating_p_vector": 0.16214871406555176, "sum_time_loading_coverings": 0.1803760528564453}}