{"0": {"enters": 10, "count_subgroups": 299241, "sum_estimated_prob_of_next_k": 0, "sum_sr": 289414, "sum_time_spent_choosing_strategy": 0, "sum_time_estimating_p_vector": 0, "sum_time_loading_coverings": 0}, "1": {"enters": 9827, "count_subgroups": 49130, "sum_estimated_prob_of_next_k": 9823.638712381295, "sum_sr": 44939, "sum_time_spent_choosing_strategy": 30.044758081436157, "sum_time_estimating_p_vector": 2.4661405086517334, "sum_time_loading_coverings": 3.8196394443511963}, "2": {"enters": 4191, "count_subgroups": 20948, "sum_estimated_prob_of_next_k": 4190.012189489961, "sum_sr": 19450, "sum_time_spent_choosing_strategy": 7.990800857543945, "sum_time_estimating_p_vector": 0.8818480968475342, "sum_time_loading_coverings": 1.372727632522583}, "3": {"enters": 1498, "count_subgroups": 7490, "sum_estimated_prob_of_next_k": 1497.8210180475053, "sum_sr": 6834, "sum_time_spent_choosing_strategy": 1.4551546573638916, "sum_time_estimating_p_vector": 0.3209385871887207, "sum_time_loading_coverings": 0.430955171585083}, "4": {"enters": 656, "count_subgroups": 3279, "sum_estimated_prob_of_next_k": 655.4398234958725, "sum_sr": 2628, "sum_time_spent_choosing_strategy": 0.24695634841918945, "sum_time_estimating_p_vector": 0.15509724617004395, "sum_time_loading_coverings": 0.16563010215759277}}