{"0": {"enters": 10, "count_subgroups": 329819, "sum_estimated_prob_of_next_k": 0, "sum_sr": 319588, "sum_time_spent_choosing_strategy": 0, "sum_time_estimating_p_vector": 0, "sum_time_loading_coverings": 0}, "1": {"enters": 10231, "count_subgroups": 51141, "sum_estimated_prob_of_next_k": 10227.447120084247, "sum_sr": 46895, "sum_time_spent_choosing_strategy": 31.140079259872437, "sum_time_estimating_p_vector": 2.548274278640747, "sum_time_loading_coverings": 3.9445347785949707}, "2": {"enters": 4246, "count_subgroups": 21227, "sum_estimated_prob_of_next_k": 4244.673381534025, "sum_sr": 19783, "sum_time_spent_choosing_strategy": 8.054280519485474, "sum_time_estimating_p_vector": 0.8668911457061768, "sum_time_loading_coverings": 1.3862218856811523}, "3": {"enters": 1444, "count_subgroups": 7218, "sum_estimated_prob_of_next_k": 1443.7685539676659, "sum_sr": 6570, "sum_time_spent_choosing_strategy": 1.468245267868042, "sum_time_estimating_p_vector": 0.30182766914367676, "sum_time_loading_coverings": 0.41359972953796387}, "4": {"enters": 648, "count_subgroups": 3234, "sum_estimated_prob_of_next_k": 647.5229895876543, "sum_sr": 2563, "sum_time_spent_choosing_strategy": 0.2844734191894531, "sum_time_estimating_p_vector": 0.15255951881408691, "sum_time_loading_coverings": 0.1667160987854004}}