{"1": {"enters": 144, "count_subgroups": 128436, "sum_estimated_prob_of_next_k": 130.51384689148958, "sum_sr": 128435, "sum_time_spent_choosing_strategy": 0.4026358127593994, "sum_time_estimating_p_vector": 83.89768385887146, "sum_time_loading_coverings": 0.21755075454711914}}