{"1": {"enters": 249, "count_subgroups": 69589, "sum_estimated_prob_of_next_k": 231.49210639604973, "sum_sr": 69581, "sum_time_spent_choosing_strategy": 0.6275715827941895, "sum_time_estimating_p_vector": 145.12391567230225, "sum_time_loading_coverings": 0.20273113250732422}}