{"1": {"enters": 5197, "count_subgroups": 27347, "sum_estimated_prob_of_next_k": 5006.537995442596, "sum_sr": 27069, "sum_time_spent_choosing_strategy": 1.028290033340454, "sum_time_estimating_p_vector": 1344.881453037262, "sum_time_loading_coverings": 0.8949995040893555}}