{"1": {"enters": 226, "count_subgroups": 215910, "sum_estimated_prob_of_next_k": 205.30145571825454, "sum_sr": 215905, "sum_time_spent_choosing_strategy": 0.5516078472137451, "sum_time_estimating_p_vector": 135.07645654678345, "sum_time_loading_coverings": 0.32314562797546387}}