{"1": {"enters": 12, "count_subgroups": 59, "sum_estimated_prob_of_next_k": 11.836139545513936, "sum_sr": 59, "sum_time_spent_choosing_strategy": 0.02277088165283203, "sum_time_estimating_p_vector": 7.069023132324219, "sum_time_loading_coverings": 0.006632566452026367}}