{"1": {"enters": 113, "count_subgroups": 0, "sum_estimated_prob_of_next_k": 112.41983572436231, "sum_sr": 0, "sum_time_spent_choosing_strategy": 0.04443001747131348, "sum_time_estimating_p_vector": 29.461615562438965, "sum_time_loading_coverings": 0.01851654052734375}}