{"1": {"enters": 8660, "count_subgroups": 43675, "sum_estimated_prob_of_next_k": 8383.390431444177, "sum_sr": 43364, "sum_time_spent_choosing_strategy": 1.6728079319000244, "sum_time_estimating_p_vector": 2143.831451892853, "sum_time_loading_coverings": 1.5056090354919434}}