{"1": {"enters": 403, "count_subgroups": 11171, "sum_estimated_prob_of_next_k": 390.52029818895056, "sum_sr": 11167, "sum_time_spent_choosing_strategy": 0.4344761371612549, "sum_time_estimating_p_vector": 240.78557133674622, "sum_time_loading_coverings": 0.13675785064697266}}