{"1": {"enters": 144, "count_subgroups": 102535, "sum_estimated_prob_of_next_k": 129.76344703393258, "sum_sr": 102535, "sum_time_spent_choosing_strategy": 0.40447521209716797, "sum_time_estimating_p_vector": 85.52874517440796, "sum_time_loading_coverings": 0.2129807472229004}}