{"1": {"enters": 244, "count_subgroups": 225204, "sum_estimated_prob_of_next_k": 221.8220896455745, "sum_sr": 225199, "sum_time_spent_choosing_strategy": 0.5987856388092041, "sum_time_estimating_p_vector": 145.99516987800598, "sum_time_loading_coverings": 0.3481109142303467}}