{"1": {"enters": 155, "count_subgroups": 165366, "sum_estimated_prob_of_next_k": 138.5578379830753, "sum_sr": 165365, "sum_time_spent_choosing_strategy": 0.40153932571411133, "sum_time_estimating_p_vector": 92.7292070388794, "sum_time_loading_coverings": 0.23708319664001465}}