{"1": {"enters": 15, "count_subgroups": 2911, "sum_estimated_prob_of_next_k": 14.381695868871576, "sum_sr": 2911, "sum_time_spent_choosing_strategy": 0.029381513595581055, "sum_time_estimating_p_vector": 9.07572603225708, "sum_time_loading_coverings": 0.010373353958129883}}