{"1": {"enters": 103, "count_subgroups": 73709, "sum_estimated_prob_of_next_k": 92.06301302666466, "sum_sr": 73708, "sum_time_spent_choosing_strategy": 0.2980635166168213, "sum_time_estimating_p_vector": 59.65250587463379, "sum_time_loading_coverings": 0.1342458724975586}}