{"1": {"enters": 351, "count_subgroups": 1496, "sum_estimated_prob_of_next_k": 346.57241897860087, "sum_sr": 1495, "sum_time_spent_choosing_strategy": 0.1134648323059082, "sum_time_estimating_p_vector": 89.31225633621216, "sum_time_loading_coverings": 0.07265567779541016}}