{"1": {"enters": 232, "count_subgroups": 102846, "sum_estimated_prob_of_next_k": 216.534976855176, "sum_sr": 102843, "sum_time_spent_choosing_strategy": 0.5690262317657471, "sum_time_estimating_p_vector": 132.8790397644043, "sum_time_loading_coverings": 0.2441253662109375}}