{"1": {"enters": 732, "count_subgroups": 14769, "sum_estimated_prob_of_next_k": 707.8607844640791, "sum_sr": 14696, "sum_time_spent_choosing_strategy": 0.5804858207702637, "sum_time_estimating_p_vector": 431.45633006095886, "sum_time_loading_coverings": 0.21574735641479492}}