{"1": {"enters": 260, "count_subgroups": 142166, "sum_estimated_prob_of_next_k": 236.54519953016563, "sum_sr": 142155, "sum_time_spent_choosing_strategy": 0.6170773506164551, "sum_time_estimating_p_vector": 154.45253729820251, "sum_time_loading_coverings": 0.3071165084838867}}