{"1": {"enters": 1792, "count_subgroups": 117199, "sum_estimated_prob_of_next_k": 1718.6084850733698, "sum_sr": 117048, "sum_time_spent_choosing_strategy": 1.2140002250671387, "sum_time_estimating_p_vector": 1047.5975670814514, "sum_time_loading_coverings": 0.5172197818756104}}