{"1": {"enters": 248, "count_subgroups": 141706, "sum_estimated_prob_of_next_k": 228.20959439558084, "sum_sr": 141695, "sum_time_spent_choosing_strategy": 0.5916707515716553, "sum_time_estimating_p_vector": 144.444730758667, "sum_time_loading_coverings": 0.2719898223876953}}