{"1": {"enters": 389, "count_subgroups": 1648, "sum_estimated_prob_of_next_k": 384.38539713059043, "sum_sr": 1648, "sum_time_spent_choosing_strategy": 0.125213623046875, "sum_time_estimating_p_vector": 102.24845552444458, "sum_time_loading_coverings": 0.08249878883361816}}