{"1": {"enters": 66, "count_subgroups": 6125, "sum_estimated_prob_of_next_k": 62.60677406033304, "sum_sr": 6125, "sum_time_spent_choosing_strategy": 0.11474251747131348, "sum_time_estimating_p_vector": 38.20398235321045, "sum_time_loading_coverings": 0.03341245651245117}}