{"1": {"enters": 862, "count_subgroups": 3609, "sum_estimated_prob_of_next_k": 849.3598628067168, "sum_sr": 3599, "sum_time_spent_choosing_strategy": 0.3253297805786133, "sum_time_estimating_p_vector": 222.81338024139404, "sum_time_loading_coverings": 0.18604636192321777}}