{"1": {"enters": 416, "count_subgroups": 1758, "sum_estimated_prob_of_next_k": 409.88734792276915, "sum_sr": 1757, "sum_time_spent_choosing_strategy": 0.1322171688079834, "sum_time_estimating_p_vector": 107.81983852386475, "sum_time_loading_coverings": 0.08317232131958008}}