{"1": {"enters": 17, "count_subgroups": 119, "sum_estimated_prob_of_next_k": 16.43633870475141, "sum_sr": 119, "sum_time_spent_choosing_strategy": 0.0312647819519043, "sum_time_estimating_p_vector": 10.176127910614014, "sum_time_loading_coverings": 0.0071413516998291016}}