{"1": {"enters": 371, "count_subgroups": 122500, "sum_estimated_prob_of_next_k": 357.20822127844093, "sum_sr": 122496, "sum_time_spent_choosing_strategy": 0.4157285690307617, "sum_time_estimating_p_vector": 221.86708402633667, "sum_time_loading_coverings": 0.2437741756439209}}