{"1": {"enters": 218, "count_subgroups": 91278, "sum_estimated_prob_of_next_k": 203.15905831967137, "sum_sr": 91274, "sum_time_spent_choosing_strategy": 0.539820671081543, "sum_time_estimating_p_vector": 127.87606072425842, "sum_time_loading_coverings": 0.22165489196777344}}