{"1": {"enters": 65, "count_subgroups": 450, "sum_estimated_prob_of_next_k": 63.91045048095382, "sum_sr": 450, "sum_time_spent_choosing_strategy": 0.11298465728759766, "sum_time_estimating_p_vector": 38.77834510803223, "sum_time_loading_coverings": 0.026226282119750977}}