{"1": {"enters": 42, "count_subgroups": 2331, "sum_estimated_prob_of_next_k": 40.840690262505476, "sum_sr": 2331, "sum_time_spent_choosing_strategy": 0.07678365707397461, "sum_time_estimating_p_vector": 24.80326008796692, "sum_time_loading_coverings": 0.026346683502197266}}