{"1": {"enters": 2659, "count_subgroups": 11452, "sum_estimated_prob_of_next_k": 2589.083766686325, "sum_sr": 11362, "sum_time_spent_choosing_strategy": 0.41935014724731445, "sum_time_estimating_p_vector": 679.5556092262268, "sum_time_loading_coverings": 0.41904282569885254}}