{"1": {"enters": 1774, "count_subgroups": 51514, "sum_estimated_prob_of_next_k": 1703.6733132080171, "sum_sr": 51380, "sum_time_spent_choosing_strategy": 1.2331507205963135, "sum_time_estimating_p_vector": 1052.3679003715515, "sum_time_loading_coverings": 0.4779243469238281}}