{"1": {"enters": 6806, "count_subgroups": 35864, "sum_estimated_prob_of_next_k": 6589.68198287148, "sum_sr": 35616, "sum_time_spent_choosing_strategy": 1.2619242668151855, "sum_time_estimating_p_vector": 1730.5376944541931, "sum_time_loading_coverings": 1.1906263828277588}}