{"1": {"enters": 2871, "count_subgroups": 12696, "sum_estimated_prob_of_next_k": 2800.846665587943, "sum_sr": 12595, "sum_time_spent_choosing_strategy": 0.49188685417175293, "sum_time_estimating_p_vector": 759.4680893421173, "sum_time_loading_coverings": 0.4670536518096924}}