{"1": {"enters": 1788, "count_subgroups": 138706, "sum_estimated_prob_of_next_k": 1716.2670440264608, "sum_sr": 138612, "sum_time_spent_choosing_strategy": 1.3495776653289795, "sum_time_estimating_p_vector": 1050.5110402107239, "sum_time_loading_coverings": 0.5671391487121582}}