{"1": {"enters": 891, "count_subgroups": 102472, "sum_estimated_prob_of_next_k": 857.5168113233362, "sum_sr": 102369, "sum_time_spent_choosing_strategy": 0.6593480110168457, "sum_time_estimating_p_vector": 524.3940744400024, "sum_time_loading_coverings": 0.31350255012512207}}