{"1": {"enters": 229, "count_subgroups": 90082, "sum_estimated_prob_of_next_k": 212.25906417597696, "sum_sr": 90073, "sum_time_spent_choosing_strategy": 0.5472509860992432, "sum_time_estimating_p_vector": 134.30159306526184, "sum_time_loading_coverings": 0.20913314819335938}}