{"1": {"enters": 8287, "count_subgroups": 41893, "sum_estimated_prob_of_next_k": 8017.794948955284, "sum_sr": 41544, "sum_time_spent_choosing_strategy": 1.6477224826812744, "sum_time_estimating_p_vector": 2144.9567992687225, "sum_time_loading_coverings": 1.4589786529541016}}