{"1": {"enters": 1713, "count_subgroups": 30893, "sum_estimated_prob_of_next_k": 1648.8406129006007, "sum_sr": 30765, "sum_time_spent_choosing_strategy": 1.1753063201904297, "sum_time_estimating_p_vector": 1003.3112571239471, "sum_time_loading_coverings": 0.4502389430999756}}