{"1": {"enters": 144, "count_subgroups": 42285, "sum_estimated_prob_of_next_k": 130.40464824865288, "sum_sr": 42284, "sum_time_spent_choosing_strategy": 0.3983149528503418, "sum_time_estimating_p_vector": 83.91234850883484, "sum_time_loading_coverings": 0.12382864952087402}}