{"1": {"enters": 19, "count_subgroups": 38969, "sum_estimated_prob_of_next_k": 14.829283434325092, "sum_sr": 38969, "sum_time_spent_choosing_strategy": 0.07829809188842773, "sum_time_estimating_p_vector": 11.049553155899048, "sum_time_loading_coverings": 0.05898237228393555}}