{"1": {"enters": 8570, "count_subgroups": 43989, "sum_estimated_prob_of_next_k": 8299.690046287555, "sum_sr": 43688, "sum_time_spent_choosing_strategy": 1.6155309677124023, "sum_time_estimating_p_vector": 2136.6208255290985, "sum_time_loading_coverings": 1.5068421363830566}}