{"1": {"enters": 11, "count_subgroups": 33, "sum_estimated_prob_of_next_k": 10.996979024581984, "sum_sr": 33, "sum_time_spent_choosing_strategy": 0.0037131309509277344, "sum_time_estimating_p_vector": 2.8734757900238037, "sum_time_loading_coverings": 0.0020732879638671875}}