{"1": {"enters": 136, "count_subgroups": 37239, "sum_estimated_prob_of_next_k": 123.98449909326955, "sum_sr": 37239, "sum_time_spent_choosing_strategy": 0.35353946685791016, "sum_time_estimating_p_vector": 80.8809597492218, "sum_time_loading_coverings": 0.13125944137573242}}