{"1": {"enters": 355, "count_subgroups": 98933, "sum_estimated_prob_of_next_k": 342.26981331679116, "sum_sr": 98928, "sum_time_spent_choosing_strategy": 0.39141392707824707, "sum_time_estimating_p_vector": 213.0838360786438, "sum_time_loading_coverings": 0.1923692226409912}}