{"1": {"enters": 210, "count_subgroups": 102206, "sum_estimated_prob_of_next_k": 195.09620692635983, "sum_sr": 102203, "sum_time_spent_choosing_strategy": 0.5084805488586426, "sum_time_estimating_p_vector": 120.05298161506653, "sum_time_loading_coverings": 0.22081708908081055}}