{"1": {"enters": 407, "count_subgroups": 1692, "sum_estimated_prob_of_next_k": 402.82559811422004, "sum_sr": 1692, "sum_time_spent_choosing_strategy": 0.13322854042053223, "sum_time_estimating_p_vector": 105.2175042629242, "sum_time_loading_coverings": 0.08546280860900879}}