{"1": {"enters": 14126, "count_subgroups": 71507, "sum_estimated_prob_of_next_k": 13624.751989596938, "sum_sr": 71057, "sum_time_spent_choosing_strategy": 2.3465514183044434, "sum_time_estimating_p_vector": 3524.0362510681152, "sum_time_loading_coverings": 2.3991000652313232}}