{"1": {"enters": 710, "count_subgroups": 102287, "sum_estimated_prob_of_next_k": 684.2157368773213, "sum_sr": 102180, "sum_time_spent_choosing_strategy": 0.5391614437103271, "sum_time_estimating_p_vector": 419.6845679283142, "sum_time_loading_coverings": 0.268709659576416}}