{"1": {"enters": 2610, "count_subgroups": 11279, "sum_estimated_prob_of_next_k": 2543.167237282768, "sum_sr": 11176, "sum_time_spent_choosing_strategy": 0.39916396141052246, "sum_time_estimating_p_vector": 666.8468039035797, "sum_time_loading_coverings": 0.4009268283843994}}