{"1": {"enters": 2661, "count_subgroups": 11507, "sum_estimated_prob_of_next_k": 2594.301061644136, "sum_sr": 11415, "sum_time_spent_choosing_strategy": 0.43518662452697754, "sum_time_estimating_p_vector": 677.2166776657104, "sum_time_loading_coverings": 0.43328857421875}}