{"1": {"enters": 345, "count_subgroups": 2341, "sum_estimated_prob_of_next_k": 335.773990051137, "sum_sr": 2337, "sum_time_spent_choosing_strategy": 0.3110840320587158, "sum_time_estimating_p_vector": 206.62680673599243, "sum_time_loading_coverings": 0.09456491470336914}}