{"1": {"enters": 16, "count_subgroups": 1645, "sum_estimated_prob_of_next_k": 15.690740715506285, "sum_sr": 1645, "sum_time_spent_choosing_strategy": 0.03062272071838379, "sum_time_estimating_p_vector": 9.287445306777954, "sum_time_loading_coverings": 0.011066436767578125}}