{"1": {"enters": 343, "count_subgroups": 1460, "sum_estimated_prob_of_next_k": 338.50849273152926, "sum_sr": 1459, "sum_time_spent_choosing_strategy": 0.10793924331665039, "sum_time_estimating_p_vector": 85.59114384651184, "sum_time_loading_coverings": 0.07145476341247559}}