{"1": {"enters": 365, "count_subgroups": 4403, "sum_estimated_prob_of_next_k": 355.29133313048885, "sum_sr": 4401, "sum_time_spent_choosing_strategy": 0.326934814453125, "sum_time_estimating_p_vector": 217.6895453929901, "sum_time_loading_coverings": 0.10288691520690918}}