{"1": {"enters": 1886, "count_subgroups": 59648, "sum_estimated_prob_of_next_k": 1805.3774547615412, "sum_sr": 59523, "sum_time_spent_choosing_strategy": 1.4304215908050537, "sum_time_estimating_p_vector": 1088.3932411670685, "sum_time_loading_coverings": 0.5232651233673096}}