{"1": {"enters": 56, "count_subgroups": 370, "sum_estimated_prob_of_next_k": 54.77700386382811, "sum_sr": 370, "sum_time_spent_choosing_strategy": 0.09527301788330078, "sum_time_estimating_p_vector": 33.25775456428528, "sum_time_loading_coverings": 0.02708601951599121}}