{"1": {"enters": 711, "count_subgroups": 126982, "sum_estimated_prob_of_next_k": 680.8591181639831, "sum_sr": 126914, "sum_time_spent_choosing_strategy": 0.6056556701660156, "sum_time_estimating_p_vector": 409.6109764575958, "sum_time_loading_coverings": 0.3160097599029541}}