{"1": {"enters": 14015, "count_subgroups": 70054, "sum_estimated_prob_of_next_k": 13500.741783108193, "sum_sr": 69582, "sum_time_spent_choosing_strategy": 2.3273210525512695, "sum_time_estimating_p_vector": 3583.2624785900116, "sum_time_loading_coverings": 2.303074836730957}}