{"1": {"enters": 809, "count_subgroups": 3417, "sum_estimated_prob_of_next_k": 796.195011199993, "sum_sr": 3414, "sum_time_spent_choosing_strategy": 0.2956516742706299, "sum_time_estimating_p_vector": 209.57823634147644, "sum_time_loading_coverings": 0.1691133975982666}}