{"1": {"enters": 16, "count_subgroups": 86049, "sum_estimated_prob_of_next_k": 12.243128300524257, "sum_sr": 86049, "sum_time_spent_choosing_strategy": 0.06484293937683105, "sum_time_estimating_p_vector": 9.249552965164185, "sum_time_loading_coverings": 0.09051823616027832}}