{"1": {"enters": 5214, "count_subgroups": 28023, "sum_estimated_prob_of_next_k": 5034.146503237672, "sum_sr": 27775, "sum_time_spent_choosing_strategy": 0.9663918018341064, "sum_time_estimating_p_vector": 1298.3315467834473, "sum_time_loading_coverings": 0.8931946754455566}}