{"1": {"enters": 396, "count_subgroups": 3393, "sum_estimated_prob_of_next_k": 384.08242877879195, "sum_sr": 3387, "sum_time_spent_choosing_strategy": 0.3594696521759033, "sum_time_estimating_p_vector": 233.06800985336304, "sum_time_loading_coverings": 0.1070868968963623}}