{"1": {"enters": 13, "count_subgroups": 4984, "sum_estimated_prob_of_next_k": 11.854356116804723, "sum_sr": 4984, "sum_time_spent_choosing_strategy": 0.025310754776000977, "sum_time_estimating_p_vector": 7.551279783248901, "sum_time_loading_coverings": 0.011981010437011719}}