{"1": {"enters": 338, "count_subgroups": 2116, "sum_estimated_prob_of_next_k": 329.35004316532377, "sum_sr": 2111, "sum_time_spent_choosing_strategy": 0.32114648818969727, "sum_time_estimating_p_vector": 203.16305136680603, "sum_time_loading_coverings": 0.09107136726379395}}