{"1": {"enters": 364, "count_subgroups": 8065, "sum_estimated_prob_of_next_k": 352.1069511531945, "sum_sr": 8064, "sum_time_spent_choosing_strategy": 0.3457646369934082, "sum_time_estimating_p_vector": 212.90136432647705, "sum_time_loading_coverings": 0.10489106178283691}}