{"1": {"enters": 839, "count_subgroups": 41753, "sum_estimated_prob_of_next_k": 805.0715219079416, "sum_sr": 41671, "sum_time_spent_choosing_strategy": 0.6647233963012695, "sum_time_estimating_p_vector": 486.8287351131439, "sum_time_loading_coverings": 0.26750969886779785}}