{"1": {"enters": 16, "count_subgroups": 3521, "sum_estimated_prob_of_next_k": 15.084596830988266, "sum_sr": 3521, "sum_time_spent_choosing_strategy": 0.03168654441833496, "sum_time_estimating_p_vector": 9.525959491729736, "sum_time_loading_coverings": 0.012468576431274414}}