{"1": {"enters": 8618, "count_subgroups": 44616, "sum_estimated_prob_of_next_k": 8343.564749712634, "sum_sr": 44319, "sum_time_spent_choosing_strategy": 1.6565256118774414, "sum_time_estimating_p_vector": 2191.5630152225494, "sum_time_loading_coverings": 1.52878737449646}}