{"1": {"enters": 194, "count_subgroups": 340720, "sum_estimated_prob_of_next_k": 174.2060073991399, "sum_sr": 340715, "sum_time_spent_choosing_strategy": 0.47639036178588867, "sum_time_estimating_p_vector": 111.14752912521362, "sum_time_loading_coverings": 0.42099785804748535}}