{"1": {"enters": 1639, "count_subgroups": 112357, "sum_estimated_prob_of_next_k": 1574.143159775705, "sum_sr": 112210, "sum_time_spent_choosing_strategy": 1.0950863361358643, "sum_time_estimating_p_vector": 964.0352027416229, "sum_time_loading_coverings": 0.4752793312072754}}