{"1": {"enters": 7005, "count_subgroups": 37389, "sum_estimated_prob_of_next_k": 6786.1899908072755, "sum_sr": 37116, "sum_time_spent_choosing_strategy": 1.3027753829956055, "sum_time_estimating_p_vector": 1852.0141823291779, "sum_time_loading_coverings": 1.216468334197998}}