{"1": {"enters": 716, "count_subgroups": 3041, "sum_estimated_prob_of_next_k": 705.6318967562042, "sum_sr": 3033, "sum_time_spent_choosing_strategy": 0.26299476623535156, "sum_time_estimating_p_vector": 182.7543466091156, "sum_time_loading_coverings": 0.14745521545410156}}