{"1": {"enters": 2656, "count_subgroups": 11510, "sum_estimated_prob_of_next_k": 2590.702100788069, "sum_sr": 11410, "sum_time_spent_choosing_strategy": 0.44742369651794434, "sum_time_estimating_p_vector": 687.8159275054932, "sum_time_loading_coverings": 0.4218432903289795}}