{"1": {"enters": 6939, "count_subgroups": 35464, "sum_estimated_prob_of_next_k": 6715.737942385333, "sum_sr": 35192, "sum_time_spent_choosing_strategy": 1.2974412441253662, "sum_time_estimating_p_vector": 1717.3597145080566, "sum_time_loading_coverings": 1.189073085784912}}