{"1": {"enters": 6632, "count_subgroups": 34178, "sum_estimated_prob_of_next_k": 6424.624982861812, "sum_sr": 33922, "sum_time_spent_choosing_strategy": 1.2371935844421387, "sum_time_estimating_p_vector": 1717.3797512054443, "sum_time_loading_coverings": 1.1258604526519775}}