{"1": {"enters": 138, "count_subgroups": 73879, "sum_estimated_prob_of_next_k": 126.30880919539838, "sum_sr": 73878, "sum_time_spent_choosing_strategy": 0.36272239685058594, "sum_time_estimating_p_vector": 80.5319185256958, "sum_time_loading_coverings": 0.14793181419372559}}