{"1": {"enters": 660, "count_subgroups": 128287, "sum_estimated_prob_of_next_k": 633.5873844135444, "sum_sr": 128229, "sum_time_spent_choosing_strategy": 0.5349798202514648, "sum_time_estimating_p_vector": 389.8213393688202, "sum_time_loading_coverings": 0.3069877624511719}}