{"1": {"enters": 875, "count_subgroups": 15711, "sum_estimated_prob_of_next_k": 847.1158940239164, "sum_sr": 15628, "sum_time_spent_choosing_strategy": 0.6697032451629639, "sum_time_estimating_p_vector": 515.7962214946747, "sum_time_loading_coverings": 0.25124073028564453}}