{"1": {"enters": 336, "count_subgroups": 143707, "sum_estimated_prob_of_next_k": 312.3044657739832, "sum_sr": 143695, "sum_time_spent_choosing_strategy": 0.7422575950622559, "sum_time_estimating_p_vector": 195.46365880966187, "sum_time_loading_coverings": 0.3076629638671875}}