{"1": {"enters": 157, "count_subgroups": 68729, "sum_estimated_prob_of_next_k": 144.05877985990523, "sum_sr": 68728, "sum_time_spent_choosing_strategy": 0.4094717502593994, "sum_time_estimating_p_vector": 92.27542614936829, "sum_time_loading_coverings": 0.16527605056762695}}