{"1": {"enters": 238, "count_subgroups": 140614, "sum_estimated_prob_of_next_k": 218.4821065205868, "sum_sr": 140603, "sum_time_spent_choosing_strategy": 0.5642576217651367, "sum_time_estimating_p_vector": 138.5079746246338, "sum_time_loading_coverings": 0.26274657249450684}}