{"1": {"enters": 769, "count_subgroups": 3404, "sum_estimated_prob_of_next_k": 756.9310649358331, "sum_sr": 3399, "sum_time_spent_choosing_strategy": 0.28895044326782227, "sum_time_estimating_p_vector": 190.52621483802795, "sum_time_loading_coverings": 0.1641232967376709}}