{"1": {"enters": 104, "count_subgroups": 38360, "sum_estimated_prob_of_next_k": 94.76131425986104, "sum_sr": 38360, "sum_time_spent_choosing_strategy": 0.29469990730285645, "sum_time_estimating_p_vector": 59.189318895339966, "sum_time_loading_coverings": 0.09788393974304199}}