{"1": {"enters": 2684, "count_subgroups": 11612, "sum_estimated_prob_of_next_k": 2617.0415415946622, "sum_sr": 11509, "sum_time_spent_choosing_strategy": 0.40473484992980957, "sum_time_estimating_p_vector": 670.4070463180542, "sum_time_loading_coverings": 0.42739081382751465}}