{"1": {"enters": 865, "count_subgroups": 3983, "sum_estimated_prob_of_next_k": 851.9703111112311, "sum_sr": 3978, "sum_time_spent_choosing_strategy": 0.31830549240112305, "sum_time_estimating_p_vector": 228.10561394691467, "sum_time_loading_coverings": 0.1838696002960205}}