{"1": {"enters": 14445, "count_subgroups": 73537, "sum_estimated_prob_of_next_k": 13931.4662915733, "sum_sr": 73051, "sum_time_spent_choosing_strategy": 2.4331600666046143, "sum_time_estimating_p_vector": 3819.028344154358, "sum_time_loading_coverings": 2.4489471912384033}}