{"1": {"enters": 149, "count_subgroups": 61538, "sum_estimated_prob_of_next_k": 134.64424176762896, "sum_sr": 61537, "sum_time_spent_choosing_strategy": 0.43284058570861816, "sum_time_estimating_p_vector": 86.75684332847595, "sum_time_loading_coverings": 0.15196466445922852}}