{"1": {"enters": 107, "count_subgroups": 37092, "sum_estimated_prob_of_next_k": 95.35722491711124, "sum_sr": 37092, "sum_time_spent_choosing_strategy": 0.3019084930419922, "sum_time_estimating_p_vector": 63.209439277648926, "sum_time_loading_coverings": 0.11772537231445312}}