{"1": {"enters": 103, "count_subgroups": 117103, "sum_estimated_prob_of_next_k": 90.64174143170942, "sum_sr": 117103, "sum_time_spent_choosing_strategy": 0.289395809173584, "sum_time_estimating_p_vector": 58.80703592300415, "sum_time_loading_coverings": 0.15948700904846191}}