{"1": {"enters": 5335, "count_subgroups": 28262, "sum_estimated_prob_of_next_k": 5148.523148165809, "sum_sr": 27993, "sum_time_spent_choosing_strategy": 1.0172052383422852, "sum_time_estimating_p_vector": 1320.3027572631836, "sum_time_loading_coverings": 0.9014794826507568}}