{"1": {"enters": 1576, "count_subgroups": 136112, "sum_estimated_prob_of_next_k": 1510.981965567027, "sum_sr": 136020, "sum_time_spent_choosing_strategy": 1.070753574371338, "sum_time_estimating_p_vector": 925.2204217910767, "sum_time_loading_coverings": 0.5023033618927002}}