{"1": {"enters": 1734, "count_subgroups": 137474, "sum_estimated_prob_of_next_k": 1657.4211189102784, "sum_sr": 137351, "sum_time_spent_choosing_strategy": 1.2291345596313477, "sum_time_estimating_p_vector": 993.3760917186737, "sum_time_loading_coverings": 0.5432848930358887}}