{"1": {"enters": 5223, "count_subgroups": 27453, "sum_estimated_prob_of_next_k": 5041.538225133361, "sum_sr": 27180, "sum_time_spent_choosing_strategy": 0.9733903408050537, "sum_time_estimating_p_vector": 1333.1459045410156, "sum_time_loading_coverings": 0.8644957542419434}}