{"1": {"enters": 2764, "count_subgroups": 12186, "sum_estimated_prob_of_next_k": 2692.8528373869876, "sum_sr": 12087, "sum_time_spent_choosing_strategy": 0.4347400665283203, "sum_time_estimating_p_vector": 684.1899540424347, "sum_time_loading_coverings": 0.43497705459594727}}