{"1": {"enters": 731, "count_subgroups": 3084, "sum_estimated_prob_of_next_k": 720.6758341602098, "sum_sr": 3078, "sum_time_spent_choosing_strategy": 0.2645552158355713, "sum_time_estimating_p_vector": 182.51580429077148, "sum_time_loading_coverings": 0.15630364418029785}}