{"1": {"enters": 2754, "count_subgroups": 11902, "sum_estimated_prob_of_next_k": 2686.691498675746, "sum_sr": 11799, "sum_time_spent_choosing_strategy": 0.44662976264953613, "sum_time_estimating_p_vector": 687.8376507759094, "sum_time_loading_coverings": 0.44348907470703125}}