{"1": {"enters": 115, "count_subgroups": 42151, "sum_estimated_prob_of_next_k": 101.7985568769665, "sum_sr": 42150, "sum_time_spent_choosing_strategy": 0.34319496154785156, "sum_time_estimating_p_vector": 66.58692646026611, "sum_time_loading_coverings": 0.1078195571899414}}