{"1": {"enters": 410, "count_subgroups": 36831, "sum_estimated_prob_of_next_k": 392.54113323321036, "sum_sr": 36826, "sum_time_spent_choosing_strategy": 0.4922983646392822, "sum_time_estimating_p_vector": 247.9054913520813, "sum_time_loading_coverings": 0.17507171630859375}}