{"1": {"enters": 1987, "count_subgroups": 56140, "sum_estimated_prob_of_next_k": 1909.766554419368, "sum_sr": 56003, "sum_time_spent_choosing_strategy": 1.5209991931915283, "sum_time_estimating_p_vector": 1179.4996070861816, "sum_time_loading_coverings": 0.54891037940979}}