{"1": {"enters": 134, "count_subgroups": 339386, "sum_estimated_prob_of_next_k": 117.2310096187719, "sum_sr": 339386, "sum_time_spent_choosing_strategy": 0.3729057312011719, "sum_time_estimating_p_vector": 76.81142091751099, "sum_time_loading_coverings": 0.3931560516357422}}