{"1": {"enters": 14231, "count_subgroups": 70561, "sum_estimated_prob_of_next_k": 13722.210852261527, "sum_sr": 70109, "sum_time_spent_choosing_strategy": 2.4281814098358154, "sum_time_estimating_p_vector": 3522.390664100647, "sum_time_loading_coverings": 2.386979103088379}}