{"1": {"enters": 771, "count_subgroups": 101648, "sum_estimated_prob_of_next_k": 740.4078775046075, "sum_sr": 101557, "sum_time_spent_choosing_strategy": 0.5853095054626465, "sum_time_estimating_p_vector": 453.43670201301575, "sum_time_loading_coverings": 0.28530192375183105}}