{"1": {"enters": 353, "count_subgroups": 167086, "sum_estimated_prob_of_next_k": 324.1480978336839, "sum_sr": 167074, "sum_time_spent_choosing_strategy": 0.7701842784881592, "sum_time_estimating_p_vector": 209.60684370994568, "sum_time_loading_coverings": 0.368344783782959}}