{"1": {"enters": 379, "count_subgroups": 1642, "sum_estimated_prob_of_next_k": 373.8446216778839, "sum_sr": 1642, "sum_time_spent_choosing_strategy": 0.12493395805358887, "sum_time_estimating_p_vector": 96.85154128074646, "sum_time_loading_coverings": 0.07917356491088867}}