{"1": {"enters": 301, "count_subgroups": 131676, "sum_estimated_prob_of_next_k": 279.6997830764189, "sum_sr": 131672, "sum_time_spent_choosing_strategy": 0.689141035079956, "sum_time_estimating_p_vector": 172.16577529907227, "sum_time_loading_coverings": 0.30159568786621094}}