{"1": {"enters": 226, "count_subgroups": 64593, "sum_estimated_prob_of_next_k": 209.14071352177257, "sum_sr": 64585, "sum_time_spent_choosing_strategy": 0.5654685497283936, "sum_time_estimating_p_vector": 131.5097267627716, "sum_time_loading_coverings": 0.18423008918762207}}