{"1": {"enters": 1696, "count_subgroups": 128813, "sum_estimated_prob_of_next_k": 1629.0694805228475, "sum_sr": 128700, "sum_time_spent_choosing_strategy": 1.1678123474121094, "sum_time_estimating_p_vector": 966.3295004367828, "sum_time_loading_coverings": 0.5322418212890625}}