{"1": {"enters": 309, "count_subgroups": 115579, "sum_estimated_prob_of_next_k": 288.9091601693679, "sum_sr": 115570, "sum_time_spent_choosing_strategy": 0.6792471408843994, "sum_time_estimating_p_vector": 181.072856426239, "sum_time_loading_coverings": 0.26787400245666504}}