{"1": {"enters": 303, "count_subgroups": 356983, "sum_estimated_prob_of_next_k": 277.78084783949174, "sum_sr": 356978, "sum_time_spent_choosing_strategy": 0.6815133094787598, "sum_time_estimating_p_vector": 173.92366695404053, "sum_time_loading_coverings": 0.48492908477783203}}