{"1": {"enters": 379, "count_subgroups": 5057, "sum_estimated_prob_of_next_k": 366.59453421228943, "sum_sr": 5052, "sum_time_spent_choosing_strategy": 0.3637106418609619, "sum_time_estimating_p_vector": 229.50115847587585, "sum_time_loading_coverings": 0.11278676986694336}}