{"1": {"enters": 140, "count_subgroups": 38603, "sum_estimated_prob_of_next_k": 130.18743577504014, "sum_sr": 38603, "sum_time_spent_choosing_strategy": 0.36220669746398926, "sum_time_estimating_p_vector": 80.28827834129333, "sum_time_loading_coverings": 0.116668701171875}}