{"1": {"enters": 794, "count_subgroups": 40714, "sum_estimated_prob_of_next_k": 762.3585335564586, "sum_sr": 40621, "sum_time_spent_choosing_strategy": 0.6523940563201904, "sum_time_estimating_p_vector": 473.26467633247375, "sum_time_loading_coverings": 0.2595393657684326}}