{"1": {"enters": 1873, "count_subgroups": 134106, "sum_estimated_prob_of_next_k": 1799.4156221008948, "sum_sr": 133990, "sum_time_spent_choosing_strategy": 1.4193918704986572, "sum_time_estimating_p_vector": 1067.7374792099, "sum_time_loading_coverings": 0.5931816101074219}}