{"1": {"enters": 48, "count_subgroups": 1814, "sum_estimated_prob_of_next_k": 47.17874529063931, "sum_sr": 1814, "sum_time_spent_choosing_strategy": 0.0841219425201416, "sum_time_estimating_p_vector": 27.69595456123352, "sum_time_loading_coverings": 0.02451038360595703}}