{"1": {"enters": 6673, "count_subgroups": 33916, "sum_estimated_prob_of_next_k": 6456.848184584831, "sum_sr": 33638, "sum_time_spent_choosing_strategy": 1.2183823585510254, "sum_time_estimating_p_vector": 1704.345225572586, "sum_time_loading_coverings": 1.1216676235198975}}