{"1": {"enters": 1664, "count_subgroups": 112465, "sum_estimated_prob_of_next_k": 1598.5776083810485, "sum_sr": 112318, "sum_time_spent_choosing_strategy": 1.1207728385925293, "sum_time_estimating_p_vector": 978.9498491287231, "sum_time_loading_coverings": 0.4838564395904541}}