{"1": {"enters": 162, "count_subgroups": 90836, "sum_estimated_prob_of_next_k": 148.17193673350334, "sum_sr": 90835, "sum_time_spent_choosing_strategy": 0.4419107437133789, "sum_time_estimating_p_vector": 95.16759181022644, "sum_time_loading_coverings": 0.19576597213745117}}