{"1": {"enters": 1739, "count_subgroups": 31033, "sum_estimated_prob_of_next_k": 1674.4028147136228, "sum_sr": 30905, "sum_time_spent_choosing_strategy": 1.2026655673980713, "sum_time_estimating_p_vector": 1018.7336134910583, "sum_time_loading_coverings": 0.459183931350708}}