{"1": {"enters": 14399, "count_subgroups": 72631, "sum_estimated_prob_of_next_k": 13881.151563372116, "sum_sr": 72173, "sum_time_spent_choosing_strategy": 2.432544708251953, "sum_time_estimating_p_vector": 3661.444672346115, "sum_time_loading_coverings": 2.4544310569763184}}