{"1": {"enters": 5145, "count_subgroups": 27341, "sum_estimated_prob_of_next_k": 4970.077561466406, "sum_sr": 27105, "sum_time_spent_choosing_strategy": 0.9885518550872803, "sum_time_estimating_p_vector": 1314.8543150424957, "sum_time_loading_coverings": 0.869889497756958}}