{"1": {"enters": 286, "count_subgroups": 96393, "sum_estimated_prob_of_next_k": 268.8922800505872, "sum_sr": 96387, "sum_time_spent_choosing_strategy": 0.6732921600341797, "sum_time_estimating_p_vector": 168.01173782348633, "sum_time_loading_coverings": 0.2632596492767334}}