{"1": {"enters": 394, "count_subgroups": 123794, "sum_estimated_prob_of_next_k": 375.5035659495625, "sum_sr": 123793, "sum_time_spent_choosing_strategy": 0.47165727615356445, "sum_time_estimating_p_vector": 230.00400948524475, "sum_time_loading_coverings": 0.2482144832611084}}