{"1": {"enters": 2752, "count_subgroups": 11816, "sum_estimated_prob_of_next_k": 2681.720584117396, "sum_sr": 11717, "sum_time_spent_choosing_strategy": 0.49483442306518555, "sum_time_estimating_p_vector": 712.2453236579895, "sum_time_loading_coverings": 0.45639777183532715}}