{"1": {"enters": 747, "count_subgroups": 41229, "sum_estimated_prob_of_next_k": 715.6627598180639, "sum_sr": 41149, "sum_time_spent_choosing_strategy": 0.6091539859771729, "sum_time_estimating_p_vector": 433.3878824710846, "sum_time_loading_coverings": 0.2456827163696289}}