{"1": {"enters": 2656, "count_subgroups": 11463, "sum_estimated_prob_of_next_k": 2588.498553341314, "sum_sr": 11360, "sum_time_spent_choosing_strategy": 0.4269895553588867, "sum_time_estimating_p_vector": 678.5557792186737, "sum_time_loading_coverings": 0.4113645553588867}}