{"1": {"enters": 8466, "count_subgroups": 42879, "sum_estimated_prob_of_next_k": 8188.89296300643, "sum_sr": 42549, "sum_time_spent_choosing_strategy": 1.5986614227294922, "sum_time_estimating_p_vector": 2163.3320462703705, "sum_time_loading_coverings": 1.4438202381134033}}