{"1": {"enters": 110, "count_subgroups": 48373, "sum_estimated_prob_of_next_k": 100.08919019183018, "sum_sr": 48373, "sum_time_spent_choosing_strategy": 0.3050568103790283, "sum_time_estimating_p_vector": 64.12352061271667, "sum_time_loading_coverings": 0.11195635795593262}}