{"1": {"enters": 2702, "count_subgroups": 11580, "sum_estimated_prob_of_next_k": 2632.1302799651994, "sum_sr": 11481, "sum_time_spent_choosing_strategy": 0.4615824222564697, "sum_time_estimating_p_vector": 699.2804567813873, "sum_time_loading_coverings": 0.443206787109375}}