{"1": {"enters": 42, "count_subgroups": 3682, "sum_estimated_prob_of_next_k": 40.44000755718787, "sum_sr": 3682, "sum_time_spent_choosing_strategy": 0.07660555839538574, "sum_time_estimating_p_vector": 24.898792028427124, "sum_time_loading_coverings": 0.023242712020874023}}