{"1": {"enters": 23, "count_subgroups": 22218, "sum_estimated_prob_of_next_k": 18.576013056030966, "sum_sr": 22218, "sum_time_spent_choosing_strategy": 0.0921013355255127, "sum_time_estimating_p_vector": 13.762027502059937, "sum_time_loading_coverings": 0.059095144271850586}}