{"1": {"enters": 1681, "count_subgroups": 56395, "sum_estimated_prob_of_next_k": 1607.5609960366187, "sum_sr": 56273, "sum_time_spent_choosing_strategy": 1.1577026844024658, "sum_time_estimating_p_vector": 969.3100743293762, "sum_time_loading_coverings": 0.45851683616638184}}