{"1": {"enters": 145, "count_subgroups": 93851, "sum_estimated_prob_of_next_k": 133.2479169085094, "sum_sr": 93851, "sum_time_spent_choosing_strategy": 0.3948798179626465, "sum_time_estimating_p_vector": 83.0443844795227, "sum_time_loading_coverings": 0.1876509189605713}}