{"1": {"enters": 913, "count_subgroups": 41431, "sum_estimated_prob_of_next_k": 877.9972225184996, "sum_sr": 41328, "sum_time_spent_choosing_strategy": 0.7245831489562988, "sum_time_estimating_p_vector": 544.488650560379, "sum_time_loading_coverings": 0.2879796028137207}}