{"1": {"enters": 838, "count_subgroups": 127549, "sum_estimated_prob_of_next_k": 804.2056375760376, "sum_sr": 127470, "sum_time_spent_choosing_strategy": 0.6838455200195312, "sum_time_estimating_p_vector": 482.54820132255554, "sum_time_loading_coverings": 0.346081018447876}}