{"1": {"enters": 738, "count_subgroups": 3160, "sum_estimated_prob_of_next_k": 725.6143889960072, "sum_sr": 3153, "sum_time_spent_choosing_strategy": 0.2766449451446533, "sum_time_estimating_p_vector": 188.56135940551758, "sum_time_loading_coverings": 0.1573033332824707}}