{"1": {"enters": 1707, "count_subgroups": 56509, "sum_estimated_prob_of_next_k": 1632.8194861383147, "sum_sr": 56386, "sum_time_spent_choosing_strategy": 1.1834774017333984, "sum_time_estimating_p_vector": 984.5046634674072, "sum_time_loading_coverings": 0.46619319915771484}}