{"1": {"enters": 8426, "count_subgroups": 42838, "sum_estimated_prob_of_next_k": 8160.597536212088, "sum_sr": 42514, "sum_time_spent_choosing_strategy": 1.6207895278930664, "sum_time_estimating_p_vector": 2182.105571746826, "sum_time_loading_coverings": 1.4475758075714111}}