{"1": {"enters": 6499, "count_subgroups": 33315, "sum_estimated_prob_of_next_k": 6297.381475880357, "sum_sr": 33074, "sum_time_spent_choosing_strategy": 1.2282061576843262, "sum_time_estimating_p_vector": 1661.0154647827148, "sum_time_loading_coverings": 1.1138100624084473}}