{"1": {"enters": 236, "count_subgroups": 95718, "sum_estimated_prob_of_next_k": 220.59859288173013, "sum_sr": 95713, "sum_time_spent_choosing_strategy": 0.5879461765289307, "sum_time_estimating_p_vector": 138.61706495285034, "sum_time_loading_coverings": 0.24086451530456543}}