{"1": {"enters": 8247, "count_subgroups": 41642, "sum_estimated_prob_of_next_k": 7992.796837846651, "sum_sr": 41345, "sum_time_spent_choosing_strategy": 1.6152973175048828, "sum_time_estimating_p_vector": 2106.646030187607, "sum_time_loading_coverings": 1.4352340698242188}}