{"1": {"enters": 8814, "count_subgroups": 46228, "sum_estimated_prob_of_next_k": 8540.0335695598, "sum_sr": 45894, "sum_time_spent_choosing_strategy": 1.6896872520446777, "sum_time_estimating_p_vector": 2330.169543027878, "sum_time_loading_coverings": 1.5544135570526123}}