{"1": {"enters": 352, "count_subgroups": 3959, "sum_estimated_prob_of_next_k": 342.025195320969, "sum_sr": 3957, "sum_time_spent_choosing_strategy": 0.32054710388183594, "sum_time_estimating_p_vector": 204.81650924682617, "sum_time_loading_coverings": 0.09704113006591797}}