{"1": {"enters": 706, "count_subgroups": 3022, "sum_estimated_prob_of_next_k": 695.8894945494685, "sum_sr": 3014, "sum_time_spent_choosing_strategy": 0.26247096061706543, "sum_time_estimating_p_vector": 179.72732210159302, "sum_time_loading_coverings": 0.15261626243591309}}