{"1": {"enters": 21, "count_subgroups": 29525, "sum_estimated_prob_of_next_k": 16.938565498030503, "sum_sr": 29525, "sum_time_spent_choosing_strategy": 0.08236956596374512, "sum_time_estimating_p_vector": 12.365334272384644, "sum_time_loading_coverings": 0.04659247398376465}}