{"1": {"enters": 380, "count_subgroups": 5762, "sum_estimated_prob_of_next_k": 369.3462220636423, "sum_sr": 5758, "sum_time_spent_choosing_strategy": 0.3392345905303955, "sum_time_estimating_p_vector": 227.25298166275024, "sum_time_loading_coverings": 0.1087338924407959}}