{"1": {"enters": 137, "count_subgroups": 48512, "sum_estimated_prob_of_next_k": 126.4429952502113, "sum_sr": 48512, "sum_time_spent_choosing_strategy": 0.3526730537414551, "sum_time_estimating_p_vector": 80.3675184249878, "sum_time_loading_coverings": 0.12283658981323242}}