{"1": {"enters": 5150, "count_subgroups": 28376, "sum_estimated_prob_of_next_k": 4972.160817882003, "sum_sr": 28136, "sum_time_spent_choosing_strategy": 0.9751691818237305, "sum_time_estimating_p_vector": 1309.5670409202576, "sum_time_loading_coverings": 0.8898403644561768}}