{"1": {"enters": 388, "count_subgroups": 91789, "sum_estimated_prob_of_next_k": 375.1552466511155, "sum_sr": 91787, "sum_time_spent_choosing_strategy": 0.4222292900085449, "sum_time_estimating_p_vector": 231.18772745132446, "sum_time_loading_coverings": 0.19792938232421875}}