{"1": {"enters": 13949, "count_subgroups": 69359, "sum_estimated_prob_of_next_k": 13455.776745055753, "sum_sr": 68874, "sum_time_spent_choosing_strategy": 2.3537638187408447, "sum_time_estimating_p_vector": 3611.8488640785217, "sum_time_loading_coverings": 2.301909923553467}}