{"1": {"enters": 305, "count_subgroups": 1262, "sum_estimated_prob_of_next_k": 301.40811279369933, "sum_sr": 1261, "sum_time_spent_choosing_strategy": 0.09635543823242188, "sum_time_estimating_p_vector": 77.79985332489014, "sum_time_loading_coverings": 0.061827898025512695}}