{"1": {"enters": 1856, "count_subgroups": 114536, "sum_estimated_prob_of_next_k": 1784.9291392120886, "sum_sr": 114387, "sum_time_spent_choosing_strategy": 1.3897063732147217, "sum_time_estimating_p_vector": 1092.7451395988464, "sum_time_loading_coverings": 0.5447437763214111}}