{"1": {"enters": 2820, "count_subgroups": 12482, "sum_estimated_prob_of_next_k": 2750.2968130402687, "sum_sr": 12381, "sum_time_spent_choosing_strategy": 0.4608194828033447, "sum_time_estimating_p_vector": 745.9707975387573, "sum_time_loading_coverings": 0.4546642303466797}}