{"1": {"enters": 5382, "count_subgroups": 30231, "sum_estimated_prob_of_next_k": 5196.498030441036, "sum_sr": 29965, "sum_time_spent_choosing_strategy": 1.0288219451904297, "sum_time_estimating_p_vector": 1422.97660946846, "sum_time_loading_coverings": 0.9242916107177734}}