{"1": {"enters": 6531, "count_subgroups": 33412, "sum_estimated_prob_of_next_k": 6312.249136448876, "sum_sr": 33131, "sum_time_spent_choosing_strategy": 1.2637121677398682, "sum_time_estimating_p_vector": 1690.5237908363342, "sum_time_loading_coverings": 1.1389110088348389}}