{"1": {"enters": 1668, "count_subgroups": 128683, "sum_estimated_prob_of_next_k": 1601.6328868826372, "sum_sr": 128571, "sum_time_spent_choosing_strategy": 1.1389660835266113, "sum_time_estimating_p_vector": 950.149701833725, "sum_time_loading_coverings": 0.5241067409515381}}