{"1": {"enters": 373, "count_subgroups": 116131, "sum_estimated_prob_of_next_k": 357.5309078002523, "sum_sr": 116129, "sum_time_spent_choosing_strategy": 0.4091341495513916, "sum_time_estimating_p_vector": 216.7301037311554, "sum_time_loading_coverings": 0.23619341850280762}}