{"1": {"enters": 2625, "count_subgroups": 11376, "sum_estimated_prob_of_next_k": 2560.2822165842276, "sum_sr": 11276, "sum_time_spent_choosing_strategy": 0.42861175537109375, "sum_time_estimating_p_vector": 679.779155254364, "sum_time_loading_coverings": 0.4147181510925293}}