{"1": {"enters": 13921, "count_subgroups": 69453, "sum_estimated_prob_of_next_k": 13426.441614891293, "sum_sr": 69023, "sum_time_spent_choosing_strategy": 2.3986620903015137, "sum_time_estimating_p_vector": 3555.9166388511658, "sum_time_loading_coverings": 2.3211090564727783}}