{"1": {"enters": 162, "count_subgroups": 214368, "sum_estimated_prob_of_next_k": 143.63375853858147, "sum_sr": 214367, "sum_time_spent_choosing_strategy": 0.4456956386566162, "sum_time_estimating_p_vector": 96.82480716705322, "sum_time_loading_coverings": 0.29900574684143066}}