{"1": {"enters": 1919, "count_subgroups": 139675, "sum_estimated_prob_of_next_k": 1837.3235571694538, "sum_sr": 139552, "sum_time_spent_choosing_strategy": 1.4930870532989502, "sum_time_estimating_p_vector": 1100.128485918045, "sum_time_loading_coverings": 0.6047153472900391}}