{"1": {"enters": 215, "count_subgroups": 350032, "sum_estimated_prob_of_next_k": 194.04813511732343, "sum_sr": 350027, "sum_time_spent_choosing_strategy": 0.5321638584136963, "sum_time_estimating_p_vector": 123.42054533958435, "sum_time_loading_coverings": 0.44463253021240234}}