{"1": {"enters": 819, "count_subgroups": 119793, "sum_estimated_prob_of_next_k": 788.9266389325674, "sum_sr": 119725, "sum_time_spent_choosing_strategy": 0.6319010257720947, "sum_time_estimating_p_vector": 469.58269000053406, "sum_time_loading_coverings": 0.3422079086303711}}