{"1": {"enters": 123, "count_subgroups": 68553, "sum_estimated_prob_of_next_k": 110.53281216606273, "sum_sr": 68552, "sum_time_spent_choosing_strategy": 0.34728574752807617, "sum_time_estimating_p_vector": 71.81776332855225, "sum_time_loading_coverings": 0.14896750450134277}}