{"1": {"enters": 14053, "count_subgroups": 70223, "sum_estimated_prob_of_next_k": 13531.68621395122, "sum_sr": 69729, "sum_time_spent_choosing_strategy": 2.425438165664673, "sum_time_estimating_p_vector": 3635.6628336906433, "sum_time_loading_coverings": 2.3635852336883545}}