{"1": {"enters": 237, "count_subgroups": 132778, "sum_estimated_prob_of_next_k": 215.6656877273093, "sum_sr": 132767, "sum_time_spent_choosing_strategy": 0.5572905540466309, "sum_time_estimating_p_vector": 140.60085797309875, "sum_time_loading_coverings": 0.2740328311920166}}