{"1": {"enters": 20, "count_subgroups": 131, "sum_estimated_prob_of_next_k": 19.775175483039245, "sum_sr": 131, "sum_time_spent_choosing_strategy": 0.03756904602050781, "sum_time_estimating_p_vector": 12.025444984436035, "sum_time_loading_coverings": 0.0073430538177490234}}