{"1": {"enters": 832, "count_subgroups": 103138, "sum_estimated_prob_of_next_k": 803.1202418975895, "sum_sr": 103026, "sum_time_spent_choosing_strategy": 0.6138865947723389, "sum_time_estimating_p_vector": 492.1054358482361, "sum_time_loading_coverings": 0.29753684997558594}}