{"1": {"enters": 129, "count_subgroups": 117257, "sum_estimated_prob_of_next_k": 116.10851949703395, "sum_sr": 117257, "sum_time_spent_choosing_strategy": 0.3385589122772217, "sum_time_estimating_p_vector": 74.1057300567627, "sum_time_loading_coverings": 0.17093753814697266}}