{"1": {"enters": 25, "count_subgroups": 7761, "sum_estimated_prob_of_next_k": 20.298126245514386, "sum_sr": 7761, "sum_time_spent_choosing_strategy": 0.10461544990539551, "sum_time_estimating_p_vector": 14.69140076637268, "sum_time_loading_coverings": 0.0272824764251709}}