{"1": {"enters": 22, "count_subgroups": 32878, "sum_estimated_prob_of_next_k": 17.14530058580709, "sum_sr": 32878, "sum_time_spent_choosing_strategy": 0.08890533447265625, "sum_time_estimating_p_vector": 12.948341846466064, "sum_time_loading_coverings": 0.05263257026672363}}