{"1": {"enters": 5173, "count_subgroups": 27659, "sum_estimated_prob_of_next_k": 4995.265957355416, "sum_sr": 27407, "sum_time_spent_choosing_strategy": 0.987006425857544, "sum_time_estimating_p_vector": 1339.451212644577, "sum_time_loading_coverings": 0.867401123046875}}