{"1": {"enters": 2614, "count_subgroups": 11319, "sum_estimated_prob_of_next_k": 2547.773755122216, "sum_sr": 11227, "sum_time_spent_choosing_strategy": 0.4057962894439697, "sum_time_estimating_p_vector": 665.2503700256348, "sum_time_loading_coverings": 0.42162179946899414}}