{"1": {"enters": 336, "count_subgroups": 232379, "sum_estimated_prob_of_next_k": 308.9261968299361, "sum_sr": 232372, "sum_time_spent_choosing_strategy": 0.7516417503356934, "sum_time_estimating_p_vector": 200.9656319618225, "sum_time_loading_coverings": 0.3881382942199707}}