{"1": {"enters": 25, "count_subgroups": 122438, "sum_estimated_prob_of_next_k": 19.18366200549293, "sum_sr": 122438, "sum_time_spent_choosing_strategy": 0.09959983825683594, "sum_time_estimating_p_vector": 14.96290922164917, "sum_time_loading_coverings": 0.13271522521972656}}