{"1": {"enters": 65, "count_subgroups": 815, "sum_estimated_prob_of_next_k": 62.8659578458403, "sum_sr": 815, "sum_time_spent_choosing_strategy": 0.11054801940917969, "sum_time_estimating_p_vector": 37.85542917251587, "sum_time_loading_coverings": 0.028821229934692383}}