{"1": {"enters": 19, "count_subgroups": 13376, "sum_estimated_prob_of_next_k": 15.488351103109702, "sum_sr": 13376, "sum_time_spent_choosing_strategy": 0.07712244987487793, "sum_time_estimating_p_vector": 10.989664793014526, "sum_time_loading_coverings": 0.03312230110168457}}