{"1": {"enters": 1973, "count_subgroups": 119355, "sum_estimated_prob_of_next_k": 1894.6198058935117, "sum_sr": 119203, "sum_time_spent_choosing_strategy": 1.4701626300811768, "sum_time_estimating_p_vector": 1154.0084037780762, "sum_time_loading_coverings": 0.5738210678100586}}