{"1": {"enters": 1801, "count_subgroups": 51632, "sum_estimated_prob_of_next_k": 1729.7444806203735, "sum_sr": 51498, "sum_time_spent_choosing_strategy": 1.2603223323822021, "sum_time_estimating_p_vector": 1068.608216047287, "sum_time_loading_coverings": 0.4859352111816406}}