{"1": {"enters": 2705, "count_subgroups": 11646, "sum_estimated_prob_of_next_k": 2634.3488123256975, "sum_sr": 11556, "sum_time_spent_choosing_strategy": 0.447690486907959, "sum_time_estimating_p_vector": 691.2927877902985, "sum_time_loading_coverings": 0.42975854873657227}}