{"1": {"enters": 1711, "count_subgroups": 137382, "sum_estimated_prob_of_next_k": 1634.9858948744256, "sum_sr": 137259, "sum_time_spent_choosing_strategy": 1.2046144008636475, "sum_time_estimating_p_vector": 980.0578498840332, "sum_time_loading_coverings": 0.5356979370117188}}