{"1": {"enters": 1919, "count_subgroups": 35541, "sum_estimated_prob_of_next_k": 1848.651434992744, "sum_sr": 35412, "sum_time_spent_choosing_strategy": 1.4553723335266113, "sum_time_estimating_p_vector": 1124.6925585269928, "sum_time_loading_coverings": 0.5211079120635986}}