{"1": {"enters": 345, "count_subgroups": 1636, "sum_estimated_prob_of_next_k": 340.1269596669826, "sum_sr": 1636, "sum_time_spent_choosing_strategy": 0.1129457950592041, "sum_time_estimating_p_vector": 85.54295587539673, "sum_time_loading_coverings": 0.07321548461914062}}