{"1": {"enters": 2817, "count_subgroups": 12398, "sum_estimated_prob_of_next_k": 2745.5745313993034, "sum_sr": 12299, "sum_time_spent_choosing_strategy": 0.4671745300292969, "sum_time_estimating_p_vector": 697.3126130104065, "sum_time_loading_coverings": 0.4476919174194336}}