{"1": {"enters": 78, "count_subgroups": 3236, "sum_estimated_prob_of_next_k": 75.79890796783003, "sum_sr": 3235, "sum_time_spent_choosing_strategy": 0.1359257698059082, "sum_time_estimating_p_vector": 46.84297800064087, "sum_time_loading_coverings": 0.04098248481750488}}