{"1": {"enters": 1605, "count_subgroups": 136238, "sum_estimated_prob_of_next_k": 1539.5153074748962, "sum_sr": 136146, "sum_time_spent_choosing_strategy": 1.099189043045044, "sum_time_estimating_p_vector": 942.4694907665253, "sum_time_loading_coverings": 0.5101757049560547}}