{"1": {"enters": 6739, "count_subgroups": 34966, "sum_estimated_prob_of_next_k": 6525.579005880003, "sum_sr": 34713, "sum_time_spent_choosing_strategy": 1.225050926208496, "sum_time_estimating_p_vector": 1679.385412454605, "sum_time_loading_coverings": 1.1719598770141602}}