{"1": {"enters": 143, "count_subgroups": 83044, "sum_estimated_prob_of_next_k": 131.1211240189666, "sum_sr": 83044, "sum_time_spent_choosing_strategy": 0.39160776138305664, "sum_time_estimating_p_vector": 83.79966139793396, "sum_time_loading_coverings": 0.1691741943359375}}