{"1": {"enters": 1764, "count_subgroups": 117069, "sum_estimated_prob_of_next_k": 1691.3922608114303, "sum_sr": 116918, "sum_time_spent_choosing_strategy": 1.1848623752593994, "sum_time_estimating_p_vector": 1031.011032819748, "sum_time_loading_coverings": 0.5091331005096436}}