{"1": {"enters": 17, "count_subgroups": 2174, "sum_estimated_prob_of_next_k": 16.10605652536066, "sum_sr": 2174, "sum_time_spent_choosing_strategy": 0.03341078758239746, "sum_time_estimating_p_vector": 10.101810216903687, "sum_time_loading_coverings": 0.011041879653930664}}