{"1": {"enters": 696, "count_subgroups": 119119, "sum_estimated_prob_of_next_k": 668.5585628677104, "sum_sr": 119056, "sum_time_spent_choosing_strategy": 0.5529360771179199, "sum_time_estimating_p_vector": 398.94065737724304, "sum_time_loading_coverings": 0.31131458282470703}}