{"1": {"enters": 212, "count_subgroups": 85656, "sum_estimated_prob_of_next_k": 195.933212566373, "sum_sr": 85647, "sum_time_spent_choosing_strategy": 0.5038690567016602, "sum_time_estimating_p_vector": 124.1469931602478, "sum_time_loading_coverings": 0.19347643852233887}}