{"1": {"enters": 424, "count_subgroups": 35064, "sum_estimated_prob_of_next_k": 406.17527514635606, "sum_sr": 35058, "sum_time_spent_choosing_strategy": 0.47508692741394043, "sum_time_estimating_p_vector": 249.16486120224, "sum_time_loading_coverings": 0.17221593856811523}}