{"1": {"enters": 115, "count_subgroups": 163270, "sum_estimated_prob_of_next_k": 99.7076958564398, "sum_sr": 163269, "sum_time_spent_choosing_strategy": 0.32956933975219727, "sum_time_estimating_p_vector": 68.21520686149597, "sum_time_loading_coverings": 0.21911287307739258}}