{"1": {"enters": 784, "count_subgroups": 129066, "sum_estimated_prob_of_next_k": 753.4905126977403, "sum_sr": 128996, "sum_time_spent_choosing_strategy": 0.6086552143096924, "sum_time_estimating_p_vector": 463.240585565567, "sum_time_loading_coverings": 0.3342750072479248}}