{"1": {"enters": 339, "count_subgroups": 99312, "sum_estimated_prob_of_next_k": 315.63781197612155, "sum_sr": 99303, "sum_time_spent_choosing_strategy": 0.7832579612731934, "sum_time_estimating_p_vector": 197.35635781288147, "sum_time_loading_coverings": 0.2603328227996826}}