{"0": {"enters": 8, "count_subgroups": 350394, "sum_estimated_prob_of_next_k": 0, "sum_sr": 286246, "sum_time_spent_choosing_strategy": 0, "sum_time_estimating_p_vector": 0, "sum_time_loading_coverings": 0}, "1": {"enters": 64148, "count_subgroups": 398969, "sum_estimated_prob_of_next_k": 63427.63481168296, "sum_sr": 352850, "sum_time_spent_choosing_strategy": 514.9867038726807, "sum_time_estimating_p_vector": 13.969137907028198, "sum_time_loading_coverings": 34.49756145477295}, "2": {"enters": 46119, "count_subgroups": 284444, "sum_estimated_prob_of_next_k": 45766.86854156085, "sum_sr": 204676, "sum_time_spent_choosing_strategy": 190.96204900741577, "sum_time_estimating_p_vector": 9.39460015296936, "sum_time_loading_coverings": 20.80699586868286}, "3": {"enters": 79768, "count_subgroups": 489189, "sum_estimated_prob_of_next_k": 79236.83813388835, "sum_sr": 381690, "sum_time_spent_choosing_strategy": 272.09829592704773, "sum_time_estimating_p_vector": 16.22699761390686, "sum_time_loading_coverings": 34.16540718078613}, "4": {"enters": 107499, "count_subgroups": 655542, "sum_estimated_prob_of_next_k": 107007.9945097773, "sum_sr": 610356, "sum_time_spent_choosing_strategy": 268.59370589256287, "sum_time_estimating_p_vector": 21.7412531375885, "sum_time_loading_coverings": 43.297343730926514}, "5": {"enters": 45186, "count_subgroups": 276377, "sum_estimated_prob_of_next_k": 45005.478906074655, "sum_sr": 269679, "sum_time_spent_choosing_strategy": 74.88912868499756, "sum_time_estimating_p_vector": 9.09320855140686, "sum_time_loading_coverings": 16.502776622772217}}