{"0": {"enters": 8, "count_subgroups": 347202, "sum_estimated_prob_of_next_k": 0, "sum_sr": 282207, "sum_time_spent_choosing_strategy": 0, "sum_time_estimating_p_vector": 0, "sum_time_loading_coverings": 0}, "1": {"enters": 64995, "count_subgroups": 403738, "sum_estimated_prob_of_next_k": 64268.71591047631, "sum_sr": 357934, "sum_time_spent_choosing_strategy": 520.5886573791504, "sum_time_estimating_p_vector": 13.879660844802856, "sum_time_loading_coverings": 34.678107023239136}, "2": {"enters": 45804, "count_subgroups": 282629, "sum_estimated_prob_of_next_k": 45454.52049915857, "sum_sr": 204517, "sum_time_spent_choosing_strategy": 193.03522086143494, "sum_time_estimating_p_vector": 9.191241025924683, "sum_time_loading_coverings": 20.665064096450806}, "3": {"enters": 78112, "count_subgroups": 480067, "sum_estimated_prob_of_next_k": 77580.80514912393, "sum_sr": 374442, "sum_time_spent_choosing_strategy": 265.76984453201294, "sum_time_estimating_p_vector": 15.67734146118164, "sum_time_loading_coverings": 33.11707162857056}, "4": {"enters": 105625, "count_subgroups": 644873, "sum_estimated_prob_of_next_k": 105116.31459477884, "sum_sr": 598374, "sum_time_spent_choosing_strategy": 260.64547848701477, "sum_time_estimating_p_vector": 21.111371755599976, "sum_time_loading_coverings": 42.029552698135376}, "5": {"enters": 46499, "count_subgroups": 285429, "sum_estimated_prob_of_next_k": 46290.730840626304, "sum_sr": 277309, "sum_time_spent_choosing_strategy": 75.24672651290894, "sum_time_estimating_p_vector": 9.26082158088684, "sum_time_loading_coverings": 16.743797302246094}}