{"0": {"enters": 8, "count_subgroups": 360353, "sum_estimated_prob_of_next_k": 0, "sum_sr": 294374, "sum_time_spent_choosing_strategy": 0, "sum_time_estimating_p_vector": 0, "sum_time_loading_coverings": 0}, "1": {"enters": 65979, "count_subgroups": 409846, "sum_estimated_prob_of_next_k": 65247.5658517207, "sum_sr": 362238, "sum_time_spent_choosing_strategy": 530.1987097263336, "sum_time_estimating_p_vector": 14.238173723220825, "sum_time_loading_coverings": 35.4550724029541}, "2": {"enters": 47608, "count_subgroups": 293903, "sum_estimated_prob_of_next_k": 47239.034645608364, "sum_sr": 212645, "sum_time_spent_choosing_strategy": 199.18474340438843, "sum_time_estimating_p_vector": 9.670446395874023, "sum_time_loading_coverings": 21.442267894744873}, "3": {"enters": 81258, "count_subgroups": 498691, "sum_estimated_prob_of_next_k": 80698.5045640502, "sum_sr": 390782, "sum_time_spent_choosing_strategy": 275.66669511795044, "sum_time_estimating_p_vector": 16.57048726081848, "sum_time_loading_coverings": 34.64645957946777}, "4": {"enters": 107909, "count_subgroups": 657936, "sum_estimated_prob_of_next_k": 107412.69559317347, "sum_sr": 611532, "sum_time_spent_choosing_strategy": 268.00125336647034, "sum_time_estimating_p_vector": 21.756118297576904, "sum_time_loading_coverings": 43.57482123374939}, "5": {"enters": 46404, "count_subgroups": 283173, "sum_estimated_prob_of_next_k": 46232.652377723985, "sum_sr": 275171, "sum_time_spent_choosing_strategy": 77.99237060546875, "sum_time_estimating_p_vector": 9.312031984329224, "sum_time_loading_coverings": 16.942216157913208}}