{"0": {"enters": 8, "count_subgroups": 348207, "sum_estimated_prob_of_next_k": 0, "sum_sr": 283229, "sum_time_spent_choosing_strategy": 0, "sum_time_estimating_p_vector": 0, "sum_time_loading_coverings": 0}, "1": {"enters": 64978, "count_subgroups": 403999, "sum_estimated_prob_of_next_k": 64244.88289999002, "sum_sr": 357831, "sum_time_spent_choosing_strategy": 528.9668672084808, "sum_time_estimating_p_vector": 13.871672868728638, "sum_time_loading_coverings": 34.595102310180664}, "2": {"enters": 46168, "count_subgroups": 285453, "sum_estimated_prob_of_next_k": 45798.744879672355, "sum_sr": 206356, "sum_time_spent_choosing_strategy": 195.19858741760254, "sum_time_estimating_p_vector": 9.36327862739563, "sum_time_loading_coverings": 20.583847284317017}, "3": {"enters": 79097, "count_subgroups": 486748, "sum_estimated_prob_of_next_k": 78523.87688369975, "sum_sr": 379649, "sum_time_spent_choosing_strategy": 270.3472557067871, "sum_time_estimating_p_vector": 16.07441735267639, "sum_time_loading_coverings": 33.37629675865173}, "4": {"enters": 107099, "count_subgroups": 654971, "sum_estimated_prob_of_next_k": 106553.17239352873, "sum_sr": 608968, "sum_time_spent_choosing_strategy": 266.0969922542572, "sum_time_estimating_p_vector": 21.642614364624023, "sum_time_loading_coverings": 42.38650441169739}, "5": {"enters": 46003, "count_subgroups": 282539, "sum_estimated_prob_of_next_k": 45790.323692028556, "sum_sr": 275252, "sum_time_spent_choosing_strategy": 75.21326446533203, "sum_time_estimating_p_vector": 9.25683307647705, "sum_time_loading_coverings": 16.54623031616211}}