{"0": {"enters": 8, "count_subgroups": 354260, "sum_estimated_prob_of_next_k": 0, "sum_sr": 288042, "sum_time_spent_choosing_strategy": 0, "sum_time_estimating_p_vector": 0, "sum_time_loading_coverings": 0}, "1": {"enters": 66218, "count_subgroups": 411819, "sum_estimated_prob_of_next_k": 65460.645792692434, "sum_sr": 363988, "sum_time_spent_choosing_strategy": 537.7249672412872, "sum_time_estimating_p_vector": 14.033950567245483, "sum_time_loading_coverings": 35.32090735435486}, "2": {"enters": 47831, "count_subgroups": 295418, "sum_estimated_prob_of_next_k": 47448.692227236126, "sum_sr": 214681, "sum_time_spent_choosing_strategy": 201.584947347641, "sum_time_estimating_p_vector": 9.584798574447632, "sum_time_loading_coverings": 21.390882968902588}, "3": {"enters": 80737, "count_subgroups": 496331, "sum_estimated_prob_of_next_k": 80166.940328722, "sum_sr": 387301, "sum_time_spent_choosing_strategy": 276.305734872818, "sum_time_estimating_p_vector": 16.09711742401123, "sum_time_loading_coverings": 33.876280784606934}, "4": {"enters": 109030, "count_subgroups": 665441, "sum_estimated_prob_of_next_k": 108510.68469608716, "sum_sr": 619077, "sum_time_spent_choosing_strategy": 272.63959550857544, "sum_time_estimating_p_vector": 21.56295132637024, "sum_time_loading_coverings": 43.122257709503174}, "5": {"enters": 46364, "count_subgroups": 283402, "sum_estimated_prob_of_next_k": 46181.08369638299, "sum_sr": 276564, "sum_time_spent_choosing_strategy": 76.91864538192749, "sum_time_estimating_p_vector": 9.13174033164978, "sum_time_loading_coverings": 16.471205711364746}}