{"0": {"enters": 8, "count_subgroups": 352497, "sum_estimated_prob_of_next_k": 0, "sum_sr": 287225, "sum_time_spent_choosing_strategy": 0, "sum_time_estimating_p_vector": 0, "sum_time_loading_coverings": 0}, "1": {"enters": 65272, "count_subgroups": 405190, "sum_estimated_prob_of_next_k": 64556.32069266859, "sum_sr": 358139, "sum_time_spent_choosing_strategy": 534.6930289268494, "sum_time_estimating_p_vector": 14.089166164398193, "sum_time_loading_coverings": 34.68903827667236}, "2": {"enters": 47051, "count_subgroups": 290002, "sum_estimated_prob_of_next_k": 46695.88825292615, "sum_sr": 210091, "sum_time_spent_choosing_strategy": 202.3976068496704, "sum_time_estimating_p_vector": 9.576971530914307, "sum_time_loading_coverings": 21.063058376312256}, "3": {"enters": 79911, "count_subgroups": 489694, "sum_estimated_prob_of_next_k": 79395.17734973758, "sum_sr": 382794, "sum_time_spent_choosing_strategy": 279.40802931785583, "sum_time_estimating_p_vector": 16.245083570480347, "sum_time_loading_coverings": 33.90817666053772}, "4": {"enters": 106900, "count_subgroups": 650826, "sum_estimated_prob_of_next_k": 106436.55125148865, "sum_sr": 606024, "sum_time_spent_choosing_strategy": 272.9407711029053, "sum_time_estimating_p_vector": 21.61443305015564, "sum_time_loading_coverings": 42.52086424827576}, "5": {"enters": 44802, "count_subgroups": 273141, "sum_estimated_prob_of_next_k": 44638.70657715078, "sum_sr": 266086, "sum_time_spent_choosing_strategy": 76.3383572101593, "sum_time_estimating_p_vector": 9.026753664016724, "sum_time_loading_coverings": 16.15614652633667}}