{"0": {"enters": 8, "count_subgroups": 357549, "sum_estimated_prob_of_next_k": 0, "sum_sr": 291623, "sum_time_spent_choosing_strategy": 0, "sum_time_estimating_p_vector": 0, "sum_time_loading_coverings": 0}, "1": {"enters": 65926, "count_subgroups": 409667, "sum_estimated_prob_of_next_k": 65181.057800477975, "sum_sr": 363393, "sum_time_spent_choosing_strategy": 528.8717613220215, "sum_time_estimating_p_vector": 13.673961400985718, "sum_time_loading_coverings": 35.39317226409912}, "2": {"enters": 46274, "count_subgroups": 285300, "sum_estimated_prob_of_next_k": 45919.217127592485, "sum_sr": 205868, "sum_time_spent_choosing_strategy": 194.44431233406067, "sum_time_estimating_p_vector": 9.05010437965393, "sum_time_loading_coverings": 20.835368633270264}, "3": {"enters": 79432, "count_subgroups": 487615, "sum_estimated_prob_of_next_k": 78902.32252870563, "sum_sr": 379826, "sum_time_spent_choosing_strategy": 269.4295370578766, "sum_time_estimating_p_vector": 15.491262197494507, "sum_time_loading_coverings": 33.63133239746094}, "4": {"enters": 107789, "count_subgroups": 658560, "sum_estimated_prob_of_next_k": 107265.04255691759, "sum_sr": 611071, "sum_time_spent_choosing_strategy": 265.5466525554657, "sum_time_estimating_p_vector": 20.935969352722168, "sum_time_loading_coverings": 42.87368631362915}, "5": {"enters": 47489, "count_subgroups": 292870, "sum_estimated_prob_of_next_k": 47264.11739130963, "sum_sr": 284181, "sum_time_spent_choosing_strategy": 77.52837562561035, "sum_time_estimating_p_vector": 9.183132886886597, "sum_time_loading_coverings": 17.231744527816772}}