{"0": {"enters": 8, "count_subgroups": 357791, "sum_estimated_prob_of_next_k": 0, "sum_sr": 292872, "sum_time_spent_choosing_strategy": 0, "sum_time_estimating_p_vector": 0, "sum_time_loading_coverings": 0}, "1": {"enters": 64919, "count_subgroups": 403198, "sum_estimated_prob_of_next_k": 64185.47909613778, "sum_sr": 356069, "sum_time_spent_choosing_strategy": 520.3413681983948, "sum_time_estimating_p_vector": 13.839224100112915, "sum_time_loading_coverings": 34.976096391677856}, "2": {"enters": 47129, "count_subgroups": 291353, "sum_estimated_prob_of_next_k": 46749.340745659065, "sum_sr": 209125, "sum_time_spent_choosing_strategy": 195.32364439964294, "sum_time_estimating_p_vector": 9.478378057479858, "sum_time_loading_coverings": 21.277838468551636}, "3": {"enters": 82228, "count_subgroups": 504938, "sum_estimated_prob_of_next_k": 81653.37739939967, "sum_sr": 396117, "sum_time_spent_choosing_strategy": 275.2887473106384, "sum_time_estimating_p_vector": 16.512693643569946, "sum_time_loading_coverings": 35.07462453842163}, "4": {"enters": 108821, "count_subgroups": 664189, "sum_estimated_prob_of_next_k": 108291.00005212698, "sum_sr": 618288, "sum_time_spent_choosing_strategy": 266.77582931518555, "sum_time_estimating_p_vector": 21.71811580657959, "sum_time_loading_coverings": 43.7469322681427}, "5": {"enters": 45901, "count_subgroups": 280906, "sum_estimated_prob_of_next_k": 45718.108115776005, "sum_sr": 273943, "sum_time_spent_choosing_strategy": 74.56531524658203, "sum_time_estimating_p_vector": 9.108852863311768, "sum_time_loading_coverings": 16.670081615447998}}