{"1": {"enters": 102, "count_subgroups": 876, "sum_estimated_prob_of_next_k": 95.048553981089, "sum_sr": 876, "sum_time_spent_choosing_strategy": 0.3149697780609131, "sum_time_estimating_p_vector": 0.02119922637939453, "sum_time_loading_coverings": 0.03230428695678711}}