{"1": {"enters": 87, "count_subgroups": 771, "sum_estimated_prob_of_next_k": 77.66601391144607, "sum_sr": 771, "sum_time_spent_choosing_strategy": 0.2649497985839844, "sum_time_estimating_p_vector": 0.018549680709838867, "sum_time_loading_coverings": 0.027184009552001953}}