{"1": {"enters": 107, "count_subgroups": 923, "sum_estimated_prob_of_next_k": 100.38544404299313, "sum_sr": 923, "sum_time_spent_choosing_strategy": 0.3362314701080322, "sum_time_estimating_p_vector": 0.020640850067138672, "sum_time_loading_coverings": 0.03420829772949219}}