{"1": {"enters": 111, "count_subgroups": 1005, "sum_estimated_prob_of_next_k": 102.17733811991037, "sum_sr": 1005, "sum_time_spent_choosing_strategy": 0.3477437496185303, "sum_time_estimating_p_vector": 0.02075815200805664, "sum_time_loading_coverings": 0.03382730484008789}}