{"1": {"enters": 105, "count_subgroups": 959, "sum_estimated_prob_of_next_k": 97.61996419213804, "sum_sr": 959, "sum_time_spent_choosing_strategy": 0.3276348114013672, "sum_time_estimating_p_vector": 0.022556304931640625, "sum_time_loading_coverings": 0.03280353546142578}}