{"1": {"enters": 111, "count_subgroups": 1113, "sum_estimated_prob_of_next_k": 100.74325005935894, "sum_sr": 1113, "sum_time_spent_choosing_strategy": 0.3480548858642578, "sum_time_estimating_p_vector": 0.020467281341552734, "sum_time_loading_coverings": 0.032692670822143555}}