{"1": {"enters": 107, "count_subgroups": 975, "sum_estimated_prob_of_next_k": 98.51082542762934, "sum_sr": 975, "sum_time_spent_choosing_strategy": 0.3347301483154297, "sum_time_estimating_p_vector": 0.02119278907775879, "sum_time_loading_coverings": 0.03345608711242676}}