{"0": {"enters": 10, "count_subgroups": 194622, "sum_estimated_prob_of_next_k": 0, "sum_sr": 169539, "sum_time_spent_choosing_strategy": 0, "sum_time_estimating_p_vector": 0, "sum_time_loading_coverings": 0}, "1": {"enters": 25083, "count_subgroups": 125451, "sum_estimated_prob_of_next_k": 25025.97049927717, "sum_sr": 116760, "sum_time_spent_choosing_strategy": 118.23881244659424, "sum_time_estimating_p_vector": 4.268200874328613, "sum_time_loading_coverings": 8.346841096878052}, "2": {"enters": 8691, "count_subgroups": 43524, "sum_estimated_prob_of_next_k": 8644.847279362428, "sum_sr": 40242, "sum_time_spent_choosing_strategy": 23.974382638931274, "sum_time_estimating_p_vector": 1.3891420364379883, "sum_time_loading_coverings": 2.511138677597046}, "3": {"enters": 3282, "count_subgroups": 16470, "sum_estimated_prob_of_next_k": 3252.6305565088237, "sum_sr": 15043, "sum_time_spent_choosing_strategy": 5.80380392074585, "sum_time_estimating_p_vector": 0.5275392532348633, "sum_time_loading_coverings": 0.8541402816772461}, "4": {"enters": 1427, "count_subgroups": 7150, "sum_estimated_prob_of_next_k": 1404.3016108818165, "sum_sr": 6337, "sum_time_spent_choosing_strategy": 1.5682485103607178, "sum_time_estimating_p_vector": 0.23422718048095703, "sum_time_loading_coverings": 0.33397746086120605}}