{"0": {"enters": 10, "count_subgroups": 191331, "sum_estimated_prob_of_next_k": 0, "sum_sr": 166244, "sum_time_spent_choosing_strategy": 0, "sum_time_estimating_p_vector": 0, "sum_time_loading_coverings": 0}, "1": {"enters": 25087, "count_subgroups": 125463, "sum_estimated_prob_of_next_k": 25025.69908981644, "sum_sr": 116698, "sum_time_spent_choosing_strategy": 120.52440237998962, "sum_time_estimating_p_vector": 4.467359304428101, "sum_time_loading_coverings": 8.731956243515015}, "2": {"enters": 8765, "count_subgroups": 43890, "sum_estimated_prob_of_next_k": 8717.67074929671, "sum_sr": 40644, "sum_time_spent_choosing_strategy": 24.52549147605896, "sum_time_estimating_p_vector": 1.4373178482055664, "sum_time_loading_coverings": 2.6419761180877686}, "3": {"enters": 3246, "count_subgroups": 16270, "sum_estimated_prob_of_next_k": 3218.669961288974, "sum_sr": 15037, "sum_time_spent_choosing_strategy": 5.862279891967773, "sum_time_estimating_p_vector": 0.5389292240142822, "sum_time_loading_coverings": 0.8826475143432617}, "4": {"enters": 1233, "count_subgroups": 6161, "sum_estimated_prob_of_next_k": 1215.335695420546, "sum_sr": 5522, "sum_time_spent_choosing_strategy": 1.3900885581970215, "sum_time_estimating_p_vector": 0.2131502628326416, "sum_time_loading_coverings": 0.3089139461517334}}