{"0": {"enters": 10, "count_subgroups": 195837, "sum_estimated_prob_of_next_k": 0, "sum_sr": 170591, "sum_time_spent_choosing_strategy": 0, "sum_time_estimating_p_vector": 0, "sum_time_loading_coverings": 0}, "1": {"enters": 25246, "count_subgroups": 126269, "sum_estimated_prob_of_next_k": 25187.444282758875, "sum_sr": 117870, "sum_time_spent_choosing_strategy": 116.93272829055786, "sum_time_estimating_p_vector": 4.197466850280762, "sum_time_loading_coverings": 8.303242206573486}, "2": {"enters": 8399, "count_subgroups": 42042, "sum_estimated_prob_of_next_k": 8355.734093088247, "sum_sr": 38915, "sum_time_spent_choosing_strategy": 22.817096948623657, "sum_time_estimating_p_vector": 1.3033576011657715, "sum_time_loading_coverings": 2.4144344329833984}, "3": {"enters": 3127, "count_subgroups": 15655, "sum_estimated_prob_of_next_k": 3102.4637270562366, "sum_sr": 14572, "sum_time_spent_choosing_strategy": 5.438201665878296, "sum_time_estimating_p_vector": 0.48769116401672363, "sum_time_loading_coverings": 0.810014009475708}, "4": {"enters": 1083, "count_subgroups": 5415, "sum_estimated_prob_of_next_k": 1067.6751378991478, "sum_sr": 4889, "sum_time_spent_choosing_strategy": 1.17985200881958, "sum_time_estimating_p_vector": 0.17138409614562988, "sum_time_loading_coverings": 0.2546877861022949}}