{"0": {"enters": 10, "count_subgroups": 198018, "sum_estimated_prob_of_next_k": 0, "sum_sr": 172559, "sum_time_spent_choosing_strategy": 0, "sum_time_estimating_p_vector": 0, "sum_time_loading_coverings": 0}, "1": {"enters": 25459, "count_subgroups": 127331, "sum_estimated_prob_of_next_k": 25400.624922405448, "sum_sr": 118829, "sum_time_spent_choosing_strategy": 122.90134406089783, "sum_time_estimating_p_vector": 4.593173980712891, "sum_time_loading_coverings": 8.87297248840332}, "2": {"enters": 8502, "count_subgroups": 42578, "sum_estimated_prob_of_next_k": 8458.508420096103, "sum_sr": 39633, "sum_time_spent_choosing_strategy": 23.931878805160522, "sum_time_estimating_p_vector": 1.3989055156707764, "sum_time_loading_coverings": 2.55954647064209}, "3": {"enters": 2945, "count_subgroups": 14765, "sum_estimated_prob_of_next_k": 2919.6375427814983, "sum_sr": 13591, "sum_time_spent_choosing_strategy": 5.289031744003296, "sum_time_estimating_p_vector": 0.486051082611084, "sum_time_loading_coverings": 0.798443078994751}, "4": {"enters": 1174, "count_subgroups": 5870, "sum_estimated_prob_of_next_k": 1157.9186608231948, "sum_sr": 5305, "sum_time_spent_choosing_strategy": 1.33119797706604, "sum_time_estimating_p_vector": 0.1973860263824463, "sum_time_loading_coverings": 0.28786635398864746}}