{"0": {"enters": 10, "count_subgroups": 194411, "sum_estimated_prob_of_next_k": 0, "sum_sr": 169016, "sum_time_spent_choosing_strategy": 0, "sum_time_estimating_p_vector": 0, "sum_time_loading_coverings": 0}, "1": {"enters": 25395, "count_subgroups": 127015, "sum_estimated_prob_of_next_k": 25334.385099114545, "sum_sr": 118093, "sum_time_spent_choosing_strategy": 121.47181272506714, "sum_time_estimating_p_vector": 4.521205425262451, "sum_time_loading_coverings": 8.876782655715942}, "2": {"enters": 8922, "count_subgroups": 44674, "sum_estimated_prob_of_next_k": 8875.192063945557, "sum_sr": 41287, "sum_time_spent_choosing_strategy": 24.939459323883057, "sum_time_estimating_p_vector": 1.4602749347686768, "sum_time_loading_coverings": 2.694397211074829}, "3": {"enters": 3387, "count_subgroups": 16983, "sum_estimated_prob_of_next_k": 3358.19445701595, "sum_sr": 15618, "sum_time_spent_choosing_strategy": 6.056747198104858, "sum_time_estimating_p_vector": 0.5584688186645508, "sum_time_loading_coverings": 0.9215621948242188}, "4": {"enters": 1365, "count_subgroups": 6824, "sum_estimated_prob_of_next_k": 1346.7037687585646, "sum_sr": 6173, "sum_time_spent_choosing_strategy": 1.525646448135376, "sum_time_estimating_p_vector": 0.22751379013061523, "sum_time_loading_coverings": 0.3372619152069092}}