{"0": {"enters": 10, "count_subgroups": 196108, "sum_estimated_prob_of_next_k": 0, "sum_sr": 170793, "sum_time_spent_choosing_strategy": 0, "sum_time_estimating_p_vector": 0, "sum_time_loading_coverings": 0}, "1": {"enters": 25315, "count_subgroups": 126602, "sum_estimated_prob_of_next_k": 25257.84797109307, "sum_sr": 118239, "sum_time_spent_choosing_strategy": 120.14032244682312, "sum_time_estimating_p_vector": 4.534856796264648, "sum_time_loading_coverings": 8.86347484588623}, "2": {"enters": 8363, "count_subgroups": 41869, "sum_estimated_prob_of_next_k": 8322.069655494308, "sum_sr": 38991, "sum_time_spent_choosing_strategy": 23.388508558273315, "sum_time_estimating_p_vector": 1.3672757148742676, "sum_time_loading_coverings": 2.5324628353118896}, "3": {"enters": 2878, "count_subgroups": 14409, "sum_estimated_prob_of_next_k": 2855.6233184440325, "sum_sr": 13397, "sum_time_spent_choosing_strategy": 5.142523765563965, "sum_time_estimating_p_vector": 0.4732091426849365, "sum_time_loading_coverings": 0.7840991020202637}, "4": {"enters": 1012, "count_subgroups": 5060, "sum_estimated_prob_of_next_k": 997.5383813262847, "sum_sr": 4580, "sum_time_spent_choosing_strategy": 1.1364233493804932, "sum_time_estimating_p_vector": 0.17175698280334473, "sum_time_loading_coverings": 0.25084710121154785}}