{"0": {"enters": 10, "count_subgroups": 200601, "sum_estimated_prob_of_next_k": 0, "sum_sr": 175149, "sum_time_spent_choosing_strategy": 0, "sum_time_estimating_p_vector": 0, "sum_time_loading_coverings": 0}, "1": {"enters": 25452, "count_subgroups": 127292, "sum_estimated_prob_of_next_k": 25393.05744814909, "sum_sr": 118998, "sum_time_spent_choosing_strategy": 119.49743700027466, "sum_time_estimating_p_vector": 4.329416275024414, "sum_time_loading_coverings": 8.494107961654663}, "2": {"enters": 8294, "count_subgroups": 41530, "sum_estimated_prob_of_next_k": 8250.499600169202, "sum_sr": 38616, "sum_time_spent_choosing_strategy": 22.8774151802063, "sum_time_estimating_p_vector": 1.3276793956756592, "sum_time_loading_coverings": 2.4219233989715576}, "3": {"enters": 2914, "count_subgroups": 14597, "sum_estimated_prob_of_next_k": 2891.2553372936763, "sum_sr": 13569, "sum_time_spent_choosing_strategy": 5.18855094909668, "sum_time_estimating_p_vector": 0.46638989448547363, "sum_time_loading_coverings": 0.766545295715332}, "4": {"enters": 1028, "count_subgroups": 5140, "sum_estimated_prob_of_next_k": 1015.0036112982056, "sum_sr": 4687, "sum_time_spent_choosing_strategy": 1.141096591949463, "sum_time_estimating_p_vector": 0.16942429542541504, "sum_time_loading_coverings": 0.24593877792358398}}