{"0": {"enters": 10, "count_subgroups": 198342, "sum_estimated_prob_of_next_k": 0, "sum_sr": 172428, "sum_time_spent_choosing_strategy": 0, "sum_time_estimating_p_vector": 0, "sum_time_loading_coverings": 0}, "1": {"enters": 25914, "count_subgroups": 129614, "sum_estimated_prob_of_next_k": 25849.915531694227, "sum_sr": 120533, "sum_time_spent_choosing_strategy": 122.42861318588257, "sum_time_estimating_p_vector": 4.364461898803711, "sum_time_loading_coverings": 8.59791350364685}, "2": {"enters": 9081, "count_subgroups": 45494, "sum_estimated_prob_of_next_k": 9032.052649282568, "sum_sr": 41991, "sum_time_spent_choosing_strategy": 25.077118396759033, "sum_time_estimating_p_vector": 1.4354417324066162, "sum_time_loading_coverings": 2.6380727291107178}, "3": {"enters": 3503, "count_subgroups": 17546, "sum_estimated_prob_of_next_k": 3473.6511009292476, "sum_sr": 16267, "sum_time_spent_choosing_strategy": 6.185850143432617, "sum_time_estimating_p_vector": 0.5549418926239014, "sum_time_loading_coverings": 0.9171261787414551}, "4": {"enters": 1279, "count_subgroups": 6395, "sum_estimated_prob_of_next_k": 1261.0545478703223, "sum_sr": 5827, "sum_time_spent_choosing_strategy": 1.401244878768921, "sum_time_estimating_p_vector": 0.20621752738952637, "sum_time_loading_coverings": 0.3014216423034668}}