{"1": {"enters": 1, "count_subgroups": 2, "sum_estimated_prob_of_next_k": 0.9953910399920269, "sum_sr": 2, "sum_time_spent_choosing_strategy": 0.000598907470703125, "sum_time_estimating_p_vector": 0.0011410713195800781, "sum_time_loading_coverings": 0.00027561187744140625}}