{"0": {"enters": 5, "count_subgroups": 2421, "sum_estimated_prob_of_next_k": 0, "sum_sr": 2137, "sum_time_spent_choosing_strategy": 0, "sum_time_estimating_p_vector": 0, "sum_time_loading_coverings": 0}, "1": {"enters": 284, "count_subgroups": 108491, "sum_estimated_prob_of_next_k": 259.4601933912418, "sum_sr": 108490, "sum_time_spent_choosing_strategy": 0.8354184627532959, "sum_time_estimating_p_vector": 0.06934666633605957, "sum_time_loading_coverings": 0.21424293518066406}, "2": {"enters": 1, "count_subgroups": 4, "sum_estimated_prob_of_next_k": 0.9999860017298836, "sum_sr": 4, "sum_time_spent_choosing_strategy": 0.0011260509490966797, "sum_time_estimating_p_vector": 0.00016927719116210938, "sum_time_loading_coverings": 0.0002777576446533203}}