{"0": {"enters": 5, "count_subgroups": 2422, "sum_estimated_prob_of_next_k": 0, "sum_sr": 2123, "sum_time_spent_choosing_strategy": 0, "sum_time_estimating_p_vector": 0, "sum_time_loading_coverings": 0}, "1": {"enters": 299, "count_subgroups": 134053, "sum_estimated_prob_of_next_k": 275.5300498617572, "sum_sr": 134050, "sum_time_spent_choosing_strategy": 0.8656973838806152, "sum_time_estimating_p_vector": 0.07394003868103027, "sum_time_loading_coverings": 0.2481093406677246}, "2": {"enters": 3, "count_subgroups": 12, "sum_estimated_prob_of_next_k": 2.999967629511506, "sum_sr": 11, "sum_time_spent_choosing_strategy": 0.0033948421478271484, "sum_time_estimating_p_vector": 0.0004782676696777344, "sum_time_loading_coverings": 0.0008404254913330078}, "3": {"enters": 1, "count_subgroups": 4, "sum_estimated_prob_of_next_k": 0.9999576511914081, "sum_sr": 4, "sum_time_spent_choosing_strategy": 0.0006237030029296875, "sum_time_estimating_p_vector": 0.00013566017150878906, "sum_time_loading_coverings": 0.0002410411834716797}}