{"0": {"enters": 5, "count_subgroups": 2424, "sum_estimated_prob_of_next_k": 0, "sum_sr": 2136, "sum_time_spent_choosing_strategy": 0, "sum_time_estimating_p_vector": 0, "sum_time_loading_coverings": 0}, "1": {"enters": 288, "count_subgroups": 209319, "sum_estimated_prob_of_next_k": 262.8396399773634, "sum_sr": 209313, "sum_time_spent_choosing_strategy": 0.8436794281005859, "sum_time_estimating_p_vector": 0.0735630989074707, "sum_time_loading_coverings": 0.3150336742401123}, "2": {"enters": 6, "count_subgroups": 24, "sum_estimated_prob_of_next_k": 5.999919861509442, "sum_sr": 24, "sum_time_spent_choosing_strategy": 0.006819725036621094, "sum_time_estimating_p_vector": 0.0011937618255615234, "sum_time_loading_coverings": 0.0017023086547851562}}