{"0": {"enters": 5, "count_subgroups": 2420, "sum_estimated_prob_of_next_k": 0, "sum_sr": 2114, "sum_time_spent_choosing_strategy": 0, "sum_time_estimating_p_vector": 0, "sum_time_loading_coverings": 0}, "1": {"enters": 306, "count_subgroups": 108084, "sum_estimated_prob_of_next_k": 280.41366059232325, "sum_sr": 108080, "sum_time_spent_choosing_strategy": 0.902777910232544, "sum_time_estimating_p_vector": 0.0735161304473877, "sum_time_loading_coverings": 0.22199273109436035}, "2": {"enters": 4, "count_subgroups": 16, "sum_estimated_prob_of_next_k": 3.999982318173292, "sum_sr": 16, "sum_time_spent_choosing_strategy": 0.004666566848754883, "sum_time_estimating_p_vector": 0.0007450580596923828, "sum_time_loading_coverings": 0.0010979175567626953}}