{"0": {"enters": 5, "count_subgroups": 2421, "sum_estimated_prob_of_next_k": 0, "sum_sr": 2149, "sum_time_spent_choosing_strategy": 0, "sum_time_estimating_p_vector": 0, "sum_time_loading_coverings": 0}, "1": {"enters": 272, "count_subgroups": 94150, "sum_estimated_prob_of_next_k": 249.9251700233494, "sum_sr": 94147, "sum_time_spent_choosing_strategy": 0.8165674209594727, "sum_time_estimating_p_vector": 0.07013392448425293, "sum_time_loading_coverings": 0.19878315925598145}, "2": {"enters": 3, "count_subgroups": 12, "sum_estimated_prob_of_next_k": 2.999888500037258, "sum_sr": 11, "sum_time_spent_choosing_strategy": 0.003107309341430664, "sum_time_estimating_p_vector": 0.0004935264587402344, "sum_time_loading_coverings": 0.0008034706115722656}, "3": {"enters": 1, "count_subgroups": 4, "sum_estimated_prob_of_next_k": 0.9999576511914081, "sum_sr": 4, "sum_time_spent_choosing_strategy": 0.0006377696990966797, "sum_time_estimating_p_vector": 0.00014448165893554688, "sum_time_loading_coverings": 0.0003292560577392578}}