{"0": {"enters": 5, "count_subgroups": 2423, "sum_estimated_prob_of_next_k": 0, "sum_sr": 2152, "sum_time_spent_choosing_strategy": 0, "sum_time_estimating_p_vector": 0, "sum_time_loading_coverings": 0}, "1": {"enters": 271, "count_subgroups": 167532, "sum_estimated_prob_of_next_k": 246.8276992967495, "sum_sr": 167527, "sum_time_spent_choosing_strategy": 0.793797492980957, "sum_time_estimating_p_vector": 0.06747245788574219, "sum_time_loading_coverings": 0.2628505229949951}, "2": {"enters": 5, "count_subgroups": 20, "sum_estimated_prob_of_next_k": 4.999555601836224, "sum_sr": 18, "sum_time_spent_choosing_strategy": 0.004935026168823242, "sum_time_estimating_p_vector": 0.0008268356323242188, "sum_time_loading_coverings": 0.0013341903686523438}, "3": {"enters": 2, "count_subgroups": 8, "sum_estimated_prob_of_next_k": 1.9997611339627337, "sum_sr": 7, "sum_time_spent_choosing_strategy": 0.0009684562683105469, "sum_time_estimating_p_vector": 0.00031447410583496094, "sum_time_loading_coverings": 0.0004487037658691406}, "4": {"enters": 1, "count_subgroups": 4, "sum_estimated_prob_of_next_k": 0.9997302113234673, "sum_sr": 4, "sum_time_spent_choosing_strategy": 0.0002925395965576172, "sum_time_estimating_p_vector": 0.0001392364501953125, "sum_time_loading_coverings": 0.00019407272338867188}}