{"0": {"enters": 5, "count_subgroups": 2420, "sum_estimated_prob_of_next_k": 0, "sum_sr": 2150, "sum_time_spent_choosing_strategy": 0, "sum_time_estimating_p_vector": 0, "sum_time_loading_coverings": 0}, "1": {"enters": 270, "count_subgroups": 181710, "sum_estimated_prob_of_next_k": 247.79997775283456, "sum_sr": 181704, "sum_time_spent_choosing_strategy": 0.7698390483856201, "sum_time_estimating_p_vector": 0.06636214256286621, "sum_time_loading_coverings": 0.2758610248565674}, "2": {"enters": 6, "count_subgroups": 24, "sum_estimated_prob_of_next_k": 5.999803347965313, "sum_sr": 24, "sum_time_spent_choosing_strategy": 0.0065402984619140625, "sum_time_estimating_p_vector": 0.0009949207305908203, "sum_time_loading_coverings": 0.0017361640930175781}}