{"0": {"enters": 10, "count_subgroups": 1495340, "sum_estimated_prob_of_next_k": 0, "sum_sr": 1440441, "sum_time_spent_choosing_strategy": 0, "sum_time_estimating_p_vector": 0, "sum_time_loading_coverings": 0}, "1": {"enters": 54899, "count_subgroups": 355165, "sum_estimated_prob_of_next_k": 53601.20327432728, "sum_sr": 327950, "sum_time_spent_choosing_strategy": 619.3154423236847, "sum_time_estimating_p_vector": 11.109204769134521, "sum_time_loading_coverings": 31.830894947052002}, "2": {"enters": 27215, "count_subgroups": 182119, "sum_estimated_prob_of_next_k": 26598.495926839834, "sum_sr": 165197, "sum_time_spent_choosing_strategy": 161.3274827003479, "sum_time_estimating_p_vector": 5.257197618484497, "sum_time_loading_coverings": 12.82300853729248}, "3": {"enters": 16922, "count_subgroups": 117095, "sum_estimated_prob_of_next_k": 16405.740537742444, "sum_sr": 103453, "sum_time_spent_choosing_strategy": 51.605650186538696, "sum_time_estimating_p_vector": 3.26826548576355, "sum_time_loading_coverings": 6.605865955352783}, "4": {"enters": 13642, "count_subgroups": 104668, "sum_estimated_prob_of_next_k": 13203.945171979807, "sum_sr": 92006, "sum_time_spent_choosing_strategy": 24.930480480194092, "sum_time_estimating_p_vector": 2.689785957336426, "sum_time_loading_coverings": 4.779803037643433}}