{"0": {"enters": 10, "count_subgroups": 1491968, "sum_estimated_prob_of_next_k": 0, "sum_sr": 1434440, "sum_time_spent_choosing_strategy": 0, "sum_time_estimating_p_vector": 0, "sum_time_loading_coverings": 0}, "1": {"enters": 57528, "count_subgroups": 372179, "sum_estimated_prob_of_next_k": 56158.13868366321, "sum_sr": 342090, "sum_time_spent_choosing_strategy": 649.7771904468536, "sum_time_estimating_p_vector": 12.12282657623291, "sum_time_loading_coverings": 34.15238356590271}, "2": {"enters": 30089, "count_subgroups": 202561, "sum_estimated_prob_of_next_k": 29398.095789891944, "sum_sr": 182951, "sum_time_spent_choosing_strategy": 174.3857765197754, "sum_time_estimating_p_vector": 5.907453298568726, "sum_time_loading_coverings": 14.336714029312134}, "3": {"enters": 19610, "count_subgroups": 136307, "sum_estimated_prob_of_next_k": 19005.659576384132, "sum_sr": 121001, "sum_time_spent_choosing_strategy": 57.458943128585815, "sum_time_estimating_p_vector": 3.8544886112213135, "sum_time_loading_coverings": 7.77539324760437}, "4": {"enters": 15306, "count_subgroups": 117541, "sum_estimated_prob_of_next_k": 14819.022747026616, "sum_sr": 105115, "sum_time_spent_choosing_strategy": 26.49213457107544, "sum_time_estimating_p_vector": 3.052532434463501, "sum_time_loading_coverings": 5.394465446472168}}