{"0": {"enters": 10, "count_subgroups": 1553898, "sum_estimated_prob_of_next_k": 0, "sum_sr": 1496849, "sum_time_spent_choosing_strategy": 0, "sum_time_estimating_p_vector": 0, "sum_time_loading_coverings": 0}, "1": {"enters": 57049, "count_subgroups": 369004, "sum_estimated_prob_of_next_k": 55684.787155144106, "sum_sr": 339423, "sum_time_spent_choosing_strategy": 641.4913017749786, "sum_time_estimating_p_vector": 11.912203550338745, "sum_time_loading_coverings": 33.7122802734375}, "2": {"enters": 29581, "count_subgroups": 198611, "sum_estimated_prob_of_next_k": 28917.35814676366, "sum_sr": 179399, "sum_time_spent_choosing_strategy": 168.9092321395874, "sum_time_estimating_p_vector": 5.746171236038208, "sum_time_loading_coverings": 13.961888551712036}, "3": {"enters": 19212, "count_subgroups": 133136, "sum_estimated_prob_of_next_k": 18622.55376219258, "sum_sr": 118353, "sum_time_spent_choosing_strategy": 56.36187744140625, "sum_time_estimating_p_vector": 3.7516376972198486, "sum_time_loading_coverings": 7.58476448059082}, "4": {"enters": 14783, "count_subgroups": 113505, "sum_estimated_prob_of_next_k": 14309.388466369961, "sum_sr": 101314, "sum_time_spent_choosing_strategy": 25.355180501937866, "sum_time_estimating_p_vector": 2.925535202026367, "sum_time_loading_coverings": 5.137583255767822}}