{"0": {"enters": 10, "count_subgroups": 1588863, "sum_estimated_prob_of_next_k": 0, "sum_sr": 1529289, "sum_time_spent_choosing_strategy": 0, "sum_time_estimating_p_vector": 0, "sum_time_loading_coverings": 0}, "1": {"enters": 59574, "count_subgroups": 384735, "sum_estimated_prob_of_next_k": 58136.72706879202, "sum_sr": 353088, "sum_time_spent_choosing_strategy": 660.5835819244385, "sum_time_estimating_p_vector": 12.675732135772705, "sum_time_loading_coverings": 34.99833011627197}, "2": {"enters": 31647, "count_subgroups": 213929, "sum_estimated_prob_of_next_k": 30911.96662927056, "sum_sr": 193567, "sum_time_spent_choosing_strategy": 178.83248710632324, "sum_time_estimating_p_vector": 6.259662628173828, "sum_time_loading_coverings": 14.885826587677002}, "3": {"enters": 20362, "count_subgroups": 142249, "sum_estimated_prob_of_next_k": 19723.630669161346, "sum_sr": 126507, "sum_time_spent_choosing_strategy": 58.71904516220093, "sum_time_estimating_p_vector": 4.038100719451904, "sum_time_loading_coverings": 8.078706741333008}, "4": {"enters": 15742, "count_subgroups": 121600, "sum_estimated_prob_of_next_k": 15239.817505975123, "sum_sr": 108813, "sum_time_spent_choosing_strategy": 26.661663055419922, "sum_time_estimating_p_vector": 3.1551952362060547, "sum_time_loading_coverings": 5.466491460800171}}