{"0": {"enters": 10, "count_subgroups": 1565124, "sum_estimated_prob_of_next_k": 0, "sum_sr": 1508525, "sum_time_spent_choosing_strategy": 0, "sum_time_estimating_p_vector": 0, "sum_time_loading_coverings": 0}, "1": {"enters": 56599, "count_subgroups": 366378, "sum_estimated_prob_of_next_k": 55241.87189392571, "sum_sr": 338288, "sum_time_spent_choosing_strategy": 639.1625735759735, "sum_time_estimating_p_vector": 11.374640703201294, "sum_time_loading_coverings": 32.44292378425598}, "2": {"enters": 28090, "count_subgroups": 188544, "sum_estimated_prob_of_next_k": 27444.867973680906, "sum_sr": 170939, "sum_time_spent_choosing_strategy": 165.72883772850037, "sum_time_estimating_p_vector": 5.3122169971466064, "sum_time_loading_coverings": 13.157382488250732}, "3": {"enters": 17605, "count_subgroups": 121818, "sum_estimated_prob_of_next_k": 17070.1774343099, "sum_sr": 107679, "sum_time_spent_choosing_strategy": 53.10507273674011, "sum_time_estimating_p_vector": 3.3363521099090576, "sum_time_loading_coverings": 6.835108995437622}, "4": {"enters": 14139, "count_subgroups": 108440, "sum_estimated_prob_of_next_k": 13697.618838492474, "sum_sr": 95086, "sum_time_spent_choosing_strategy": 25.97004222869873, "sum_time_estimating_p_vector": 2.75948429107666, "sum_time_loading_coverings": 4.935139417648315}}