{"0": {"enters": 10, "count_subgroups": 1500500, "sum_estimated_prob_of_next_k": 0, "sum_sr": 1443646, "sum_time_spent_choosing_strategy": 0, "sum_time_estimating_p_vector": 0, "sum_time_loading_coverings": 0}, "1": {"enters": 56854, "count_subgroups": 368097, "sum_estimated_prob_of_next_k": 55497.8144968464, "sum_sr": 339120, "sum_time_spent_choosing_strategy": 638.3715114593506, "sum_time_estimating_p_vector": 12.237335681915283, "sum_time_loading_coverings": 33.51109051704407}, "2": {"enters": 28977, "count_subgroups": 194617, "sum_estimated_prob_of_next_k": 28307.939252167, "sum_sr": 176159, "sum_time_spent_choosing_strategy": 165.83107542991638, "sum_time_estimating_p_vector": 5.77290678024292, "sum_time_loading_coverings": 13.699182033538818}, "3": {"enters": 18458, "count_subgroups": 127920, "sum_estimated_prob_of_next_k": 17888.733739692507, "sum_sr": 113467, "sum_time_spent_choosing_strategy": 54.13834762573242, "sum_time_estimating_p_vector": 3.697796583175659, "sum_time_loading_coverings": 7.2796244621276855}, "4": {"enters": 14453, "count_subgroups": 111287, "sum_estimated_prob_of_next_k": 13993.284580429949, "sum_sr": 98582, "sum_time_spent_choosing_strategy": 25.599846601486206, "sum_time_estimating_p_vector": 2.979104518890381, "sum_time_loading_coverings": 5.106212615966797}}