{"0": {"enters": 10, "count_subgroups": 1525695, "sum_estimated_prob_of_next_k": 0, "sum_sr": 1466624, "sum_time_spent_choosing_strategy": 0, "sum_time_estimating_p_vector": 0, "sum_time_loading_coverings": 0}, "1": {"enters": 59071, "count_subgroups": 381029, "sum_estimated_prob_of_next_k": 57662.2382490948, "sum_sr": 350604, "sum_time_spent_choosing_strategy": 654.772837638855, "sum_time_estimating_p_vector": 11.713589668273926, "sum_time_loading_coverings": 33.837658643722534}, "2": {"enters": 30425, "count_subgroups": 204214, "sum_estimated_prob_of_next_k": 29730.5291833807, "sum_sr": 185406, "sum_time_spent_choosing_strategy": 173.55280447006226, "sum_time_estimating_p_vector": 5.742278575897217, "sum_time_loading_coverings": 14.07192850112915}, "3": {"enters": 18808, "count_subgroups": 130307, "sum_estimated_prob_of_next_k": 18248.016800939156, "sum_sr": 116643, "sum_time_spent_choosing_strategy": 56.12164282798767, "sum_time_estimating_p_vector": 3.5538976192474365, "sum_time_loading_coverings": 7.286253213882446}, "4": {"enters": 13664, "count_subgroups": 104387, "sum_estimated_prob_of_next_k": 13247.166802998965, "sum_sr": 93306, "sum_time_spent_choosing_strategy": 24.433516263961792, "sum_time_estimating_p_vector": 2.612123489379883, "sum_time_loading_coverings": 4.712893009185791}}