{"0": {"enters": 10, "count_subgroups": 1577867, "sum_estimated_prob_of_next_k": 0, "sum_sr": 1518909, "sum_time_spent_choosing_strategy": 0, "sum_time_estimating_p_vector": 0, "sum_time_loading_coverings": 0}, "1": {"enters": 58958, "count_subgroups": 380819, "sum_estimated_prob_of_next_k": 57549.16119879729, "sum_sr": 350372, "sum_time_spent_choosing_strategy": 666.6398756504059, "sum_time_estimating_p_vector": 12.404974460601807, "sum_time_loading_coverings": 34.696969985961914}, "2": {"enters": 30447, "count_subgroups": 204648, "sum_estimated_prob_of_next_k": 29750.22997400467, "sum_sr": 185579, "sum_time_spent_choosing_strategy": 176.42944765090942, "sum_time_estimating_p_vector": 5.972511053085327, "sum_time_loading_coverings": 14.435116052627563}, "3": {"enters": 19069, "count_subgroups": 132154, "sum_estimated_prob_of_next_k": 18489.70895208725, "sum_sr": 117362, "sum_time_spent_choosing_strategy": 57.98414754867554, "sum_time_estimating_p_vector": 3.767167091369629, "sum_time_loading_coverings": 7.597639083862305}, "4": {"enters": 14792, "count_subgroups": 112947, "sum_estimated_prob_of_next_k": 14331.686792333003, "sum_sr": 98388, "sum_time_spent_choosing_strategy": 28.816118955612183, "sum_time_estimating_p_vector": 3.0372490882873535, "sum_time_loading_coverings": 5.358596563339233}}