{"0": {"enters": 5, "count_subgroups": 134842, "sum_estimated_prob_of_next_k": 0, "sum_sr": 128748, "sum_time_spent_choosing_strategy": 0, "sum_time_estimating_p_vector": 0, "sum_time_loading_coverings": 0}, "1": {"enters": 6094, "count_subgroups": 47493, "sum_estimated_prob_of_next_k": 5780.922860847632, "sum_sr": 47318, "sum_time_spent_choosing_strategy": 1.4093234539031982, "sum_time_estimating_p_vector": 1.0412919521331787, "sum_time_loading_coverings": 1.0223257541656494}, "2": {"enters": 175, "count_subgroups": 708, "sum_estimated_prob_of_next_k": 169.05171982807332, "sum_sr": 698, "sum_time_spent_choosing_strategy": 0.018993616104125977, "sum_time_estimating_p_vector": 0.026639461517333984, "sum_time_loading_coverings": 0.024158239364624023}, "3": {"enters": 10, "count_subgroups": 46, "sum_estimated_prob_of_next_k": 9.799610290760132, "sum_sr": 45, "sum_time_spent_choosing_strategy": 0.0005502700805664062, "sum_time_estimating_p_vector": 0.0014309883117675781, "sum_time_loading_coverings": 0.0010437965393066406}, "4": {"enters": 1, "count_subgroups": 4, "sum_estimated_prob_of_next_k": 0.627024779927745, "sum_sr": 4, "sum_time_spent_choosing_strategy": 1.1920928955078125e-05, "sum_time_estimating_p_vector": 0.00013494491577148438, "sum_time_loading_coverings": 6.413459777832031e-05}}