{"0": {"enters": 5, "count_subgroups": 134842, "sum_estimated_prob_of_next_k": 0, "sum_sr": 129108, "sum_time_spent_choosing_strategy": 0, "sum_time_estimating_p_vector": 0, "sum_time_loading_coverings": 0}, "1": {"enters": 5734, "count_subgroups": 42485, "sum_estimated_prob_of_next_k": 5446.519898748453, "sum_sr": 42304, "sum_time_spent_choosing_strategy": 1.3988151550292969, "sum_time_estimating_p_vector": 0.991013765335083, "sum_time_loading_coverings": 0.9598965644836426}, "2": {"enters": 181, "count_subgroups": 734, "sum_estimated_prob_of_next_k": 174.6129882337573, "sum_sr": 721, "sum_time_spent_choosing_strategy": 0.021277904510498047, "sum_time_estimating_p_vector": 0.027992963790893555, "sum_time_loading_coverings": 0.025580644607543945}, "3": {"enters": 13, "count_subgroups": 58, "sum_estimated_prob_of_next_k": 12.766122683324232, "sum_sr": 58, "sum_time_spent_choosing_strategy": 0.0008223056793212891, "sum_time_estimating_p_vector": 0.0018587112426757812, "sum_time_loading_coverings": 0.0013952255249023438}}