{"0": {"enters": 5, "count_subgroups": 134843, "sum_estimated_prob_of_next_k": 0, "sum_sr": 128898, "sum_time_spent_choosing_strategy": 0, "sum_time_estimating_p_vector": 0, "sum_time_loading_coverings": 0}, "1": {"enters": 5945, "count_subgroups": 45898, "sum_estimated_prob_of_next_k": 5643.174781955562, "sum_sr": 45712, "sum_time_spent_choosing_strategy": 1.4361791610717773, "sum_time_estimating_p_vector": 1.0537590980529785, "sum_time_loading_coverings": 1.0343892574310303}, "2": {"enters": 186, "count_subgroups": 760, "sum_estimated_prob_of_next_k": 179.7818707873833, "sum_sr": 750, "sum_time_spent_choosing_strategy": 0.021793127059936523, "sum_time_estimating_p_vector": 0.029157400131225586, "sum_time_loading_coverings": 0.026384353637695312}, "3": {"enters": 10, "count_subgroups": 44, "sum_estimated_prob_of_next_k": 9.816390426008738, "sum_sr": 44, "sum_time_spent_choosing_strategy": 0.0006363391876220703, "sum_time_estimating_p_vector": 0.0014576911926269531, "sum_time_loading_coverings": 0.0011081695556640625}}