{"0": {"enters": 5, "count_subgroups": 134840, "sum_estimated_prob_of_next_k": 0, "sum_sr": 129183, "sum_time_spent_choosing_strategy": 0, "sum_time_estimating_p_vector": 0, "sum_time_loading_coverings": 0}, "1": {"enters": 5657, "count_subgroups": 43275, "sum_estimated_prob_of_next_k": 5371.43581859076, "sum_sr": 43102, "sum_time_spent_choosing_strategy": 1.374119520187378, "sum_time_estimating_p_vector": 0.9813251495361328, "sum_time_loading_coverings": 0.9511590003967285}, "2": {"enters": 173, "count_subgroups": 700, "sum_estimated_prob_of_next_k": 166.75191061015212, "sum_sr": 689, "sum_time_spent_choosing_strategy": 0.019421100616455078, "sum_time_estimating_p_vector": 0.0268704891204834, "sum_time_loading_coverings": 0.023889541625976562}, "3": {"enters": 11, "count_subgroups": 53, "sum_estimated_prob_of_next_k": 10.701313126388584, "sum_sr": 53, "sum_time_spent_choosing_strategy": 0.0004856586456298828, "sum_time_estimating_p_vector": 0.0015149116516113281, "sum_time_loading_coverings": 0.0010793209075927734}}