{"0": {"enters": 5, "count_subgroups": 134840, "sum_estimated_prob_of_next_k": 0, "sum_sr": 128767, "sum_time_spent_choosing_strategy": 0, "sum_time_estimating_p_vector": 0, "sum_time_loading_coverings": 0}, "1": {"enters": 6073, "count_subgroups": 45685, "sum_estimated_prob_of_next_k": 5761.663222362668, "sum_sr": 45482, "sum_time_spent_choosing_strategy": 1.4708762168884277, "sum_time_estimating_p_vector": 1.0751714706420898, "sum_time_loading_coverings": 1.0307438373565674}, "2": {"enters": 203, "count_subgroups": 819, "sum_estimated_prob_of_next_k": 195.845981132451, "sum_sr": 814, "sum_time_spent_choosing_strategy": 0.02108311653137207, "sum_time_estimating_p_vector": 0.03119182586669922, "sum_time_loading_coverings": 0.026604652404785156}, "3": {"enters": 5, "count_subgroups": 22, "sum_estimated_prob_of_next_k": 4.914466352432882, "sum_sr": 22, "sum_time_spent_choosing_strategy": 0.0003180503845214844, "sum_time_estimating_p_vector": 0.0007107257843017578, "sum_time_loading_coverings": 0.0005328655242919922}}