{"0": {"enters": 5, "count_subgroups": 134844, "sum_estimated_prob_of_next_k": 0, "sum_sr": 128637, "sum_time_spent_choosing_strategy": 0, "sum_time_estimating_p_vector": 0, "sum_time_loading_coverings": 0}, "1": {"enters": 6207, "count_subgroups": 44317, "sum_estimated_prob_of_next_k": 5894.106877198532, "sum_sr": 44116, "sum_time_spent_choosing_strategy": 1.4588236808776855, "sum_time_estimating_p_vector": 1.0623259544372559, "sum_time_loading_coverings": 1.012728214263916}, "2": {"enters": 201, "count_subgroups": 810, "sum_estimated_prob_of_next_k": 193.4331758986103, "sum_sr": 800, "sum_time_spent_choosing_strategy": 0.019575119018554688, "sum_time_estimating_p_vector": 0.030529022216796875, "sum_time_loading_coverings": 0.026153087615966797}, "3": {"enters": 10, "count_subgroups": 46, "sum_estimated_prob_of_next_k": 9.75071181457439, "sum_sr": 46, "sum_time_spent_choosing_strategy": 0.0005083084106445312, "sum_time_estimating_p_vector": 0.001489877700805664, "sum_time_loading_coverings": 0.0011682510375976562}}