{"0": {"enters": 5, "count_subgroups": 134844, "sum_estimated_prob_of_next_k": 0, "sum_sr": 128735, "sum_time_spent_choosing_strategy": 0, "sum_time_estimating_p_vector": 0, "sum_time_loading_coverings": 0}, "1": {"enters": 6109, "count_subgroups": 44449, "sum_estimated_prob_of_next_k": 5791.974174541872, "sum_sr": 44252, "sum_time_spent_choosing_strategy": 1.4365763664245605, "sum_time_estimating_p_vector": 1.0294220447540283, "sum_time_loading_coverings": 0.9956443309783936}, "2": {"enters": 197, "count_subgroups": 802, "sum_estimated_prob_of_next_k": 190.94616930535696, "sum_sr": 792, "sum_time_spent_choosing_strategy": 0.020664453506469727, "sum_time_estimating_p_vector": 0.029163360595703125, "sum_time_loading_coverings": 0.025769948959350586}, "3": {"enters": 10, "count_subgroups": 44, "sum_estimated_prob_of_next_k": 9.686528734644652, "sum_sr": 44, "sum_time_spent_choosing_strategy": 0.0005497932434082031, "sum_time_estimating_p_vector": 0.001379251480102539, "sum_time_loading_coverings": 0.0011341571807861328}}