{"1": {"enters": 494, "count_subgroups": 3767, "sum_estimated_prob_of_next_k": 469.440991220085, "sum_sr": 3767, "sum_time_spent_choosing_strategy": 0.7462248802185059, "sum_time_estimating_p_vector": 0.08687663078308105, "sum_time_loading_coverings": 0.12646937370300293}}