{"1": {"enters": 524, "count_subgroups": 3830, "sum_estimated_prob_of_next_k": 494.9861776576535, "sum_sr": 3824, "sum_time_spent_choosing_strategy": 0.7913918495178223, "sum_time_estimating_p_vector": 0.09410881996154785, "sum_time_loading_coverings": 0.1375892162322998}}