{"1": {"enters": 509, "count_subgroups": 3855, "sum_estimated_prob_of_next_k": 481.39474710691087, "sum_sr": 3854, "sum_time_spent_choosing_strategy": 0.7082502841949463, "sum_time_estimating_p_vector": 0.08935546875, "sum_time_loading_coverings": 0.13018083572387695}}