{"1": {"enters": 491, "count_subgroups": 3587, "sum_estimated_prob_of_next_k": 465.43449626404697, "sum_sr": 3585, "sum_time_spent_choosing_strategy": 0.7467384338378906, "sum_time_estimating_p_vector": 0.0873115062713623, "sum_time_loading_coverings": 0.12636113166809082}}