{"1": {"enters": 510, "count_subgroups": 3982, "sum_estimated_prob_of_next_k": 481.80681689416343, "sum_sr": 3979, "sum_time_spent_choosing_strategy": 0.7715551853179932, "sum_time_estimating_p_vector": 0.09883880615234375, "sum_time_loading_coverings": 0.13671326637268066}}