{"1": {"enters": 519, "count_subgroups": 3891, "sum_estimated_prob_of_next_k": 491.05007625973354, "sum_sr": 3887, "sum_time_spent_choosing_strategy": 0.7605385780334473, "sum_time_estimating_p_vector": 0.10547184944152832, "sum_time_loading_coverings": 0.14141082763671875}}