{"1": {"enters": 476, "count_subgroups": 3569, "sum_estimated_prob_of_next_k": 448.11798097533404, "sum_sr": 3566, "sum_time_spent_choosing_strategy": 0.7455871105194092, "sum_time_estimating_p_vector": 0.08340740203857422, "sum_time_loading_coverings": 0.12177658081054688}}