{
    "1": {
        "enters": 2,
        "count_subgroups": 4,
        "sum_estimated_prob_of_next_k": 1.9937472361507727,
        "sum_sr": 4,
        "sum_time_spent_choosing_strategy": 0.0060884952545166016,
        "sum_time_estimating_p_vector": 0.0012469291687011719,
        "sum_time_loading_coverings": 0.0004456043243408203
    }
}