{"1": {"enters": 434, "count_subgroups": 14488, "sum_estimated_prob_of_next_k": 413.30746277569347, "sum_sr": 14485, "sum_time_spent_choosing_strategy": 0.5320899486541748, "sum_time_estimating_p_vector": 0.08044624328613281, "sum_time_loading_coverings": 0.1242058277130127}}