{"1": {"enters": 497, "count_subgroups": 69503, "sum_estimated_prob_of_next_k": 466.8764300633748, "sum_sr": 69497, "sum_time_spent_choosing_strategy": 0.7135543823242188, "sum_time_estimating_p_vector": 0.10677695274353027, "sum_time_loading_coverings": 0.2106459140777588}}