{"1": {"enters": 469, "count_subgroups": 39488, "sum_estimated_prob_of_next_k": 442.1980568901814, "sum_sr": 39485, "sum_time_spent_choosing_strategy": 0.7046406269073486, "sum_time_estimating_p_vector": 0.09067773818969727, "sum_time_loading_coverings": 0.17043805122375488}}