{"1": {"enters": 476, "count_subgroups": 18470, "sum_estimated_prob_of_next_k": 453.52389098962385, "sum_sr": 18468, "sum_time_spent_choosing_strategy": 0.589346170425415, "sum_time_estimating_p_vector": 0.10601687431335449, "sum_time_loading_coverings": 0.14983391761779785}}