{"1": {"enters": 451, "count_subgroups": 22857, "sum_estimated_prob_of_next_k": 429.2000753839066, "sum_sr": 22851, "sum_time_spent_choosing_strategy": 0.541684627532959, "sum_time_estimating_p_vector": 0.0848841667175293, "sum_time_loading_coverings": 0.1403062343597412}}