{"1": {"enters": 457, "count_subgroups": 15931, "sum_estimated_prob_of_next_k": 434.9172704087736, "sum_sr": 15926, "sum_time_spent_choosing_strategy": 0.5756185054779053, "sum_time_estimating_p_vector": 0.09372377395629883, "sum_time_loading_coverings": 0.13638806343078613}}