{"1": {"enters": 416, "count_subgroups": 14805, "sum_estimated_prob_of_next_k": 396.9205556916037, "sum_sr": 14805, "sum_time_spent_choosing_strategy": 0.5088868141174316, "sum_time_estimating_p_vector": 0.08262109756469727, "sum_time_loading_coverings": 0.12302398681640625}}