{"1": {"enters": 803, "count_subgroups": 7091, "sum_estimated_prob_of_next_k": 749.2284328425012, "sum_sr": 7089, "sum_time_spent_choosing_strategy": 1.2002854347229004, "sum_time_estimating_p_vector": 0.1400618553161621, "sum_time_loading_coverings": 0.20678472518920898}}