{"1": {"enters": 754, "count_subgroups": 6505, "sum_estimated_prob_of_next_k": 698.871705991347, "sum_sr": 6502, "sum_time_spent_choosing_strategy": 1.0691618919372559, "sum_time_estimating_p_vector": 0.13198161125183105, "sum_time_loading_coverings": 0.19587969779968262}}