{"1": {"enters": 801, "count_subgroups": 6741, "sum_estimated_prob_of_next_k": 748.7122878257284, "sum_sr": 6734, "sum_time_spent_choosing_strategy": 1.1985905170440674, "sum_time_estimating_p_vector": 0.13718557357788086, "sum_time_loading_coverings": 0.20689988136291504}}