{"1": {"enters": 799, "count_subgroups": 7075, "sum_estimated_prob_of_next_k": 747.641094209824, "sum_sr": 7072, "sum_time_spent_choosing_strategy": 1.1814894676208496, "sum_time_estimating_p_vector": 0.13701725006103516, "sum_time_loading_coverings": 0.20402002334594727}}