{"1": {"enters": 762, "count_subgroups": 6480, "sum_estimated_prob_of_next_k": 711.4955596861462, "sum_sr": 6472, "sum_time_spent_choosing_strategy": 1.1492891311645508, "sum_time_estimating_p_vector": 0.1334693431854248, "sum_time_loading_coverings": 0.19550538063049316}}