{"1": {"enters": 755, "count_subgroups": 6570, "sum_estimated_prob_of_next_k": 708.164546670281, "sum_sr": 6563, "sum_time_spent_choosing_strategy": 1.1380159854888916, "sum_time_estimating_p_vector": 0.14650321006774902, "sum_time_loading_coverings": 0.20573139190673828}}