{"1": {"enters": 792, "count_subgroups": 6902, "sum_estimated_prob_of_next_k": 737.9933878897174, "sum_sr": 6897, "sum_time_spent_choosing_strategy": 1.1771368980407715, "sum_time_estimating_p_vector": 0.1557004451751709, "sum_time_loading_coverings": 0.21515583992004395}}