{"0": {"enters": 6, "count_subgroups": 152728, "sum_estimated_prob_of_next_k": 0, "sum_sr": 136548, "sum_time_spent_choosing_strategy": 0, "sum_time_estimating_p_vector": 0, "sum_time_loading_coverings": 0}, "1": {"enters": 16180, "count_subgroups": 81061, "sum_estimated_prob_of_next_k": 16071.481175255205, "sum_sr": 73635, "sum_time_spent_choosing_strategy": 91.198894739151, "sum_time_estimating_p_vector": 3.1350557804107666, "sum_time_loading_coverings": 6.304836988449097}, "2": {"enters": 7426, "count_subgroups": 37508, "sum_estimated_prob_of_next_k": 7345.273936005919, "sum_sr": 33892, "sum_time_spent_choosing_strategy": 24.474199056625366, "sum_time_estimating_p_vector": 1.3651518821716309, "sum_time_loading_coverings": 2.525019407272339}, "3": {"enters": 3616, "count_subgroups": 18310, "sum_estimated_prob_of_next_k": 3567.564629841814, "sum_sr": 16495, "sum_time_spent_choosing_strategy": 7.452970266342163, "sum_time_estimating_p_vector": 0.6604366302490234, "sum_time_loading_coverings": 1.0945885181427002}, "4": {"enters": 1815, "count_subgroups": 9107, "sum_estimated_prob_of_next_k": 1775.6454156303978, "sum_sr": 8190, "sum_time_spent_choosing_strategy": 2.2779977321624756, "sum_time_estimating_p_vector": 0.32675790786743164, "sum_time_loading_coverings": 0.49270129203796387}, "5": {"enters": 917, "count_subgroups": 4672, "sum_estimated_prob_of_next_k": 890.7285203727203, "sum_sr": 4118, "sum_time_spent_choosing_strategy": 0.6828808784484863, "sum_time_estimating_p_vector": 0.15989065170288086, "sum_time_loading_coverings": 0.21944093704223633}, "6": {"enters": 554, "count_subgroups": 3229, "sum_estimated_prob_of_next_k": 542.1361600075883, "sum_sr": 2946, "sum_time_spent_choosing_strategy": 0.24254751205444336, "sum_time_estimating_p_vector": 0.09395337104797363, "sum_time_loading_coverings": 0.11774921417236328}, "7": {"enters": 283, "count_subgroups": 1883, "sum_estimated_prob_of_next_k": 276.2648563961856, "sum_sr": 1706, "sum_time_spent_choosing_strategy": 0.0671243667602539, "sum_time_estimating_p_vector": 0.046068668365478516, "sum_time_loading_coverings": 0.05133175849914551}, "8": {"enters": 177, "count_subgroups": 992, "sum_estimated_prob_of_next_k": 170.98168835223316, "sum_sr": 892, "sum_time_spent_choosing_strategy": 0.02153611183166504, "sum_time_estimating_p_vector": 0.02837514877319336, "sum_time_loading_coverings": 0.026725292205810547}, "9": {"enters": 100, "count_subgroups": 796, "sum_estimated_prob_of_next_k": 99.24253353236682, "sum_sr": 766, "sum_time_spent_choosing_strategy": 0.00657343864440918, "sum_time_estimating_p_vector": 0.016161203384399414, "sum_time_loading_coverings": 0.010754823684692383}, "10": {"enters": 30, "count_subgroups": 150, "sum_estimated_prob_of_next_k": 28.634638866480227, "sum_sr": 145, "sum_time_spent_choosing_strategy": 0.0008947849273681641, "sum_time_estimating_p_vector": 0.004679203033447266, "sum_time_loading_coverings": 0.0022401809692382812}, "11": {"enters": 5, "count_subgroups": 25, "sum_estimated_prob_of_next_k": 4.997148102706541, "sum_sr": 25, "sum_time_spent_choosing_strategy": 0.0001747608184814453, "sum_time_estimating_p_vector": 0.0008950233459472656, "sum_time_loading_coverings": 0.00045609474182128906}}