{"0": {"enters": 6, "count_subgroups": 152728, "sum_estimated_prob_of_next_k": 0, "sum_sr": 136329, "sum_time_spent_choosing_strategy": 0, "sum_time_estimating_p_vector": 0, "sum_time_loading_coverings": 0}, "1": {"enters": 16399, "count_subgroups": 82197, "sum_estimated_prob_of_next_k": 16284.462200195454, "sum_sr": 74476, "sum_time_spent_choosing_strategy": 93.14666676521301, "sum_time_estimating_p_vector": 3.198873281478882, "sum_time_loading_coverings": 6.466358184814453}, "2": {"enters": 7721, "count_subgroups": 39060, "sum_estimated_prob_of_next_k": 7627.966066496141, "sum_sr": 34968, "sum_time_spent_choosing_strategy": 25.277151584625244, "sum_time_estimating_p_vector": 1.4359452724456787, "sum_time_loading_coverings": 2.6605241298675537}, "3": {"enters": 4092, "count_subgroups": 20801, "sum_estimated_prob_of_next_k": 4031.3561475207052, "sum_sr": 18739, "sum_time_spent_choosing_strategy": 8.323381662368774, "sum_time_estimating_p_vector": 0.7547533512115479, "sum_time_loading_coverings": 1.250627040863037}, "4": {"enters": 2062, "count_subgroups": 10333, "sum_estimated_prob_of_next_k": 2014.1630198244677, "sum_sr": 9343, "sum_time_spent_choosing_strategy": 2.556682586669922, "sum_time_estimating_p_vector": 0.37480926513671875, "sum_time_loading_coverings": 0.5612900257110596}, "5": {"enters": 990, "count_subgroups": 5106, "sum_estimated_prob_of_next_k": 964.9767730273002, "sum_sr": 4571, "sum_time_spent_choosing_strategy": 0.7218306064605713, "sum_time_estimating_p_vector": 0.17327308654785156, "sum_time_loading_coverings": 0.24117040634155273}, "6": {"enters": 535, "count_subgroups": 3081, "sum_estimated_prob_of_next_k": 523.1681847136837, "sum_sr": 2801, "sum_time_spent_choosing_strategy": 0.22993063926696777, "sum_time_estimating_p_vector": 0.09243607521057129, "sum_time_loading_coverings": 0.11474418640136719}, "7": {"enters": 280, "count_subgroups": 1730, "sum_estimated_prob_of_next_k": 271.6709117016844, "sum_sr": 1585, "sum_time_spent_choosing_strategy": 0.06712961196899414, "sum_time_estimating_p_vector": 0.04718327522277832, "sum_time_loading_coverings": 0.05234217643737793}, "8": {"enters": 145, "count_subgroups": 773, "sum_estimated_prob_of_next_k": 139.94892306258402, "sum_sr": 702, "sum_time_spent_choosing_strategy": 0.020061492919921875, "sum_time_estimating_p_vector": 0.02471137046813965, "sum_time_loading_coverings": 0.02411937713623047}, "9": {"enters": 71, "count_subgroups": 468, "sum_estimated_prob_of_next_k": 70.06880388835228, "sum_sr": 425, "sum_time_spent_choosing_strategy": 0.005931377410888672, "sum_time_estimating_p_vector": 0.012418508529663086, "sum_time_loading_coverings": 0.009685277938842773}, "10": {"enters": 43, "count_subgroups": 239, "sum_estimated_prob_of_next_k": 40.55799061713922, "sum_sr": 208, "sum_time_spent_choosing_strategy": 0.0021321773529052734, "sum_time_estimating_p_vector": 0.007214546203613281, "sum_time_loading_coverings": 0.004387617111206055}, "11": {"enters": 31, "count_subgroups": 159, "sum_estimated_prob_of_next_k": 29.453622895337187, "sum_sr": 142, "sum_time_spent_choosing_strategy": 0.00113677978515625, "sum_time_estimating_p_vector": 0.005156278610229492, "sum_time_loading_coverings": 0.002677440643310547}, "12": {"enters": 17, "count_subgroups": 85, "sum_estimated_prob_of_next_k": 16.55106174976765, "sum_sr": 85, "sum_time_spent_choosing_strategy": 0.0005002021789550781, "sum_time_estimating_p_vector": 0.0029752254486083984, "sum_time_loading_coverings": 0.00142669677734375}}