{"0": {"enters": 6, "count_subgroups": 152728, "sum_estimated_prob_of_next_k": 0, "sum_sr": 136161, "sum_time_spent_choosing_strategy": 0, "sum_time_estimating_p_vector": 0, "sum_time_loading_coverings": 0}, "1": {"enters": 16567, "count_subgroups": 82973, "sum_estimated_prob_of_next_k": 16456.765674318693, "sum_sr": 75317, "sum_time_spent_choosing_strategy": 93.43085432052612, "sum_time_estimating_p_vector": 3.1815266609191895, "sum_time_loading_coverings": 6.590620040893555}, "2": {"enters": 7656, "count_subgroups": 38634, "sum_estimated_prob_of_next_k": 7572.006958787134, "sum_sr": 35088, "sum_time_spent_choosing_strategy": 25.22479796409607, "sum_time_estimating_p_vector": 1.4041762351989746, "sum_time_loading_coverings": 2.674670934677124}, "3": {"enters": 3546, "count_subgroups": 17918, "sum_estimated_prob_of_next_k": 3497.555798102181, "sum_sr": 16374, "sum_time_spent_choosing_strategy": 7.357901334762573, "sum_time_estimating_p_vector": 0.6474599838256836, "sum_time_loading_coverings": 1.095731496810913}, "4": {"enters": 1544, "count_subgroups": 7750, "sum_estimated_prob_of_next_k": 1510.138329501829, "sum_sr": 7007, "sum_time_spent_choosing_strategy": 1.9588427543640137, "sum_time_estimating_p_vector": 0.2783794403076172, "sum_time_loading_coverings": 0.42388367652893066}, "5": {"enters": 743, "count_subgroups": 3785, "sum_estimated_prob_of_next_k": 722.0696816646282, "sum_sr": 3386, "sum_time_spent_choosing_strategy": 0.5615737438201904, "sum_time_estimating_p_vector": 0.1314537525177002, "sum_time_loading_coverings": 0.18104052543640137}, "6": {"enters": 399, "count_subgroups": 2272, "sum_estimated_prob_of_next_k": 389.5020735543249, "sum_sr": 2049, "sum_time_spent_choosing_strategy": 0.17632508277893066, "sum_time_estimating_p_vector": 0.06895780563354492, "sum_time_loading_coverings": 0.08565258979797363}, "7": {"enters": 223, "count_subgroups": 1381, "sum_estimated_prob_of_next_k": 216.66361561832161, "sum_sr": 1304, "sum_time_spent_choosing_strategy": 0.055639028549194336, "sum_time_estimating_p_vector": 0.03731536865234375, "sum_time_loading_coverings": 0.04170346260070801}, "8": {"enters": 77, "count_subgroups": 404, "sum_estimated_prob_of_next_k": 73.31315870657562, "sum_sr": 374, "sum_time_spent_choosing_strategy": 0.010966062545776367, "sum_time_estimating_p_vector": 0.012748956680297852, "sum_time_loading_coverings": 0.01243901252746582}, "9": {"enters": 30, "count_subgroups": 192, "sum_estimated_prob_of_next_k": 29.5616208031983, "sum_sr": 188, "sum_time_spent_choosing_strategy": 0.0024695396423339844, "sum_time_estimating_p_vector": 0.0048065185546875, "sum_time_loading_coverings": 0.003801584243774414}, "10": {"enters": 4, "count_subgroups": 22, "sum_estimated_prob_of_next_k": 3.9017516228237854, "sum_sr": 22, "sum_time_spent_choosing_strategy": 0.0002346038818359375, "sum_time_estimating_p_vector": 0.0007143020629882812, "sum_time_loading_coverings": 0.00045371055603027344}}