{"0": {"enters": 6, "count_subgroups": 152728, "sum_estimated_prob_of_next_k": 0, "sum_sr": 135583, "sum_time_spent_choosing_strategy": 0, "sum_time_estimating_p_vector": 0, "sum_time_loading_coverings": 0}, "1": {"enters": 17145, "count_subgroups": 85941, "sum_estimated_prob_of_next_k": 17019.805354526095, "sum_sr": 77428, "sum_time_spent_choosing_strategy": 96.93826675415039, "sum_time_estimating_p_vector": 3.351958990097046, "sum_time_loading_coverings": 6.770719289779663}, "2": {"enters": 8513, "count_subgroups": 43019, "sum_estimated_prob_of_next_k": 8413.251415672465, "sum_sr": 38688, "sum_time_spent_choosing_strategy": 28.02532410621643, "sum_time_estimating_p_vector": 1.5885531902313232, "sum_time_loading_coverings": 2.9415597915649414}, "3": {"enters": 4331, "count_subgroups": 21934, "sum_estimated_prob_of_next_k": 4268.671845681716, "sum_sr": 19996, "sum_time_spent_choosing_strategy": 8.92350459098816, "sum_time_estimating_p_vector": 0.8040850162506104, "sum_time_loading_coverings": 1.3369710445404053}, "4": {"enters": 1938, "count_subgroups": 9717, "sum_estimated_prob_of_next_k": 1895.2296865835672, "sum_sr": 8872, "sum_time_spent_choosing_strategy": 2.438542604446411, "sum_time_estimating_p_vector": 0.35633015632629395, "sum_time_loading_coverings": 0.531280517578125}, "5": {"enters": 845, "count_subgroups": 4346, "sum_estimated_prob_of_next_k": 823.1683216829867, "sum_sr": 3897, "sum_time_spent_choosing_strategy": 0.6237552165985107, "sum_time_estimating_p_vector": 0.1508626937866211, "sum_time_loading_coverings": 0.20560741424560547}, "6": {"enters": 449, "count_subgroups": 2540, "sum_estimated_prob_of_next_k": 437.9028831271903, "sum_sr": 2320, "sum_time_spent_choosing_strategy": 0.19477391242980957, "sum_time_estimating_p_vector": 0.07918906211853027, "sum_time_loading_coverings": 0.09695839881896973}, "7": {"enters": 220, "count_subgroups": 1311, "sum_estimated_prob_of_next_k": 212.89629673609156, "sum_sr": 1195, "sum_time_spent_choosing_strategy": 0.054781198501586914, "sum_time_estimating_p_vector": 0.038023948669433594, "sum_time_loading_coverings": 0.04122138023376465}, "8": {"enters": 116, "count_subgroups": 599, "sum_estimated_prob_of_next_k": 111.83809054654382, "sum_sr": 547, "sum_time_spent_choosing_strategy": 0.0170900821685791, "sum_time_estimating_p_vector": 0.020125150680541992, "sum_time_loading_coverings": 0.023372650146484375}, "9": {"enters": 52, "count_subgroups": 330, "sum_estimated_prob_of_next_k": 51.298106883187025, "sum_sr": 310, "sum_time_spent_choosing_strategy": 0.004546403884887695, "sum_time_estimating_p_vector": 0.008656978607177734, "sum_time_loading_coverings": 0.006771564483642578}, "10": {"enters": 20, "count_subgroups": 120, "sum_estimated_prob_of_next_k": 18.910452892502363, "sum_sr": 111, "sum_time_spent_choosing_strategy": 0.0010056495666503906, "sum_time_estimating_p_vector": 0.003528594970703125, "sum_time_loading_coverings": 0.00212860107421875}, "11": {"enters": 9, "count_subgroups": 45, "sum_estimated_prob_of_next_k": 8.598722840242013, "sum_sr": 45, "sum_time_spent_choosing_strategy": 0.0002315044403076172, "sum_time_estimating_p_vector": 0.0014026165008544922, "sum_time_loading_coverings": 0.0008780956268310547}}