{"0": {"enters": 6, "count_subgroups": 152728, "sum_estimated_prob_of_next_k": 0, "sum_sr": 135866, "sum_time_spent_choosing_strategy": 0, "sum_time_estimating_p_vector": 0, "sum_time_loading_coverings": 0}, "1": {"enters": 16862, "count_subgroups": 84469, "sum_estimated_prob_of_next_k": 16748.445213595936, "sum_sr": 76182, "sum_time_spent_choosing_strategy": 94.69033074378967, "sum_time_estimating_p_vector": 3.285979986190796, "sum_time_loading_coverings": 6.671399116516113}, "2": {"enters": 8287, "count_subgroups": 41845, "sum_estimated_prob_of_next_k": 8196.645795614879, "sum_sr": 37338, "sum_time_spent_choosing_strategy": 27.20442819595337, "sum_time_estimating_p_vector": 1.5438344478607178, "sum_time_loading_coverings": 2.858701705932617}, "3": {"enters": 4507, "count_subgroups": 22871, "sum_estimated_prob_of_next_k": 4446.006707294564, "sum_sr": 20702, "sum_time_spent_choosing_strategy": 9.258342266082764, "sum_time_estimating_p_vector": 0.834658145904541, "sum_time_loading_coverings": 1.3772869110107422}, "4": {"enters": 2169, "count_subgroups": 10866, "sum_estimated_prob_of_next_k": 2116.76114416227, "sum_sr": 9741, "sum_time_spent_choosing_strategy": 2.7168376445770264, "sum_time_estimating_p_vector": 0.3959949016571045, "sum_time_loading_coverings": 0.5943658351898193}, "5": {"enters": 1125, "count_subgroups": 5806, "sum_estimated_prob_of_next_k": 1095.480601986616, "sum_sr": 5141, "sum_time_spent_choosing_strategy": 0.8330037593841553, "sum_time_estimating_p_vector": 0.19900846481323242, "sum_time_loading_coverings": 0.27125048637390137}, "6": {"enters": 665, "count_subgroups": 3809, "sum_estimated_prob_of_next_k": 649.1956939195637, "sum_sr": 3370, "sum_time_spent_choosing_strategy": 0.2864186763763428, "sum_time_estimating_p_vector": 0.11443924903869629, "sum_time_loading_coverings": 0.1395728588104248}, "7": {"enters": 439, "count_subgroups": 2665, "sum_estimated_prob_of_next_k": 424.30625482602545, "sum_sr": 2374, "sum_time_spent_choosing_strategy": 0.10473895072937012, "sum_time_estimating_p_vector": 0.07357072830200195, "sum_time_loading_coverings": 0.07918334007263184}, "8": {"enters": 291, "count_subgroups": 1596, "sum_estimated_prob_of_next_k": 281.4727184736451, "sum_sr": 1436, "sum_time_spent_choosing_strategy": 0.03771543502807617, "sum_time_estimating_p_vector": 0.04858088493347168, "sum_time_loading_coverings": 0.04514789581298828}, "9": {"enters": 160, "count_subgroups": 1190, "sum_estimated_prob_of_next_k": 158.44180213512834, "sum_sr": 1129, "sum_time_spent_choosing_strategy": 0.01121068000793457, "sum_time_estimating_p_vector": 0.02552652359008789, "sum_time_loading_coverings": 0.018250703811645508}, "10": {"enters": 61, "count_subgroups": 375, "sum_estimated_prob_of_next_k": 58.310475038124345, "sum_sr": 366, "sum_time_spent_choosing_strategy": 0.002084016799926758, "sum_time_estimating_p_vector": 0.009207487106323242, "sum_time_loading_coverings": 0.004538774490356445}, "11": {"enters": 9, "count_subgroups": 45, "sum_estimated_prob_of_next_k": 8.471354396498509, "sum_sr": 45, "sum_time_spent_choosing_strategy": 0.0002071857452392578, "sum_time_estimating_p_vector": 0.0013082027435302734, "sum_time_loading_coverings": 0.0005497932434082031}}