{"0": {"enters": 6, "count_subgroups": 152728, "sum_estimated_prob_of_next_k": 0, "sum_sr": 135994, "sum_time_spent_choosing_strategy": 0, "sum_time_estimating_p_vector": 0, "sum_time_loading_coverings": 0}, "1": {"enters": 16734, "count_subgroups": 83870, "sum_estimated_prob_of_next_k": 16619.78187844674, "sum_sr": 75482, "sum_time_spent_choosing_strategy": 94.1661114692688, "sum_time_estimating_p_vector": 3.240415096282959, "sum_time_loading_coverings": 6.551401376724243}, "2": {"enters": 8388, "count_subgroups": 42377, "sum_estimated_prob_of_next_k": 8292.45584613836, "sum_sr": 37977, "sum_time_spent_choosing_strategy": 27.635866403579712, "sum_time_estimating_p_vector": 1.5557944774627686, "sum_time_loading_coverings": 2.8752458095550537}, "3": {"enters": 4400, "count_subgroups": 22342, "sum_estimated_prob_of_next_k": 4338.007885415051, "sum_sr": 20256, "sum_time_spent_choosing_strategy": 9.040724992752075, "sum_time_estimating_p_vector": 0.8115143775939941, "sum_time_loading_coverings": 1.3406972885131836}, "4": {"enters": 2086, "count_subgroups": 10478, "sum_estimated_prob_of_next_k": 2033.1244824792993, "sum_sr": 9412, "sum_time_spent_choosing_strategy": 2.5814499855041504, "sum_time_estimating_p_vector": 0.3782322406768799, "sum_time_loading_coverings": 0.5649712085723877}, "5": {"enters": 1066, "count_subgroups": 5604, "sum_estimated_prob_of_next_k": 1038.964000876451, "sum_sr": 5028, "sum_time_spent_choosing_strategy": 0.7629611492156982, "sum_time_estimating_p_vector": 0.18849754333496094, "sum_time_loading_coverings": 0.2572486400604248}, "6": {"enters": 576, "count_subgroups": 3334, "sum_estimated_prob_of_next_k": 562.2746719941314, "sum_sr": 3008, "sum_time_spent_choosing_strategy": 0.24224591255187988, "sum_time_estimating_p_vector": 0.09884357452392578, "sum_time_loading_coverings": 0.12169051170349121}, "7": {"enters": 326, "count_subgroups": 1962, "sum_estimated_prob_of_next_k": 312.5064440061972, "sum_sr": 1790, "sum_time_spent_choosing_strategy": 0.07487320899963379, "sum_time_estimating_p_vector": 0.05433297157287598, "sum_time_loading_coverings": 0.05904793739318848}, "8": {"enters": 172, "count_subgroups": 956, "sum_estimated_prob_of_next_k": 166.51109007007355, "sum_sr": 880, "sum_time_spent_choosing_strategy": 0.02131056785583496, "sum_time_estimating_p_vector": 0.028205394744873047, "sum_time_loading_coverings": 0.02700066566467285}, "9": {"enters": 76, "count_subgroups": 519, "sum_estimated_prob_of_next_k": 74.59244762990741, "sum_sr": 492, "sum_time_spent_choosing_strategy": 0.0054399967193603516, "sum_time_estimating_p_vector": 0.0134735107421875, "sum_time_loading_coverings": 0.009907960891723633}, "10": {"enters": 27, "count_subgroups": 145, "sum_estimated_prob_of_next_k": 26.42673642010866, "sum_sr": 136, "sum_time_spent_choosing_strategy": 0.0011069774627685547, "sum_time_estimating_p_vector": 0.005078315734863281, "sum_time_loading_coverings": 0.002648591995239258}, "11": {"enters": 9, "count_subgroups": 45, "sum_estimated_prob_of_next_k": 8.797908663524687, "sum_sr": 44, "sum_time_spent_choosing_strategy": 0.00023174285888671875, "sum_time_estimating_p_vector": 0.0015943050384521484, "sum_time_loading_coverings": 0.0006229877471923828}, "12": {"enters": 1, "count_subgroups": 5, "sum_estimated_prob_of_next_k": 0.9606581891446777, "sum_sr": 5, "sum_time_spent_choosing_strategy": 1.8596649169921875e-05, "sum_time_estimating_p_vector": 0.00017905235290527344, "sum_time_loading_coverings": 5.459785461425781e-05}}