{"0": {"enters": 6, "count_subgroups": 152728, "sum_estimated_prob_of_next_k": 0, "sum_sr": 136634, "sum_time_spent_choosing_strategy": 0, "sum_time_estimating_p_vector": 0, "sum_time_loading_coverings": 0}, "1": {"enters": 16094, "count_subgroups": 80619, "sum_estimated_prob_of_next_k": 15985.260605700618, "sum_sr": 73097, "sum_time_spent_choosing_strategy": 90.69756722450256, "sum_time_estimating_p_vector": 3.2212536334991455, "sum_time_loading_coverings": 6.322626352310181}, "2": {"enters": 7522, "count_subgroups": 38017, "sum_estimated_prob_of_next_k": 7435.973713687915, "sum_sr": 34044, "sum_time_spent_choosing_strategy": 24.853709936141968, "sum_time_estimating_p_vector": 1.4315457344055176, "sum_time_loading_coverings": 2.582115888595581}, "3": {"enters": 3973, "count_subgroups": 20150, "sum_estimated_prob_of_next_k": 3915.8686746135777, "sum_sr": 18182, "sum_time_spent_choosing_strategy": 8.172544717788696, "sum_time_estimating_p_vector": 0.7480196952819824, "sum_time_loading_coverings": 1.2112042903900146}, "4": {"enters": 1968, "count_subgroups": 9880, "sum_estimated_prob_of_next_k": 1924.4810562791174, "sum_sr": 8868, "sum_time_spent_choosing_strategy": 2.4599547386169434, "sum_time_estimating_p_vector": 0.3670041561126709, "sum_time_loading_coverings": 0.5376067161560059}, "5": {"enters": 1012, "count_subgroups": 5181, "sum_estimated_prob_of_next_k": 985.6382953801725, "sum_sr": 4580, "sum_time_spent_choosing_strategy": 0.7546265125274658, "sum_time_estimating_p_vector": 0.18340110778808594, "sum_time_loading_coverings": 0.24692082405090332}, "6": {"enters": 601, "count_subgroups": 3468, "sum_estimated_prob_of_next_k": 588.0605636464616, "sum_sr": 3112, "sum_time_spent_choosing_strategy": 0.26688671112060547, "sum_time_estimating_p_vector": 0.10575485229492188, "sum_time_loading_coverings": 0.13022875785827637}, "7": {"enters": 356, "count_subgroups": 2143, "sum_estimated_prob_of_next_k": 343.5596047122638, "sum_sr": 1934, "sum_time_spent_choosing_strategy": 0.0859074592590332, "sum_time_estimating_p_vector": 0.060695648193359375, "sum_time_loading_coverings": 0.06600689888000488}, "8": {"enters": 209, "count_subgroups": 1140, "sum_estimated_prob_of_next_k": 201.5485602395116, "sum_sr": 1030, "sum_time_spent_choosing_strategy": 0.027123212814331055, "sum_time_estimating_p_vector": 0.0351715087890625, "sum_time_loading_coverings": 0.03316450119018555}, "9": {"enters": 110, "count_subgroups": 819, "sum_estimated_prob_of_next_k": 109.04051004680412, "sum_sr": 778, "sum_time_spent_choosing_strategy": 0.0073659420013427734, "sum_time_estimating_p_vector": 0.017820119857788086, "sum_time_loading_coverings": 0.012660026550292969}, "10": {"enters": 41, "count_subgroups": 225, "sum_estimated_prob_of_next_k": 39.516183074398086, "sum_sr": 204, "sum_time_spent_choosing_strategy": 0.0017654895782470703, "sum_time_estimating_p_vector": 0.007298946380615234, "sum_time_loading_coverings": 0.004103183746337891}, "11": {"enters": 21, "count_subgroups": 105, "sum_estimated_prob_of_next_k": 20.66104488385779, "sum_sr": 87, "sum_time_spent_choosing_strategy": 0.0006754398345947266, "sum_time_estimating_p_vector": 0.003914356231689453, "sum_time_loading_coverings": 0.0017809867858886719}, "12": {"enters": 18, "count_subgroups": 90, "sum_estimated_prob_of_next_k": 17.974682586108894, "sum_sr": 81, "sum_time_spent_choosing_strategy": 0.00048828125, "sum_time_estimating_p_vector": 0.003309488296508789, "sum_time_loading_coverings": 0.0013356208801269531}, "13": {"enters": 9, "count_subgroups": 45, "sum_estimated_prob_of_next_k": 8.999971651614034, "sum_sr": 45, "sum_time_spent_choosing_strategy": 0.000171661376953125, "sum_time_estimating_p_vector": 0.0016434192657470703, "sum_time_loading_coverings": 0.0004870891571044922}}