{"0": {"enters": 6, "count_subgroups": 152728, "sum_estimated_prob_of_next_k": 0, "sum_sr": 137488, "sum_time_spent_choosing_strategy": 0, "sum_time_estimating_p_vector": 0, "sum_time_loading_coverings": 0}, "1": {"enters": 15240, "count_subgroups": 76344, "sum_estimated_prob_of_next_k": 15138.623178245518, "sum_sr": 69718, "sum_time_spent_choosing_strategy": 90.06844472885132, "sum_time_estimating_p_vector": 3.03462553024292, "sum_time_loading_coverings": 5.981656312942505}, "2": {"enters": 6626, "count_subgroups": 33493, "sum_estimated_prob_of_next_k": 6551.624040142873, "sum_sr": 30330, "sum_time_spent_choosing_strategy": 22.810511350631714, "sum_time_estimating_p_vector": 1.2544467449188232, "sum_time_loading_coverings": 2.268237829208374}, "3": {"enters": 3163, "count_subgroups": 16019, "sum_estimated_prob_of_next_k": 3117.0194036852877, "sum_sr": 14688, "sum_time_spent_choosing_strategy": 6.794575214385986, "sum_time_estimating_p_vector": 0.5919027328491211, "sum_time_loading_coverings": 0.9569070339202881}, "4": {"enters": 1331, "count_subgroups": 6675, "sum_estimated_prob_of_next_k": 1299.704157805869, "sum_sr": 6156, "sum_time_spent_choosing_strategy": 1.7450168132781982, "sum_time_estimating_p_vector": 0.24522662162780762, "sum_time_loading_coverings": 0.3599839210510254}, "5": {"enters": 519, "count_subgroups": 2671, "sum_estimated_prob_of_next_k": 502.7391856189029, "sum_sr": 2450, "sum_time_spent_choosing_strategy": 0.3974130153656006, "sum_time_estimating_p_vector": 0.09283876419067383, "sum_time_loading_coverings": 0.12449431419372559}, "6": {"enters": 221, "count_subgroups": 1316, "sum_estimated_prob_of_next_k": 215.99850240072124, "sum_sr": 1217, "sum_time_spent_choosing_strategy": 0.09764575958251953, "sum_time_estimating_p_vector": 0.037848472595214844, "sum_time_loading_coverings": 0.04619145393371582}, "7": {"enters": 99, "count_subgroups": 604, "sum_estimated_prob_of_next_k": 95.37029434688449, "sum_sr": 554, "sum_time_spent_choosing_strategy": 0.02364349365234375, "sum_time_estimating_p_vector": 0.01677107810974121, "sum_time_loading_coverings": 0.017844200134277344}, "8": {"enters": 50, "count_subgroups": 281, "sum_estimated_prob_of_next_k": 48.470885905962, "sum_sr": 258, "sum_time_spent_choosing_strategy": 0.006659269332885742, "sum_time_estimating_p_vector": 0.008200645446777344, "sum_time_loading_coverings": 0.0076863765716552734}, "9": {"enters": 23, "count_subgroups": 193, "sum_estimated_prob_of_next_k": 22.834818180781966, "sum_sr": 180, "sum_time_spent_choosing_strategy": 0.0013265609741210938, "sum_time_estimating_p_vector": 0.003406047821044922, "sum_time_loading_coverings": 0.0023005008697509766}, "10": {"enters": 13, "count_subgroups": 65, "sum_estimated_prob_of_next_k": 12.038126230002792, "sum_sr": 65, "sum_time_spent_choosing_strategy": 0.00028014183044433594, "sum_time_estimating_p_vector": 0.0018448829650878906, "sum_time_loading_coverings": 0.000728607177734375}}