{"0": {"enters": 6, "count_subgroups": 152728, "sum_estimated_prob_of_next_k": 0, "sum_sr": 135994, "sum_time_spent_choosing_strategy": 0, "sum_time_estimating_p_vector": 0, "sum_time_loading_coverings": 0}, "1": {"enters": 16734, "count_subgroups": 83871, "sum_estimated_prob_of_next_k": 16618.952565258478, "sum_sr": 75242, "sum_time_spent_choosing_strategy": 95.20034050941467, "sum_time_estimating_p_vector": 3.2838456630706787, "sum_time_loading_coverings": 6.7455267906188965}, "2": {"enters": 8629, "count_subgroups": 43614, "sum_estimated_prob_of_next_k": 8533.982551699297, "sum_sr": 39167, "sum_time_spent_choosing_strategy": 28.800346851348877, "sum_time_estimating_p_vector": 1.598620891571045, "sum_time_loading_coverings": 3.0520029067993164}, "3": {"enters": 4447, "count_subgroups": 22565, "sum_estimated_prob_of_next_k": 4382.6126138368045, "sum_sr": 20477, "sum_time_spent_choosing_strategy": 9.215487480163574, "sum_time_estimating_p_vector": 0.8148856163024902, "sum_time_loading_coverings": 1.3896682262420654}, "4": {"enters": 2088, "count_subgroups": 10482, "sum_estimated_prob_of_next_k": 2029.2217383886978, "sum_sr": 9331, "sum_time_spent_choosing_strategy": 2.585608959197998, "sum_time_estimating_p_vector": 0.3750452995300293, "sum_time_loading_coverings": 0.5708999633789062}, "5": {"enters": 1151, "count_subgroups": 6078, "sum_estimated_prob_of_next_k": 1121.3097339300448, "sum_sr": 5393, "sum_time_spent_choosing_strategy": 0.8364279270172119, "sum_time_estimating_p_vector": 0.19962692260742188, "sum_time_loading_coverings": 0.27933239936828613}, "6": {"enters": 685, "count_subgroups": 3943, "sum_estimated_prob_of_next_k": 667.8064854765255, "sum_sr": 3543, "sum_time_spent_choosing_strategy": 0.28653860092163086, "sum_time_estimating_p_vector": 0.11635613441467285, "sum_time_loading_coverings": 0.14444327354431152}, "7": {"enters": 400, "count_subgroups": 2276, "sum_estimated_prob_of_next_k": 380.3760840776293, "sum_sr": 2037, "sum_time_spent_choosing_strategy": 0.09515500068664551, "sum_time_estimating_p_vector": 0.06588459014892578, "sum_time_loading_coverings": 0.07333016395568848}, "8": {"enters": 239, "count_subgroups": 1310, "sum_estimated_prob_of_next_k": 230.61350534719713, "sum_sr": 1209, "sum_time_spent_choosing_strategy": 0.030595779418945312, "sum_time_estimating_p_vector": 0.038721323013305664, "sum_time_loading_coverings": 0.03761935234069824}, "9": {"enters": 101, "count_subgroups": 698, "sum_estimated_prob_of_next_k": 99.6756502694763, "sum_sr": 646, "sum_time_spent_choosing_strategy": 0.00751948356628418, "sum_time_estimating_p_vector": 0.016881227493286133, "sum_time_loading_coverings": 0.013411283493041992}, "10": {"enters": 52, "count_subgroups": 280, "sum_estimated_prob_of_next_k": 47.98829446250703, "sum_sr": 240, "sum_time_spent_choosing_strategy": 0.0021393299102783203, "sum_time_estimating_p_vector": 0.009200811386108398, "sum_time_loading_coverings": 0.004912137985229492}, "11": {"enters": 40, "count_subgroups": 200, "sum_estimated_prob_of_next_k": 38.362987037887024, "sum_sr": 184, "sum_time_spent_choosing_strategy": 0.0011358261108398438, "sum_time_estimating_p_vector": 0.007390022277832031, "sum_time_loading_coverings": 0.003082752227783203}, "12": {"enters": 16, "count_subgroups": 80, "sum_estimated_prob_of_next_k": 15.374869782139822, "sum_sr": 75, "sum_time_spent_choosing_strategy": 0.00039458274841308594, "sum_time_estimating_p_vector": 0.0030181407928466797, "sum_time_loading_coverings": 0.0010962486267089844}, "13": {"enters": 5, "count_subgroups": 25, "sum_estimated_prob_of_next_k": 4.80038766244895, "sum_sr": 25, "sum_time_spent_choosing_strategy": 9.942054748535156e-05, "sum_time_estimating_p_vector": 0.0009326934814453125, "sum_time_loading_coverings": 0.0002772808074951172}}