{"0": {"enters": 6, "count_subgroups": 152728, "sum_estimated_prob_of_next_k": 0, "sum_sr": 136161, "sum_time_spent_choosing_strategy": 0, "sum_time_estimating_p_vector": 0, "sum_time_loading_coverings": 0}, "1": {"enters": 16567, "count_subgroups": 82974, "sum_estimated_prob_of_next_k": 16455.880184184567, "sum_sr": 74920, "sum_time_spent_choosing_strategy": 94.12536716461182, "sum_time_estimating_p_vector": 3.2184274196624756, "sum_time_loading_coverings": 6.557141542434692}, "2": {"enters": 8054, "count_subgroups": 40635, "sum_estimated_prob_of_next_k": 7967.322150190865, "sum_sr": 36959, "sum_time_spent_choosing_strategy": 26.937496662139893, "sum_time_estimating_p_vector": 1.4823861122131348, "sum_time_loading_coverings": 2.795534372329712}, "3": {"enters": 3676, "count_subgroups": 18555, "sum_estimated_prob_of_next_k": 3629.4446166602174, "sum_sr": 16887, "sum_time_spent_choosing_strategy": 7.685943841934204, "sum_time_estimating_p_vector": 0.6725218296051025, "sum_time_loading_coverings": 1.1337530612945557}, "4": {"enters": 1668, "count_subgroups": 8356, "sum_estimated_prob_of_next_k": 1635.382938349094, "sum_sr": 7517, "sum_time_spent_choosing_strategy": 2.169323205947876, "sum_time_estimating_p_vector": 0.3037686347961426, "sum_time_loading_coverings": 0.4589817523956299}, "5": {"enters": 839, "count_subgroups": 4265, "sum_estimated_prob_of_next_k": 817.2849354077855, "sum_sr": 3814, "sum_time_spent_choosing_strategy": 0.653728723526001, "sum_time_estimating_p_vector": 0.14927411079406738, "sum_time_loading_coverings": 0.2065107822418213}, "6": {"enters": 451, "count_subgroups": 2559, "sum_estimated_prob_of_next_k": 441.2758759294682, "sum_sr": 2317, "sum_time_spent_choosing_strategy": 0.20660924911499023, "sum_time_estimating_p_vector": 0.07792830467224121, "sum_time_loading_coverings": 0.09786677360534668}, "7": {"enters": 242, "count_subgroups": 1494, "sum_estimated_prob_of_next_k": 236.25492302318517, "sum_sr": 1395, "sum_time_spent_choosing_strategy": 0.0639047622680664, "sum_time_estimating_p_vector": 0.04118061065673828, "sum_time_loading_coverings": 0.04630422592163086}, "8": {"enters": 99, "count_subgroups": 513, "sum_estimated_prob_of_next_k": 95.6755950839635, "sum_sr": 488, "sum_time_spent_choosing_strategy": 0.01462697982788086, "sum_time_estimating_p_vector": 0.017347335815429688, "sum_time_loading_coverings": 0.01606464385986328}, "9": {"enters": 25, "count_subgroups": 154, "sum_estimated_prob_of_next_k": 24.701968989132627, "sum_sr": 144, "sum_time_spent_choosing_strategy": 0.0019855499267578125, "sum_time_estimating_p_vector": 0.004342555999755859, "sum_time_loading_coverings": 0.003132343292236328}, "10": {"enters": 10, "count_subgroups": 50, "sum_estimated_prob_of_next_k": 9.681061665272997, "sum_sr": 50, "sum_time_spent_choosing_strategy": 0.0004563331604003906, "sum_time_estimating_p_vector": 0.002016305923461914, "sum_time_loading_coverings": 0.0010323524475097656}}