{"0": {"enters": 6, "count_subgroups": 152728, "sum_estimated_prob_of_next_k": 0, "sum_sr": 136634, "sum_time_spent_choosing_strategy": 0, "sum_time_estimating_p_vector": 0, "sum_time_loading_coverings": 0}, "1": {"enters": 16094, "count_subgroups": 80625, "sum_estimated_prob_of_next_k": 15984.60544409505, "sum_sr": 72854, "sum_time_spent_choosing_strategy": 90.89570760726929, "sum_time_estimating_p_vector": 3.193551540374756, "sum_time_loading_coverings": 6.490644693374634}, "2": {"enters": 7771, "count_subgroups": 39232, "sum_estimated_prob_of_next_k": 7683.656576797371, "sum_sr": 35303, "sum_time_spent_choosing_strategy": 25.828752279281616, "sum_time_estimating_p_vector": 1.4536542892456055, "sum_time_loading_coverings": 2.7239277362823486}, "3": {"enters": 3929, "count_subgroups": 19900, "sum_estimated_prob_of_next_k": 3874.1333405889695, "sum_sr": 18005, "sum_time_spent_choosing_strategy": 8.08293080329895, "sum_time_estimating_p_vector": 0.7343599796295166, "sum_time_loading_coverings": 1.2269082069396973}, "4": {"enters": 1895, "count_subgroups": 9511, "sum_estimated_prob_of_next_k": 1850.654321870219, "sum_sr": 8399, "sum_time_spent_choosing_strategy": 2.3771421909332275, "sum_time_estimating_p_vector": 0.34906983375549316, "sum_time_loading_coverings": 0.5260193347930908}, "5": {"enters": 1112, "count_subgroups": 5733, "sum_estimated_prob_of_next_k": 1083.5751814573482, "sum_sr": 5110, "sum_time_spent_choosing_strategy": 0.830660343170166, "sum_time_estimating_p_vector": 0.19950032234191895, "sum_time_loading_coverings": 0.27344417572021484}, "6": {"enters": 623, "count_subgroups": 3549, "sum_estimated_prob_of_next_k": 610.1796988450953, "sum_sr": 3215, "sum_time_spent_choosing_strategy": 0.2744626998901367, "sum_time_estimating_p_vector": 0.10933351516723633, "sum_time_loading_coverings": 0.13683676719665527}, "7": {"enters": 334, "count_subgroups": 1971, "sum_estimated_prob_of_next_k": 321.46468034080215, "sum_sr": 1808, "sum_time_spent_choosing_strategy": 0.08149313926696777, "sum_time_estimating_p_vector": 0.05762910842895508, "sum_time_loading_coverings": 0.06274056434631348}, "8": {"enters": 163, "count_subgroups": 897, "sum_estimated_prob_of_next_k": 157.8315861508955, "sum_sr": 818, "sum_time_spent_choosing_strategy": 0.020739316940307617, "sum_time_estimating_p_vector": 0.02757716178894043, "sum_time_loading_coverings": 0.025713682174682617}, "9": {"enters": 79, "count_subgroups": 611, "sum_estimated_prob_of_next_k": 78.18769273290383, "sum_sr": 581, "sum_time_spent_choosing_strategy": 0.005386829376220703, "sum_time_estimating_p_vector": 0.01244044303894043, "sum_time_loading_coverings": 0.008750438690185547}, "10": {"enters": 30, "count_subgroups": 176, "sum_estimated_prob_of_next_k": 28.484721011675212, "sum_sr": 162, "sum_time_spent_choosing_strategy": 0.0010700225830078125, "sum_time_estimating_p_vector": 0.004873752593994141, "sum_time_loading_coverings": 0.002465963363647461}, "11": {"enters": 14, "count_subgroups": 70, "sum_estimated_prob_of_next_k": 13.8462211246723, "sum_sr": 66, "sum_time_spent_choosing_strategy": 0.0003247261047363281, "sum_time_estimating_p_vector": 0.0026187896728515625, "sum_time_loading_coverings": 0.000896453857421875}, "12": {"enters": 4, "count_subgroups": 20, "sum_estimated_prob_of_next_k": 3.9999870113144866, "sum_sr": 20, "sum_time_spent_choosing_strategy": 7.557868957519531e-05, "sum_time_estimating_p_vector": 0.0007178783416748047, "sum_time_loading_coverings": 0.00021314620971679688}}