{"0": {"enters": 6, "count_subgroups": 152728, "sum_estimated_prob_of_next_k": 0, "sum_sr": 136329, "sum_time_spent_choosing_strategy": 0, "sum_time_estimating_p_vector": 0, "sum_time_loading_coverings": 0}, "1": {"enters": 16399, "count_subgroups": 82199, "sum_estimated_prob_of_next_k": 16283.66039167571, "sum_sr": 74309, "sum_time_spent_choosing_strategy": 93.85201001167297, "sum_time_estimating_p_vector": 3.15714168548584, "sum_time_loading_coverings": 6.365241527557373}, "2": {"enters": 7890, "count_subgroups": 39867, "sum_estimated_prob_of_next_k": 7799.204974900325, "sum_sr": 35949, "sum_time_spent_choosing_strategy": 26.412311553955078, "sum_time_estimating_p_vector": 1.4585654735565186, "sum_time_loading_coverings": 2.6935620307922363}, "3": {"enters": 3918, "count_subgroups": 19901, "sum_estimated_prob_of_next_k": 3859.5090443344907, "sum_sr": 17882, "sum_time_spent_choosing_strategy": 8.102267503738403, "sum_time_estimating_p_vector": 0.718407154083252, "sum_time_loading_coverings": 1.1851072311401367}, "4": {"enters": 2019, "count_subgroups": 10136, "sum_estimated_prob_of_next_k": 1967.5611325958944, "sum_sr": 8975, "sum_time_spent_choosing_strategy": 2.5239152908325195, "sum_time_estimating_p_vector": 0.3634917736053467, "sum_time_loading_coverings": 0.5400974750518799}, "5": {"enters": 1161, "count_subgroups": 5981, "sum_estimated_prob_of_next_k": 1131.0598936175038, "sum_sr": 5369, "sum_time_spent_choosing_strategy": 0.8695578575134277, "sum_time_estimating_p_vector": 0.20455646514892578, "sum_time_loading_coverings": 0.27941203117370605}, "6": {"enters": 612, "count_subgroups": 3534, "sum_estimated_prob_of_next_k": 597.9959533919284, "sum_sr": 3203, "sum_time_spent_choosing_strategy": 0.2759420871734619, "sum_time_estimating_p_vector": 0.1059567928314209, "sum_time_loading_coverings": 0.12981033325195312}, "7": {"enters": 331, "count_subgroups": 2052, "sum_estimated_prob_of_next_k": 321.5553733547297, "sum_sr": 1850, "sum_time_spent_choosing_strategy": 0.08340263366699219, "sum_time_estimating_p_vector": 0.056034088134765625, "sum_time_loading_coverings": 0.06035971641540527}, "8": {"enters": 202, "count_subgroups": 1113, "sum_estimated_prob_of_next_k": 194.99732526256832, "sum_sr": 985, "sum_time_spent_choosing_strategy": 0.026166200637817383, "sum_time_estimating_p_vector": 0.03285360336303711, "sum_time_loading_coverings": 0.031554460525512695}, "9": {"enters": 128, "count_subgroups": 930, "sum_estimated_prob_of_next_k": 126.38429361759087, "sum_sr": 884, "sum_time_spent_choosing_strategy": 0.008502483367919922, "sum_time_estimating_p_vector": 0.02043461799621582, "sum_time_loading_coverings": 0.013839483261108398}, "10": {"enters": 46, "count_subgroups": 246, "sum_estimated_prob_of_next_k": 43.636202496216654, "sum_sr": 229, "sum_time_spent_choosing_strategy": 0.0016093254089355469, "sum_time_estimating_p_vector": 0.007685422897338867, "sum_time_loading_coverings": 0.003972768783569336}, "11": {"enters": 17, "count_subgroups": 85, "sum_estimated_prob_of_next_k": 16.182425244574294, "sum_sr": 82, "sum_time_spent_choosing_strategy": 0.00047707557678222656, "sum_time_estimating_p_vector": 0.0028638839721679688, "sum_time_loading_coverings": 0.0012288093566894531}, "12": {"enters": 3, "count_subgroups": 15, "sum_estimated_prob_of_next_k": 2.9239026469819467, "sum_sr": 15, "sum_time_spent_choosing_strategy": 8.678436279296875e-05, "sum_time_estimating_p_vector": 0.0005128383636474609, "sum_time_loading_coverings": 0.00022864341735839844}}