{"0": {"enters": 6, "count_subgroups": 152728, "sum_estimated_prob_of_next_k": 0, "sum_sr": 137488, "sum_time_spent_choosing_strategy": 0, "sum_time_estimating_p_vector": 0, "sum_time_loading_coverings": 0}, "1": {"enters": 15240, "count_subgroups": 76347, "sum_estimated_prob_of_next_k": 15137.96545985916, "sum_sr": 69503, "sum_time_spent_choosing_strategy": 85.46971130371094, "sum_time_estimating_p_vector": 2.8516438007354736, "sum_time_loading_coverings": 5.968742847442627}, "2": {"enters": 6844, "count_subgroups": 34571, "sum_estimated_prob_of_next_k": 6769.523685710629, "sum_sr": 31477, "sum_time_spent_choosing_strategy": 22.605695724487305, "sum_time_estimating_p_vector": 1.2325592041015625, "sum_time_loading_coverings": 2.3419275283813477}, "3": {"enters": 3094, "count_subgroups": 15647, "sum_estimated_prob_of_next_k": 3047.8068110742392, "sum_sr": 14269, "sum_time_spent_choosing_strategy": 6.321428060531616, "sum_time_estimating_p_vector": 0.5536119937896729, "sum_time_loading_coverings": 0.9378707408905029}, "4": {"enters": 1378, "count_subgroups": 6896, "sum_estimated_prob_of_next_k": 1344.5656628507552, "sum_sr": 6254, "sum_time_spent_choosing_strategy": 1.7242755889892578, "sum_time_estimating_p_vector": 0.24296283721923828, "sum_time_loading_coverings": 0.37329912185668945}, "5": {"enters": 642, "count_subgroups": 3298, "sum_estimated_prob_of_next_k": 624.0825480331747, "sum_sr": 2998, "sum_time_spent_choosing_strategy": 0.47889089584350586, "sum_time_estimating_p_vector": 0.10972356796264648, "sum_time_loading_coverings": 0.15459489822387695}, "6": {"enters": 300, "count_subgroups": 1754, "sum_estimated_prob_of_next_k": 293.0061123552705, "sum_sr": 1587, "sum_time_spent_choosing_strategy": 0.12498211860656738, "sum_time_estimating_p_vector": 0.04831218719482422, "sum_time_loading_coverings": 0.061614274978637695}, "7": {"enters": 167, "count_subgroups": 982, "sum_estimated_prob_of_next_k": 159.24398824380958, "sum_sr": 897, "sum_time_spent_choosing_strategy": 0.03694319725036621, "sum_time_estimating_p_vector": 0.0261991024017334, "sum_time_loading_coverings": 0.029630422592163086}, "8": {"enters": 85, "count_subgroups": 481, "sum_estimated_prob_of_next_k": 82.25405480009347, "sum_sr": 451, "sum_time_spent_choosing_strategy": 0.009915828704833984, "sum_time_estimating_p_vector": 0.012890338897705078, "sum_time_loading_coverings": 0.012039661407470703}, "9": {"enters": 30, "count_subgroups": 234, "sum_estimated_prob_of_next_k": 29.47549433041053, "sum_sr": 221, "sum_time_spent_choosing_strategy": 0.0017635822296142578, "sum_time_estimating_p_vector": 0.004543781280517578, "sum_time_loading_coverings": 0.003050565719604492}, "10": {"enters": 13, "count_subgroups": 65, "sum_estimated_prob_of_next_k": 11.855896589453693, "sum_sr": 61, "sum_time_spent_choosing_strategy": 0.0004305839538574219, "sum_time_estimating_p_vector": 0.0020058155059814453, "sum_time_loading_coverings": 0.0010247230529785156}, "11": {"enters": 4, "count_subgroups": 20, "sum_estimated_prob_of_next_k": 3.440708719763356, "sum_sr": 20, "sum_time_spent_choosing_strategy": 0.0001270771026611328, "sum_time_estimating_p_vector": 0.0007395744323730469, "sum_time_loading_coverings": 0.00036835670471191406}}