{"0": {"enters": 6, "count_subgroups": 152728, "sum_estimated_prob_of_next_k": 0, "sum_sr": 136548, "sum_time_spent_choosing_strategy": 0, "sum_time_estimating_p_vector": 0, "sum_time_loading_coverings": 0}, "1": {"enters": 16180, "count_subgroups": 81068, "sum_estimated_prob_of_next_k": 16070.91740027394, "sum_sr": 73468, "sum_time_spent_choosing_strategy": 91.09771680831909, "sum_time_estimating_p_vector": 3.055429697036743, "sum_time_loading_coverings": 6.280504465103149}, "2": {"enters": 7600, "count_subgroups": 38345, "sum_estimated_prob_of_next_k": 7516.761850872562, "sum_sr": 34618, "sum_time_spent_choosing_strategy": 25.191810131072998, "sum_time_estimating_p_vector": 1.3836708068847656, "sum_time_loading_coverings": 2.566098928451538}, "3": {"enters": 3727, "count_subgroups": 18870, "sum_estimated_prob_of_next_k": 3673.596448464904, "sum_sr": 17026, "sum_time_spent_choosing_strategy": 7.694028615951538, "sum_time_estimating_p_vector": 0.6770811080932617, "sum_time_loading_coverings": 1.1284735202789307}, "4": {"enters": 1844, "count_subgroups": 9237, "sum_estimated_prob_of_next_k": 1800.458095890608, "sum_sr": 8237, "sum_time_spent_choosing_strategy": 2.3275604248046875, "sum_time_estimating_p_vector": 0.32930898666381836, "sum_time_loading_coverings": 0.49332404136657715}, "5": {"enters": 1000, "count_subgroups": 5067, "sum_estimated_prob_of_next_k": 973.420546278841, "sum_sr": 4485, "sum_time_spent_choosing_strategy": 0.7590291500091553, "sum_time_estimating_p_vector": 0.17268753051757812, "sum_time_loading_coverings": 0.23950719833374023}, "6": {"enters": 582, "count_subgroups": 3324, "sum_estimated_prob_of_next_k": 570.6088456384714, "sum_sr": 2994, "sum_time_spent_choosing_strategy": 0.2668921947479248, "sum_time_estimating_p_vector": 0.0987844467163086, "sum_time_loading_coverings": 0.12273478507995605}, "7": {"enters": 330, "count_subgroups": 2053, "sum_estimated_prob_of_next_k": 323.9031136041889, "sum_sr": 1887, "sum_time_spent_choosing_strategy": 0.08819842338562012, "sum_time_estimating_p_vector": 0.055707693099975586, "sum_time_loading_coverings": 0.06150412559509277}, "8": {"enters": 166, "count_subgroups": 862, "sum_estimated_prob_of_next_k": 159.7335070982534, "sum_sr": 780, "sum_time_spent_choosing_strategy": 0.024622678756713867, "sum_time_estimating_p_vector": 0.027062416076660156, "sum_time_loading_coverings": 0.02660346031188965}, "9": {"enters": 82, "count_subgroups": 530, "sum_estimated_prob_of_next_k": 80.92551213244295, "sum_sr": 488, "sum_time_spent_choosing_strategy": 0.007019519805908203, "sum_time_estimating_p_vector": 0.013172626495361328, "sum_time_loading_coverings": 0.010205268859863281}, "10": {"enters": 42, "count_subgroups": 250, "sum_estimated_prob_of_next_k": 39.698266127329994, "sum_sr": 231, "sum_time_spent_choosing_strategy": 0.0018563270568847656, "sum_time_estimating_p_vector": 0.006778240203857422, "sum_time_loading_coverings": 0.003968000411987305}, "11": {"enters": 19, "count_subgroups": 95, "sum_estimated_prob_of_next_k": 18.306795957116265, "sum_sr": 91, "sum_time_spent_choosing_strategy": 0.0006296634674072266, "sum_time_estimating_p_vector": 0.0032455921173095703, "sum_time_loading_coverings": 0.0015480518341064453}, "12": {"enters": 4, "count_subgroups": 20, "sum_estimated_prob_of_next_k": 3.9976639959213083, "sum_sr": 20, "sum_time_spent_choosing_strategy": 0.00012540817260742188, "sum_time_estimating_p_vector": 0.0007052421569824219, "sum_time_loading_coverings": 0.0003304481506347656}}