{"0": {"enters": 6, "count_subgroups": 152728, "sum_estimated_prob_of_next_k": 0, "sum_sr": 135866, "sum_time_spent_choosing_strategy": 0, "sum_time_estimating_p_vector": 0, "sum_time_loading_coverings": 0}, "1": {"enters": 16862, "count_subgroups": 84473, "sum_estimated_prob_of_next_k": 16747.688889691817, "sum_sr": 75841, "sum_time_spent_choosing_strategy": 97.86399674415588, "sum_time_estimating_p_vector": 3.40368914604187, "sum_time_loading_coverings": 6.766783714294434}, "2": {"enters": 8632, "count_subgroups": 43569, "sum_estimated_prob_of_next_k": 8539.47259574289, "sum_sr": 39003, "sum_time_spent_choosing_strategy": 29.539327144622803, "sum_time_estimating_p_vector": 1.6265792846679688, "sum_time_loading_coverings": 2.996335506439209}, "3": {"enters": 4566, "count_subgroups": 23105, "sum_estimated_prob_of_next_k": 4505.20527739101, "sum_sr": 20965, "sum_time_spent_choosing_strategy": 9.729352235794067, "sum_time_estimating_p_vector": 0.8533420562744141, "sum_time_loading_coverings": 1.4106197357177734}, "4": {"enters": 2140, "count_subgroups": 10728, "sum_estimated_prob_of_next_k": 2090.3148275051076, "sum_sr": 9593, "sum_time_spent_choosing_strategy": 2.7988054752349854, "sum_time_estimating_p_vector": 0.3978874683380127, "sum_time_loading_coverings": 0.5836732387542725}, "5": {"enters": 1135, "count_subgroups": 5804, "sum_estimated_prob_of_next_k": 1105.9377787606586, "sum_sr": 5204, "sum_time_spent_choosing_strategy": 0.8945541381835938, "sum_time_estimating_p_vector": 0.2029438018798828, "sum_time_loading_coverings": 0.27442240715026855}, "6": {"enters": 600, "count_subgroups": 3419, "sum_estimated_prob_of_next_k": 588.4037935146783, "sum_sr": 3046, "sum_time_spent_choosing_strategy": 0.2860121726989746, "sum_time_estimating_p_vector": 0.1052100658416748, "sum_time_loading_coverings": 0.1294853687286377}, "7": {"enters": 373, "count_subgroups": 2321, "sum_estimated_prob_of_next_k": 364.8117260849324, "sum_sr": 2097, "sum_time_spent_choosing_strategy": 0.10050320625305176, "sum_time_estimating_p_vector": 0.06441521644592285, "sum_time_loading_coverings": 0.06781363487243652}, "8": {"enters": 224, "count_subgroups": 1171, "sum_estimated_prob_of_next_k": 213.49265294800477, "sum_sr": 1006, "sum_time_spent_choosing_strategy": 0.03219461441040039, "sum_time_estimating_p_vector": 0.037371158599853516, "sum_time_loading_coverings": 0.0351560115814209}, "9": {"enters": 165, "count_subgroups": 1144, "sum_estimated_prob_of_next_k": 162.5893747125647, "sum_sr": 1045, "sum_time_spent_choosing_strategy": 0.013016223907470703, "sum_time_estimating_p_vector": 0.02528667449951172, "sum_time_loading_coverings": 0.01911163330078125}, "10": {"enters": 99, "count_subgroups": 585, "sum_estimated_prob_of_next_k": 88.69953978349335, "sum_sr": 524, "sum_time_spent_choosing_strategy": 0.003856658935546875, "sum_time_estimating_p_vector": 0.01491403579711914, "sum_time_loading_coverings": 0.008558988571166992}, "11": {"enters": 61, "count_subgroups": 305, "sum_estimated_prob_of_next_k": 57.307392010201355, "sum_sr": 300, "sum_time_spent_choosing_strategy": 0.001466512680053711, "sum_time_estimating_p_vector": 0.008944034576416016, "sum_time_loading_coverings": 0.0035986900329589844}, "12": {"enters": 5, "count_subgroups": 25, "sum_estimated_prob_of_next_k": 4.865439402108682, "sum_sr": 25, "sum_time_spent_choosing_strategy": 0.00015687942504882812, "sum_time_estimating_p_vector": 0.0008881092071533203, "sum_time_loading_coverings": 0.000396728515625}}