{"0": {"enters": 6, "count_subgroups": 152728, "sum_estimated_prob_of_next_k": 0, "sum_sr": 135583, "sum_time_spent_choosing_strategy": 0, "sum_time_estimating_p_vector": 0, "sum_time_loading_coverings": 0}, "1": {"enters": 17145, "count_subgroups": 85946, "sum_estimated_prob_of_next_k": 17019.08756709645, "sum_sr": 77246, "sum_time_spent_choosing_strategy": 97.6471095085144, "sum_time_estimating_p_vector": 3.3391807079315186, "sum_time_loading_coverings": 6.846752882003784}, "2": {"enters": 8700, "count_subgroups": 43943, "sum_estimated_prob_of_next_k": 8601.777821342394, "sum_sr": 39684, "sum_time_spent_choosing_strategy": 29.257919788360596, "sum_time_estimating_p_vector": 1.6083543300628662, "sum_time_loading_coverings": 3.0208423137664795}, "3": {"enters": 4259, "count_subgroups": 21605, "sum_estimated_prob_of_next_k": 4198.604443277711, "sum_sr": 19509, "sum_time_spent_choosing_strategy": 8.87497615814209, "sum_time_estimating_p_vector": 0.7808668613433838, "sum_time_loading_coverings": 1.3156919479370117}, "4": {"enters": 2096, "count_subgroups": 10506, "sum_estimated_prob_of_next_k": 2044.625707871259, "sum_sr": 9477, "sum_time_spent_choosing_strategy": 2.658381700515747, "sum_time_estimating_p_vector": 0.37635016441345215, "sum_time_loading_coverings": 0.5780913829803467}, "5": {"enters": 1029, "count_subgroups": 5363, "sum_estimated_prob_of_next_k": 1002.829835982663, "sum_sr": 4796, "sum_time_spent_choosing_strategy": 0.7710976600646973, "sum_time_estimating_p_vector": 0.18082833290100098, "sum_time_loading_coverings": 0.25108790397644043}, "6": {"enters": 567, "count_subgroups": 3256, "sum_estimated_prob_of_next_k": 553.4321669665021, "sum_sr": 2903, "sum_time_spent_choosing_strategy": 0.24592328071594238, "sum_time_estimating_p_vector": 0.09695720672607422, "sum_time_loading_coverings": 0.12003827095031738}, "7": {"enters": 353, "count_subgroups": 2020, "sum_estimated_prob_of_next_k": 335.80586701723934, "sum_sr": 1775, "sum_time_spent_choosing_strategy": 0.08409810066223145, "sum_time_estimating_p_vector": 0.05887794494628906, "sum_time_loading_coverings": 0.06319332122802734}, "8": {"enters": 245, "count_subgroups": 1353, "sum_estimated_prob_of_next_k": 235.75539830780917, "sum_sr": 1213, "sum_time_spent_choosing_strategy": 0.031131982803344727, "sum_time_estimating_p_vector": 0.03945302963256836, "sum_time_loading_coverings": 0.038446664810180664}, "9": {"enters": 140, "count_subgroups": 1014, "sum_estimated_prob_of_next_k": 138.64333014835952, "sum_sr": 953, "sum_time_spent_choosing_strategy": 0.009963512420654297, "sum_time_estimating_p_vector": 0.02289605140686035, "sum_time_loading_coverings": 0.016415834426879883}, "10": {"enters": 61, "count_subgroups": 377, "sum_estimated_prob_of_next_k": 59.54618997059, "sum_sr": 352, "sum_time_spent_choosing_strategy": 0.002529144287109375, "sum_time_estimating_p_vector": 0.010485410690307617, "sum_time_loading_coverings": 0.00524449348449707}, "11": {"enters": 25, "count_subgroups": 125, "sum_estimated_prob_of_next_k": 23.58214148368175, "sum_sr": 119, "sum_time_spent_choosing_strategy": 0.0007119178771972656, "sum_time_estimating_p_vector": 0.004101753234863281, "sum_time_loading_coverings": 0.0018973350524902344}, "12": {"enters": 6, "count_subgroups": 30, "sum_estimated_prob_of_next_k": 5.682011649641225, "sum_sr": 30, "sum_time_spent_choosing_strategy": 0.00011801719665527344, "sum_time_estimating_p_vector": 0.0009558200836181641, "sum_time_loading_coverings": 0.00032138824462890625}}