{"0": {"enters": 5, "count_subgroups": 314631, "sum_estimated_prob_of_next_k": 0, "sum_sr": 300359, "sum_time_spent_choosing_strategy": 0, "sum_time_estimating_p_vector": 0, "sum_time_loading_coverings": 0}, "1": {"enters": 14272, "count_subgroups": 57088, "sum_estimated_prob_of_next_k": 14220.588092118183, "sum_sr": 54411, "sum_time_spent_choosing_strategy": 11.995855569839478, "sum_time_estimating_p_vector": 2.124804735183716, "sum_time_loading_coverings": 2.6094257831573486}, "2": {"enters": 2677, "count_subgroups": 10708, "sum_estimated_prob_of_next_k": 2613.7573505377545, "sum_sr": 9851, "sum_time_spent_choosing_strategy": 1.222923994064331, "sum_time_estimating_p_vector": 0.37478137016296387, "sum_time_loading_coverings": 0.4210851192474365}, "3": {"enters": 857, "count_subgroups": 3465, "sum_estimated_prob_of_next_k": 849.9901844192655, "sum_sr": 3329, "sum_time_spent_choosing_strategy": 0.24007868766784668, "sum_time_estimating_p_vector": 0.11544299125671387, "sum_time_loading_coverings": 0.11469364166259766}, "4": {"enters": 136, "count_subgroups": 544, "sum_estimated_prob_of_next_k": 132.7579907874048, "sum_sr": 520, "sum_time_spent_choosing_strategy": 0.019652605056762695, "sum_time_estimating_p_vector": 0.017541170120239258, "sum_time_loading_coverings": 0.0171201229095459}, "5": {"enters": 24, "count_subgroups": 119, "sum_estimated_prob_of_next_k": 23.9055776848296, "sum_sr": 113, "sum_time_spent_choosing_strategy": 0.0018405914306640625, "sum_time_estimating_p_vector": 0.0030019283294677734, "sum_time_loading_coverings": 0.002048492431640625}, "6": {"enters": 6, "count_subgroups": 24, "sum_estimated_prob_of_next_k": 5.7286473841937315, "sum_sr": 21, "sum_time_spent_choosing_strategy": 0.0001888275146484375, "sum_time_estimating_p_vector": 0.0007381439208984375, "sum_time_loading_coverings": 0.0003788471221923828}, "7": {"enters": 3, "count_subgroups": 12, "sum_estimated_prob_of_next_k": 2.9998400710032556, "sum_sr": 12, "sum_time_spent_choosing_strategy": 5.1021575927734375e-05, "sum_time_estimating_p_vector": 0.0004284381866455078, "sum_time_loading_coverings": 0.00011968612670898438}}