{"0": {"enters": 5, "count_subgroups": 314633, "sum_estimated_prob_of_next_k": 0, "sum_sr": 301172, "sum_time_spent_choosing_strategy": 0, "sum_time_estimating_p_vector": 0, "sum_time_loading_coverings": 0}, "1": {"enters": 13461, "count_subgroups": 53844, "sum_estimated_prob_of_next_k": 13411.49093083663, "sum_sr": 51473, "sum_time_spent_choosing_strategy": 11.380336999893188, "sum_time_estimating_p_vector": 2.013923168182373, "sum_time_loading_coverings": 2.452213764190674}, "2": {"enters": 2371, "count_subgroups": 9484, "sum_estimated_prob_of_next_k": 2314.7860306602893, "sum_sr": 8759, "sum_time_spent_choosing_strategy": 1.0585253238677979, "sum_time_estimating_p_vector": 0.33304452896118164, "sum_time_loading_coverings": 0.36709046363830566}, "3": {"enters": 725, "count_subgroups": 2927, "sum_estimated_prob_of_next_k": 719.6678300423451, "sum_sr": 2848, "sum_time_spent_choosing_strategy": 0.20330047607421875, "sum_time_estimating_p_vector": 0.09826302528381348, "sum_time_loading_coverings": 0.09739065170288086}, "4": {"enters": 79, "count_subgroups": 316, "sum_estimated_prob_of_next_k": 77.43511991002107, "sum_sr": 305, "sum_time_spent_choosing_strategy": 0.011124610900878906, "sum_time_estimating_p_vector": 0.010569334030151367, "sum_time_loading_coverings": 0.009820699691772461}, "5": {"enters": 11, "count_subgroups": 53, "sum_estimated_prob_of_next_k": 10.960222993687177, "sum_sr": 52, "sum_time_spent_choosing_strategy": 0.0007898807525634766, "sum_time_estimating_p_vector": 0.0013082027435302734, "sum_time_loading_coverings": 0.001016855239868164}, "6": {"enters": 1, "count_subgroups": 4, "sum_estimated_prob_of_next_k": 0.933926350723952, "sum_sr": 4, "sum_time_spent_choosing_strategy": 3.170967102050781e-05, "sum_time_estimating_p_vector": 0.00011277198791503906, "sum_time_loading_coverings": 6.341934204101562e-05}}