{"0": {"enters": 5, "count_subgroups": 314631, "sum_estimated_prob_of_next_k": 0, "sum_sr": 300545, "sum_time_spent_choosing_strategy": 0, "sum_time_estimating_p_vector": 0, "sum_time_loading_coverings": 0}, "1": {"enters": 14086, "count_subgroups": 56344, "sum_estimated_prob_of_next_k": 14034.330131768107, "sum_sr": 53461, "sum_time_spent_choosing_strategy": 12.231152534484863, "sum_time_estimating_p_vector": 2.0987956523895264, "sum_time_loading_coverings": 2.547363042831421}, "2": {"enters": 2883, "count_subgroups": 11532, "sum_estimated_prob_of_next_k": 2811.0336874889604, "sum_sr": 10539, "sum_time_spent_choosing_strategy": 1.3368055820465088, "sum_time_estimating_p_vector": 0.3995335102081299, "sum_time_loading_coverings": 0.4468402862548828}, "3": {"enters": 993, "count_subgroups": 4013, "sum_estimated_prob_of_next_k": 984.5440117049417, "sum_sr": 3818, "sum_time_spent_choosing_strategy": 0.2815279960632324, "sum_time_estimating_p_vector": 0.1319293975830078, "sum_time_loading_coverings": 0.13174700736999512}, "4": {"enters": 195, "count_subgroups": 780, "sum_estimated_prob_of_next_k": 189.86808720819946, "sum_sr": 725, "sum_time_spent_choosing_strategy": 0.028171539306640625, "sum_time_estimating_p_vector": 0.02477407455444336, "sum_time_loading_coverings": 0.024508953094482422}, "5": {"enters": 55, "count_subgroups": 272, "sum_estimated_prob_of_next_k": 54.74677090262751, "sum_sr": 257, "sum_time_spent_choosing_strategy": 0.004208564758300781, "sum_time_estimating_p_vector": 0.006549358367919922, "sum_time_loading_coverings": 0.004642486572265625}, "6": {"enters": 15, "count_subgroups": 62, "sum_estimated_prob_of_next_k": 14.140001226797212, "sum_sr": 57, "sum_time_spent_choosing_strategy": 0.0005202293395996094, "sum_time_estimating_p_vector": 0.0016968250274658203, "sum_time_loading_coverings": 0.0009596347808837891}, "7": {"enters": 5, "count_subgroups": 20, "sum_estimated_prob_of_next_k": 4.928448726340987, "sum_sr": 20, "sum_time_spent_choosing_strategy": 9.036064147949219e-05, "sum_time_estimating_p_vector": 0.0005695819854736328, "sum_time_loading_coverings": 0.00028061866760253906}}