{"0": {"enters": 10, "count_subgroups": 2035, "sum_estimated_prob_of_next_k": 0, "sum_sr": 645, "sum_time_spent_choosing_strategy": 0, "sum_time_estimating_p_vector": 0, "sum_time_loading_coverings": 0}, "1": {"enters": 1390, "count_subgroups": 8297, "sum_estimated_prob_of_next_k": 1387.2733075642284, "sum_sr": 6048, "sum_time_spent_choosing_strategy": 6.302051544189453, "sum_time_estimating_p_vector": 0.4166083335876465, "sum_time_loading_coverings": 0.7078168392181396}, "2": {"enters": 2249, "count_subgroups": 13481, "sum_estimated_prob_of_next_k": 2243.6215772120536, "sum_sr": 10755, "sum_time_spent_choosing_strategy": 6.712900876998901, "sum_time_estimating_p_vector": 0.6160516738891602, "sum_time_loading_coverings": 1.0418193340301514}, "3": {"enters": 2726, "count_subgroups": 16343, "sum_estimated_prob_of_next_k": 2718.5262704771153, "sum_sr": 14254, "sum_time_spent_choosing_strategy": 5.635825157165527, "sum_time_estimating_p_vector": 0.7408008575439453, "sum_time_loading_coverings": 1.149472713470459}, "4": {"enters": 2089, "count_subgroups": 12558, "sum_estimated_prob_of_next_k": 2079.5253286543143, "sum_sr": 11208, "sum_time_spent_choosing_strategy": 3.1315488815307617, "sum_time_estimating_p_vector": 0.5837833881378174, "sum_time_loading_coverings": 0.81475830078125}}