{"0": {"enters": 10, "count_subgroups": 2045, "sum_estimated_prob_of_next_k": 0, "sum_sr": 639, "sum_time_spent_choosing_strategy": 0, "sum_time_estimating_p_vector": 0, "sum_time_loading_coverings": 0}, "1": {"enters": 1406, "count_subgroups": 8396, "sum_estimated_prob_of_next_k": 1403.385131462717, "sum_sr": 6072, "sum_time_spent_choosing_strategy": 5.995301246643066, "sum_time_estimating_p_vector": 0.34925246238708496, "sum_time_loading_coverings": 0.6513998508453369}, "2": {"enters": 2324, "count_subgroups": 13931, "sum_estimated_prob_of_next_k": 2319.22915508845, "sum_sr": 11422, "sum_time_spent_choosing_strategy": 6.554159879684448, "sum_time_estimating_p_vector": 0.5327305793762207, "sum_time_loading_coverings": 0.9809629917144775}, "3": {"enters": 2509, "count_subgroups": 15043, "sum_estimated_prob_of_next_k": 2502.7940687544265, "sum_sr": 12925, "sum_time_spent_choosing_strategy": 4.946956396102905, "sum_time_estimating_p_vector": 0.5880072116851807, "sum_time_loading_coverings": 0.9699244499206543}, "4": {"enters": 2118, "count_subgroups": 12727, "sum_estimated_prob_of_next_k": 2109.700383145579, "sum_sr": 11158, "sum_time_spent_choosing_strategy": 3.127596855163574, "sum_time_estimating_p_vector": 0.524559497833252, "sum_time_loading_coverings": 0.7640049457550049}}