{"0": {"enters": 9, "count_subgroups": 1864, "sum_estimated_prob_of_next_k": 0, "sum_sr": 526, "sum_time_spent_choosing_strategy": 0, "sum_time_estimating_p_vector": 0, "sum_time_loading_coverings": 0}, "1": {"enters": 1338, "count_subgroups": 7989, "sum_estimated_prob_of_next_k": 1335.4812625200434, "sum_sr": 5716, "sum_time_spent_choosing_strategy": 5.694330453872681, "sum_time_estimating_p_vector": 0.35490846633911133, "sum_time_loading_coverings": 0.6215081214904785}, "2": {"enters": 2273, "count_subgroups": 13632, "sum_estimated_prob_of_next_k": 2268.0514949503645, "sum_sr": 11005, "sum_time_spent_choosing_strategy": 6.4129955768585205, "sum_time_estimating_p_vector": 0.5569005012512207, "sum_time_loading_coverings": 0.9724819660186768}, "3": {"enters": 2627, "count_subgroups": 15742, "sum_estimated_prob_of_next_k": 2620.5126501062564, "sum_sr": 13620, "sum_time_spent_choosing_strategy": 5.2487170696258545, "sum_time_estimating_p_vector": 0.6786501407623291, "sum_time_loading_coverings": 1.0476205348968506}, "4": {"enters": 2122, "count_subgroups": 12753, "sum_estimated_prob_of_next_k": 2112.569581348075, "sum_sr": 10965, "sum_time_spent_choosing_strategy": 3.38288950920105, "sum_time_estimating_p_vector": 0.594275712966919, "sum_time_loading_coverings": 0.801790714263916}}