{"0": {"enters": 9, "count_subgroups": 2044, "sum_estimated_prob_of_next_k": 0, "sum_sr": 639, "sum_time_spent_choosing_strategy": 0, "sum_time_estimating_p_vector": 0, "sum_time_loading_coverings": 0}, "1": {"enters": 1405, "count_subgroups": 8395, "sum_estimated_prob_of_next_k": 1402.463925036753, "sum_sr": 6072, "sum_time_spent_choosing_strategy": 5.976795673370361, "sum_time_estimating_p_vector": 0.3487701416015625, "sum_time_loading_coverings": 0.6506915092468262}, "2": {"enters": 2323, "count_subgroups": 13930, "sum_estimated_prob_of_next_k": 2318.2636784316915, "sum_sr": 11422, "sum_time_spent_choosing_strategy": 6.5416419506073, "sum_time_estimating_p_vector": 0.5325214862823486, "sum_time_loading_coverings": 0.9803869724273682}, "3": {"enters": 2508, "count_subgroups": 15039, "sum_estimated_prob_of_next_k": 2501.8416030678995, "sum_sr": 12925, "sum_time_spent_choosing_strategy": 4.9392523765563965, "sum_time_estimating_p_vector": 0.587836742401123, "sum_time_loading_coverings": 0.9693484306335449}, "4": {"enters": 2114, "count_subgroups": 12704, "sum_estimated_prob_of_next_k": 2105.7374255944064, "sum_sr": 11158, "sum_time_spent_choosing_strategy": 3.1049041748046875, "sum_time_estimating_p_vector": 0.5227475166320801, "sum_time_loading_coverings": 0.7618346214294434}}