{"0": {"enters": 9, "count_subgroups": 1820, "sum_estimated_prob_of_next_k": 0, "sum_sr": 581, "sum_time_spent_choosing_strategy": 0, "sum_time_estimating_p_vector": 0, "sum_time_loading_coverings": 0}, "1": {"enters": 1239, "count_subgroups": 7401, "sum_estimated_prob_of_next_k": 1236.0399844742049, "sum_sr": 5493, "sum_time_spent_choosing_strategy": 5.33236837387085, "sum_time_estimating_p_vector": 0.3381636142730713, "sum_time_loading_coverings": 0.6031622886657715}, "2": {"enters": 1908, "count_subgroups": 11455, "sum_estimated_prob_of_next_k": 1902.371274269381, "sum_sr": 9281, "sum_time_spent_choosing_strategy": 5.428133249282837, "sum_time_estimating_p_vector": 0.47550368309020996, "sum_time_loading_coverings": 0.8510096073150635}, "3": {"enters": 2174, "count_subgroups": 13040, "sum_estimated_prob_of_next_k": 2165.5458723349207, "sum_sr": 10814, "sum_time_spent_choosing_strategy": 4.260146379470825, "sum_time_estimating_p_vector": 0.553868293762207, "sum_time_loading_coverings": 0.8687441349029541}, "4": {"enters": 2226, "count_subgroups": 13380, "sum_estimated_prob_of_next_k": 2214.524331046004, "sum_sr": 11705, "sum_time_spent_choosing_strategy": 3.039780855178833, "sum_time_estimating_p_vector": 0.5979208946228027, "sum_time_loading_coverings": 0.8276300430297852}}