{"0": {"enters": 10, "count_subgroups": 1850, "sum_estimated_prob_of_next_k": 0, "sum_sr": 571, "sum_time_spent_choosing_strategy": 0, "sum_time_estimating_p_vector": 0, "sum_time_loading_coverings": 0}, "1": {"enters": 1279, "count_subgroups": 7630, "sum_estimated_prob_of_next_k": 1276.3803896256584, "sum_sr": 5581, "sum_time_spent_choosing_strategy": 5.501971960067749, "sum_time_estimating_p_vector": 0.326613187789917, "sum_time_loading_coverings": 0.5984945297241211}, "2": {"enters": 2049, "count_subgroups": 12295, "sum_estimated_prob_of_next_k": 2044.4162275763474, "sum_sr": 10091, "sum_time_spent_choosing_strategy": 5.843024015426636, "sum_time_estimating_p_vector": 0.4879167079925537, "sum_time_loading_coverings": 0.8738467693328857}, "3": {"enters": 2204, "count_subgroups": 13224, "sum_estimated_prob_of_next_k": 2196.7671988511215, "sum_sr": 11174, "sum_time_spent_choosing_strategy": 4.406172037124634, "sum_time_estimating_p_vector": 0.5265734195709229, "sum_time_loading_coverings": 0.8517827987670898}, "4": {"enters": 2050, "count_subgroups": 12332, "sum_estimated_prob_of_next_k": 2039.1476857230539, "sum_sr": 10531, "sum_time_spent_choosing_strategy": 2.9750828742980957, "sum_time_estimating_p_vector": 0.536874532699585, "sum_time_loading_coverings": 0.7386837005615234}}