{"0": {"enters": 10, "count_subgroups": 1795, "sum_estimated_prob_of_next_k": 0, "sum_sr": 543, "sum_time_spent_choosing_strategy": 0, "sum_time_estimating_p_vector": 0, "sum_time_loading_coverings": 0}, "1": {"enters": 1252, "count_subgroups": 7472, "sum_estimated_prob_of_next_k": 1249.4709558153481, "sum_sr": 5491, "sum_time_spent_choosing_strategy": 5.464580297470093, "sum_time_estimating_p_vector": 0.3688478469848633, "sum_time_loading_coverings": 0.6179559230804443}, "2": {"enters": 1981, "count_subgroups": 11881, "sum_estimated_prob_of_next_k": 1975.9205686739786, "sum_sr": 9621, "sum_time_spent_choosing_strategy": 5.69430947303772, "sum_time_estimating_p_vector": 0.5226898193359375, "sum_time_loading_coverings": 0.8947117328643799}, "3": {"enters": 2260, "count_subgroups": 13569, "sum_estimated_prob_of_next_k": 2252.643818488497, "sum_sr": 11335, "sum_time_spent_choosing_strategy": 4.656670808792114, "sum_time_estimating_p_vector": 0.6105971336364746, "sum_time_loading_coverings": 0.9351966381072998}, "4": {"enters": 2234, "count_subgroups": 13443, "sum_estimated_prob_of_next_k": 2222.8194629622194, "sum_sr": 11037, "sum_time_spent_choosing_strategy": 3.757054567337036, "sum_time_estimating_p_vector": 0.6622793674468994, "sum_time_loading_coverings": 0.879420280456543}}