{"0": {"enters": 10, "count_subgroups": 1821, "sum_estimated_prob_of_next_k": 0, "sum_sr": 581, "sum_time_spent_choosing_strategy": 0, "sum_time_estimating_p_vector": 0, "sum_time_loading_coverings": 0}, "1": {"enters": 1240, "count_subgroups": 7402, "sum_estimated_prob_of_next_k": 1236.9152861892521, "sum_sr": 5493, "sum_time_spent_choosing_strategy": 5.3502116203308105, "sum_time_estimating_p_vector": 0.33867311477661133, "sum_time_loading_coverings": 0.6038999557495117}, "2": {"enters": 1909, "count_subgroups": 11456, "sum_estimated_prob_of_next_k": 1903.32918769856, "sum_sr": 9281, "sum_time_spent_choosing_strategy": 5.4407639503479, "sum_time_estimating_p_vector": 0.4756784439086914, "sum_time_loading_coverings": 0.8517084121704102}, "3": {"enters": 2175, "count_subgroups": 13044, "sum_estimated_prob_of_next_k": 2166.534799751942, "sum_sr": 10814, "sum_time_spent_choosing_strategy": 4.2677295207977295, "sum_time_estimating_p_vector": 0.5540401935577393, "sum_time_loading_coverings": 0.869321346282959}, "4": {"enters": 2230, "count_subgroups": 13400, "sum_estimated_prob_of_next_k": 2218.441938584764, "sum_sr": 11705, "sum_time_spent_choosing_strategy": 3.0599913597106934, "sum_time_estimating_p_vector": 0.6000728607177734, "sum_time_loading_coverings": 0.8298072814941406}}