{"0": {"enters": 9, "count_subgroups": 1849, "sum_estimated_prob_of_next_k": 0, "sum_sr": 571, "sum_time_spent_choosing_strategy": 0, "sum_time_estimating_p_vector": 0, "sum_time_loading_coverings": 0}, "1": {"enters": 1278, "count_subgroups": 7629, "sum_estimated_prob_of_next_k": 1275.4235204825864, "sum_sr": 5581, "sum_time_spent_choosing_strategy": 5.481410026550293, "sum_time_estimating_p_vector": 0.32561492919921875, "sum_time_loading_coverings": 0.5974841117858887}, "2": {"enters": 2048, "count_subgroups": 12294, "sum_estimated_prob_of_next_k": 2043.4402792833034, "sum_sr": 10091, "sum_time_spent_choosing_strategy": 5.83158016204834, "sum_time_estimating_p_vector": 0.487654447555542, "sum_time_loading_coverings": 0.8732221126556396}, "3": {"enters": 2203, "count_subgroups": 13218, "sum_estimated_prob_of_next_k": 2195.790285438875, "sum_sr": 11174, "sum_time_spent_choosing_strategy": 4.398743391036987, "sum_time_estimating_p_vector": 0.5263810157775879, "sum_time_loading_coverings": 0.8513092994689941}, "4": {"enters": 2044, "count_subgroups": 12300, "sum_estimated_prob_of_next_k": 2033.207725874093, "sum_sr": 10531, "sum_time_spent_choosing_strategy": 2.946042776107788, "sum_time_estimating_p_vector": 0.5320878028869629, "sum_time_loading_coverings": 0.735419750213623}}