{"0": {"enters": 9, "count_subgroups": 1974, "sum_estimated_prob_of_next_k": 0, "sum_sr": 579, "sum_time_spent_choosing_strategy": 0, "sum_time_estimating_p_vector": 0, "sum_time_loading_coverings": 0}, "1": {"enters": 1395, "count_subgroups": 8337, "sum_estimated_prob_of_next_k": 1392.2071761773127, "sum_sr": 6026, "sum_time_spent_choosing_strategy": 5.9455952644348145, "sum_time_estimating_p_vector": 0.36011648178100586, "sum_time_loading_coverings": 0.6565241813659668}, "2": {"enters": 2311, "count_subgroups": 13856, "sum_estimated_prob_of_next_k": 2305.497776404523, "sum_sr": 11372, "sum_time_spent_choosing_strategy": 6.578209638595581, "sum_time_estimating_p_vector": 0.5684924125671387, "sum_time_loading_coverings": 1.001129150390625}, "3": {"enters": 2484, "count_subgroups": 14897, "sum_estimated_prob_of_next_k": 2476.8812007517076, "sum_sr": 12813, "sum_time_spent_choosing_strategy": 4.944684267044067, "sum_time_estimating_p_vector": 0.6198625564575195, "sum_time_loading_coverings": 0.9925482273101807}, "4": {"enters": 2084, "count_subgroups": 12524, "sum_estimated_prob_of_next_k": 2074.1143504075994, "sum_sr": 11004, "sum_time_spent_choosing_strategy": 3.0811948776245117, "sum_time_estimating_p_vector": 0.5622045993804932, "sum_time_loading_coverings": 0.7810149192810059}}