{"0": {"enters": 10, "count_subgroups": 1865, "sum_estimated_prob_of_next_k": 0, "sum_sr": 526, "sum_time_spent_choosing_strategy": 0, "sum_time_estimating_p_vector": 0, "sum_time_loading_coverings": 0}, "1": {"enters": 1339, "count_subgroups": 7990, "sum_estimated_prob_of_next_k": 1336.415212390843, "sum_sr": 5716, "sum_time_spent_choosing_strategy": 5.712047815322876, "sum_time_estimating_p_vector": 0.3553895950317383, "sum_time_loading_coverings": 0.6222412586212158}, "2": {"enters": 2274, "count_subgroups": 13635, "sum_estimated_prob_of_next_k": 2269.028636163628, "sum_sr": 11005, "sum_time_spent_choosing_strategy": 6.425994634628296, "sum_time_estimating_p_vector": 0.5571129322052002, "sum_time_loading_coverings": 0.9730665683746338}, "3": {"enters": 2630, "count_subgroups": 15755, "sum_estimated_prob_of_next_k": 2623.497892720476, "sum_sr": 13620, "sum_time_spent_choosing_strategy": 5.276780366897583, "sum_time_estimating_p_vector": 0.6800234317779541, "sum_time_loading_coverings": 1.0495154857635498}, "4": {"enters": 2135, "count_subgroups": 12828, "sum_estimated_prob_of_next_k": 2125.545409701021, "sum_sr": 10965, "sum_time_spent_choosing_strategy": 3.469938039779663, "sum_time_estimating_p_vector": 0.6011152267456055, "sum_time_loading_coverings": 0.810133695602417}}