{"0": {"enters": 9, "count_subgroups": 2034, "sum_estimated_prob_of_next_k": 0, "sum_sr": 645, "sum_time_spent_choosing_strategy": 0, "sum_time_estimating_p_vector": 0, "sum_time_loading_coverings": 0}, "1": {"enters": 1389, "count_subgroups": 8296, "sum_estimated_prob_of_next_k": 1386.3192641262547, "sum_sr": 6048, "sum_time_spent_choosing_strategy": 6.282306432723999, "sum_time_estimating_p_vector": 0.41597843170166016, "sum_time_loading_coverings": 0.7069957256317139}, "2": {"enters": 2248, "count_subgroups": 13480, "sum_estimated_prob_of_next_k": 2242.6541673312136, "sum_sr": 10755, "sum_time_spent_choosing_strategy": 6.701026678085327, "sum_time_estimating_p_vector": 0.6158874034881592, "sum_time_loading_coverings": 1.0411186218261719}, "3": {"enters": 2725, "count_subgroups": 16342, "sum_estimated_prob_of_next_k": 2717.601742416124, "sum_sr": 14254, "sum_time_spent_choosing_strategy": 5.628927946090698, "sum_time_estimating_p_vector": 0.7406308650970459, "sum_time_loading_coverings": 1.1488969326019287}, "4": {"enters": 2088, "count_subgroups": 12550, "sum_estimated_prob_of_next_k": 2078.5497780226583, "sum_sr": 11208, "sum_time_spent_choosing_strategy": 3.1268563270568848, "sum_time_estimating_p_vector": 0.5836031436920166, "sum_time_loading_coverings": 0.8143372535705566}}