{"0": {"enters": 10, "count_subgroups": 2024, "sum_estimated_prob_of_next_k": 0, "sum_sr": 615, "sum_time_spent_choosing_strategy": 0, "sum_time_estimating_p_vector": 0, "sum_time_loading_coverings": 0}, "1": {"enters": 1409, "count_subgroups": 8414, "sum_estimated_prob_of_next_k": 1406.59188524782, "sum_sr": 6143, "sum_time_spent_choosing_strategy": 6.153397560119629, "sum_time_estimating_p_vector": 0.4081695079803467, "sum_time_loading_coverings": 0.7140185832977295}, "2": {"enters": 2271, "count_subgroups": 13620, "sum_estimated_prob_of_next_k": 2266.0814869413107, "sum_sr": 10928, "sum_time_spent_choosing_strategy": 6.571584224700928, "sum_time_estimating_p_vector": 0.5970978736877441, "sum_time_loading_coverings": 1.0427913665771484}, "3": {"enters": 2692, "count_subgroups": 16135, "sum_estimated_prob_of_next_k": 2685.366195731325, "sum_sr": 13866, "sum_time_spent_choosing_strategy": 5.531428813934326, "sum_time_estimating_p_vector": 0.7101874351501465, "sum_time_loading_coverings": 1.1260948181152344}, "4": {"enters": 2269, "count_subgroups": 13618, "sum_estimated_prob_of_next_k": 2260.2066799014538, "sum_sr": 11762, "sum_time_spent_choosing_strategy": 3.7664523124694824, "sum_time_estimating_p_vector": 0.6363933086395264, "sum_time_loading_coverings": 0.8960351943969727}}