{"0": {"enters": 9, "count_subgroups": 1794, "sum_estimated_prob_of_next_k": 0, "sum_sr": 543, "sum_time_spent_choosing_strategy": 0, "sum_time_estimating_p_vector": 0, "sum_time_loading_coverings": 0}, "1": {"enters": 1251, "count_subgroups": 7471, "sum_estimated_prob_of_next_k": 1248.498704909992, "sum_sr": 5491, "sum_time_spent_choosing_strategy": 5.444842338562012, "sum_time_estimating_p_vector": 0.36819005012512207, "sum_time_loading_coverings": 0.6171822547912598}, "2": {"enters": 1980, "count_subgroups": 11877, "sum_estimated_prob_of_next_k": 1974.9294676432767, "sum_sr": 9621, "sum_time_spent_choosing_strategy": 5.6820900440216064, "sum_time_estimating_p_vector": 0.5225114822387695, "sum_time_loading_coverings": 0.8941366672515869}, "3": {"enters": 2256, "count_subgroups": 13548, "sum_estimated_prob_of_next_k": 2248.6564163829976, "sum_sr": 11335, "sum_time_spent_choosing_strategy": 4.6208086013793945, "sum_time_estimating_p_vector": 0.6085784435272217, "sum_time_loading_coverings": 0.9327564239501953}, "4": {"enters": 2213, "count_subgroups": 13322, "sum_estimated_prob_of_next_k": 2201.8422686350928, "sum_sr": 11036, "sum_time_spent_choosing_strategy": 3.6266403198242188, "sum_time_estimating_p_vector": 0.6508007049560547, "sum_time_loading_coverings": 0.8663980960845947}}