{"0": {"enters": 9, "count_subgroups": 2023, "sum_estimated_prob_of_next_k": 0, "sum_sr": 615, "sum_time_spent_choosing_strategy": 0, "sum_time_estimating_p_vector": 0, "sum_time_loading_coverings": 0}, "1": {"enters": 1408, "count_subgroups": 8413, "sum_estimated_prob_of_next_k": 1405.6155341451495, "sum_sr": 6143, "sum_time_spent_choosing_strategy": 6.134177207946777, "sum_time_estimating_p_vector": 0.40752291679382324, "sum_time_loading_coverings": 0.7131736278533936}, "2": {"enters": 2270, "count_subgroups": 13617, "sum_estimated_prob_of_next_k": 2265.0915213247813, "sum_sr": 10928, "sum_time_spent_choosing_strategy": 6.559302568435669, "sum_time_estimating_p_vector": 0.5969326496124268, "sum_time_loading_coverings": 1.0422337055206299}, "3": {"enters": 2689, "count_subgroups": 16119, "sum_estimated_prob_of_next_k": 2682.3907733116143, "sum_sr": 13866, "sum_time_spent_choosing_strategy": 5.504913568496704, "sum_time_estimating_p_vector": 0.7086663246154785, "sum_time_loading_coverings": 1.1243071556091309}, "4": {"enters": 2253, "count_subgroups": 13527, "sum_estimated_prob_of_next_k": 2244.246832109888, "sum_sr": 11762, "sum_time_spent_choosing_strategy": 3.6679413318634033, "sum_time_estimating_p_vector": 0.6277549266815186, "sum_time_loading_coverings": 0.8861970901489258}}