{"0": {"enters": 10, "count_subgroups": 1975, "sum_estimated_prob_of_next_k": 0, "sum_sr": 579, "sum_time_spent_choosing_strategy": 0, "sum_time_estimating_p_vector": 0, "sum_time_loading_coverings": 0}, "1": {"enters": 1396, "count_subgroups": 8338, "sum_estimated_prob_of_next_k": 1393.110589486303, "sum_sr": 6026, "sum_time_spent_choosing_strategy": 5.96396803855896, "sum_time_estimating_p_vector": 0.36081361770629883, "sum_time_loading_coverings": 0.6572737693786621}, "2": {"enters": 2312, "count_subgroups": 13857, "sum_estimated_prob_of_next_k": 2306.4227843605604, "sum_sr": 11372, "sum_time_spent_choosing_strategy": 6.590955018997192, "sum_time_estimating_p_vector": 0.5687005519866943, "sum_time_loading_coverings": 1.001774549484253}, "3": {"enters": 2485, "count_subgroups": 14899, "sum_estimated_prob_of_next_k": 2477.860566994954, "sum_sr": 12813, "sum_time_spent_choosing_strategy": 4.953124523162842, "sum_time_estimating_p_vector": 0.6200387477874756, "sum_time_loading_coverings": 0.9930417537689209}, "4": {"enters": 2086, "count_subgroups": 12533, "sum_estimated_prob_of_next_k": 2076.101058010295, "sum_sr": 11004, "sum_time_spent_choosing_strategy": 3.0934808254241943, "sum_time_estimating_p_vector": 0.564342737197876, "sum_time_loading_coverings": 0.7823867797851562}}