{"0": {"enters": 5, "count_subgroups": 1786107, "sum_estimated_prob_of_next_k": 0, "sum_sr": 1740456, "sum_time_spent_choosing_strategy": 0, "sum_time_estimating_p_vector": 0, "sum_time_loading_coverings": 0}, "1": {"enters": 45651, "count_subgroups": 234018, "sum_estimated_prob_of_next_k": 45448.51429344384, "sum_sr": 231027, "sum_time_spent_choosing_strategy": 88.21429777145386, "sum_time_estimating_p_vector": 7.286660671234131, "sum_time_loading_coverings": 13.455923080444336}, "2": {"enters": 2991, "count_subgroups": 15193, "sum_estimated_prob_of_next_k": 2981.7870051036703, "sum_sr": 15019, "sum_time_spent_choosing_strategy": 2.783181667327881, "sum_time_estimating_p_vector": 0.4424777030944824, "sum_time_loading_coverings": 0.7158458232879639}, "3": {"enters": 174, "count_subgroups": 876, "sum_estimated_prob_of_next_k": 173.45186210903364, "sum_sr": 503, "sum_time_spent_choosing_strategy": 0.8776290416717529, "sum_time_estimating_p_vector": 0.02556443214416504, "sum_time_loading_coverings": 0.05227804183959961}, "4": {"enters": 373, "count_subgroups": 1861, "sum_estimated_prob_of_next_k": 367.5213122852873, "sum_sr": 0, "sum_time_spent_choosing_strategy": 2.6127002239227295, "sum_time_estimating_p_vector": 0.05490732192993164, "sum_time_loading_coverings": 0.1352396011352539}, "5": {"enters": 1861, "count_subgroups": 9302, "sum_estimated_prob_of_next_k": 1799.5772308801945, "sum_sr": 2, "sum_time_spent_choosing_strategy": 8.058334589004517, "sum_time_estimating_p_vector": 0.27420687675476074, "sum_time_loading_coverings": 0.5951061248779297}, "6": {"enters": 9300, "count_subgroups": 48090, "sum_estimated_prob_of_next_k": 9095.5752384715, "sum_sr": 9153, "sum_time_spent_choosing_strategy": 24.785295009613037, "sum_time_estimating_p_vector": 1.359947919845581, "sum_time_loading_coverings": 2.721134662628174}, "7": {"enters": 38937, "count_subgroups": 196890, "sum_estimated_prob_of_next_k": 38461.99842905302, "sum_sr": 127360, "sum_time_spent_choosing_strategy": 64.56821274757385, "sum_time_estimating_p_vector": 5.703580617904663, "sum_time_loading_coverings": 10.390838384628296}, "8": {"enters": 69530, "count_subgroups": 347687, "sum_estimated_prob_of_next_k": 68164.45276064934, "sum_sr": 248094, "sum_time_spent_choosing_strategy": 68.97156190872192, "sum_time_estimating_p_vector": 10.141046047210693, "sum_time_loading_coverings": 16.415278434753418}, "9": {"enters": 99593, "count_subgroups": 518775, "sum_estimated_prob_of_next_k": 98104.30790995601, "sum_sr": 473616, "sum_time_spent_choosing_strategy": 60.298184633255005, "sum_time_estimating_p_vector": 14.546831846237183, "sum_time_loading_coverings": 20.88618278503418}, "10": {"enters": 45159, "count_subgroups": 244077, "sum_estimated_prob_of_next_k": 44651.424993846995, "sum_sr": 239385, "sum_time_spent_choosing_strategy": 15.945801973342896, "sum_time_estimating_p_vector": 6.60045862197876, "sum_time_loading_coverings": 8.26990294456482}, "11": {"enters": 4692, "count_subgroups": 23654, "sum_estimated_prob_of_next_k": 4654.576718310374, "sum_sr": 23349, "sum_time_spent_choosing_strategy": 0.9585306644439697, "sum_time_estimating_p_vector": 0.6768171787261963, "sum_time_loading_coverings": 0.7310903072357178}, "12": {"enters": 305, "count_subgroups": 1646, "sum_estimated_prob_of_next_k": 303.2939618084221, "sum_sr": 1622, "sum_time_spent_choosing_strategy": 0.03497314453125, "sum_time_estimating_p_vector": 0.04351305961608887, "sum_time_loading_coverings": 0.03806781768798828}, "13": {"enters": 24, "count_subgroups": 124, "sum_estimated_prob_of_next_k": 23.85000345054708, "sum_sr": 124, "sum_time_spent_choosing_strategy": 0.0016548633575439453, "sum_time_estimating_p_vector": 0.003254413604736328, "sum_time_loading_coverings": 0.0024878978729248047}}