{"0": {"enters": 5, "count_subgroups": 1774208, "sum_estimated_prob_of_next_k": 0, "sum_sr": 1730286, "sum_time_spent_choosing_strategy": 0, "sum_time_estimating_p_vector": 0, "sum_time_loading_coverings": 0}, "1": {"enters": 43922, "count_subgroups": 225213, "sum_estimated_prob_of_next_k": 43728.769769285, "sum_sr": 222199, "sum_time_spent_choosing_strategy": 83.98147654533386, "sum_time_estimating_p_vector": 6.902231931686401, "sum_time_loading_coverings": 12.665435314178467}, "2": {"enters": 3014, "count_subgroups": 15314, "sum_estimated_prob_of_next_k": 3005.0175735399116, "sum_sr": 15136, "sum_time_spent_choosing_strategy": 2.7789688110351562, "sum_time_estimating_p_vector": 0.4355905055999756, "sum_time_loading_coverings": 0.7095913887023926}, "3": {"enters": 178, "count_subgroups": 899, "sum_estimated_prob_of_next_k": 176.99538216264312, "sum_sr": 550, "sum_time_spent_choosing_strategy": 0.8251218795776367, "sum_time_estimating_p_vector": 0.025495529174804688, "sum_time_loading_coverings": 0.05120062828063965}, "4": {"enters": 349, "count_subgroups": 1740, "sum_estimated_prob_of_next_k": 342.18079817433977, "sum_sr": 15, "sum_time_spent_choosing_strategy": 2.405695676803589, "sum_time_estimating_p_vector": 0.050257205963134766, "sum_time_loading_coverings": 0.12404060363769531}, "5": {"enters": 1725, "count_subgroups": 8622, "sum_estimated_prob_of_next_k": 1659.889681294907, "sum_sr": 20, "sum_time_spent_choosing_strategy": 7.396582841873169, "sum_time_estimating_p_vector": 0.24791860580444336, "sum_time_loading_coverings": 0.5397958755493164}, "6": {"enters": 8602, "count_subgroups": 45144, "sum_estimated_prob_of_next_k": 8396.724965637124, "sum_sr": 10694, "sum_time_spent_choosing_strategy": 22.583529233932495, "sum_time_estimating_p_vector": 1.2265894412994385, "sum_time_loading_coverings": 2.446255922317505}, "7": {"enters": 34450, "count_subgroups": 174018, "sum_estimated_prob_of_next_k": 33886.6795244602, "sum_sr": 114249, "sum_time_spent_choosing_strategy": 55.41147971153259, "sum_time_estimating_p_vector": 4.918119430541992, "sum_time_loading_coverings": 8.844178438186646}, "8": {"enters": 59769, "count_subgroups": 298867, "sum_estimated_prob_of_next_k": 58220.95361234887, "sum_sr": 208916, "sum_time_spent_choosing_strategy": 57.03545928001404, "sum_time_estimating_p_vector": 8.468987941741943, "sum_time_loading_coverings": 13.417207717895508}, "9": {"enters": 89951, "count_subgroups": 485311, "sum_estimated_prob_of_next_k": 88061.86640414376, "sum_sr": 433726, "sum_time_spent_choosing_strategy": 51.903624296188354, "sum_time_estimating_p_vector": 12.747257709503174, "sum_time_loading_coverings": 17.778573989868164}, "10": {"enters": 51585, "count_subgroups": 298575, "sum_estimated_prob_of_next_k": 50750.25691952419, "sum_sr": 287765, "sum_time_spent_choosing_strategy": 16.281532764434814, "sum_time_estimating_p_vector": 7.302558898925781, "sum_time_loading_coverings": 8.69983696937561}, "11": {"enters": 10810, "count_subgroups": 56168, "sum_estimated_prob_of_next_k": 10670.484392450175, "sum_sr": 54643, "sum_time_spent_choosing_strategy": 1.8142635822296143, "sum_time_estimating_p_vector": 1.4774489402770996, "sum_time_loading_coverings": 1.5304687023162842}, "12": {"enters": 1525, "count_subgroups": 10355, "sum_estimated_prob_of_next_k": 1512.0066875928974, "sum_sr": 10243, "sum_time_spent_choosing_strategy": 0.11518383026123047, "sum_time_estimating_p_vector": 0.20101404190063477, "sum_time_loading_coverings": 0.1472792625427246}, "13": {"enters": 112, "count_subgroups": 576, "sum_estimated_prob_of_next_k": 110.01710941295926, "sum_sr": 574, "sum_time_spent_choosing_strategy": 0.0059583187103271484, "sum_time_estimating_p_vector": 0.015149831771850586, "sum_time_loading_coverings": 0.010097980499267578}, "14": {"enters": 2, "count_subgroups": 10, "sum_estimated_prob_of_next_k": 1.9999870749840452, "sum_sr": 10, "sum_time_spent_choosing_strategy": 6.175041198730469e-05, "sum_time_estimating_p_vector": 0.00028061866760253906, "sum_time_loading_coverings": 0.0001316070556640625}}