{"0": {"enters": 5, "count_subgroups": 1776422, "sum_estimated_prob_of_next_k": 0, "sum_sr": 1731568, "sum_time_spent_choosing_strategy": 0, "sum_time_estimating_p_vector": 0, "sum_time_loading_coverings": 0}, "1": {"enters": 44854, "count_subgroups": 229976, "sum_estimated_prob_of_next_k": 44661.43834613422, "sum_sr": 227014, "sum_time_spent_choosing_strategy": 87.62014389038086, "sum_time_estimating_p_vector": 7.0877299308776855, "sum_time_loading_coverings": 13.046382665634155}, "2": {"enters": 2962, "count_subgroups": 15050, "sum_estimated_prob_of_next_k": 2952.3817932229686, "sum_sr": 14886, "sum_time_spent_choosing_strategy": 2.6940174102783203, "sum_time_estimating_p_vector": 0.4327373504638672, "sum_time_loading_coverings": 0.6990170478820801}, "3": {"enters": 164, "count_subgroups": 823, "sum_estimated_prob_of_next_k": 163.5274428295726, "sum_sr": 562, "sum_time_spent_choosing_strategy": 0.6256444454193115, "sum_time_estimating_p_vector": 0.02356243133544922, "sum_time_loading_coverings": 0.04427909851074219}, "4": {"enters": 261, "count_subgroups": 1297, "sum_estimated_prob_of_next_k": 256.41055160872264, "sum_sr": 15, "sum_time_spent_choosing_strategy": 1.796600341796875, "sum_time_estimating_p_vector": 0.03779125213623047, "sum_time_loading_coverings": 0.09344840049743652}, "5": {"enters": 1282, "count_subgroups": 6406, "sum_estimated_prob_of_next_k": 1234.6970240992982, "sum_sr": 25, "sum_time_spent_choosing_strategy": 5.494732856750488, "sum_time_estimating_p_vector": 0.1853160858154297, "sum_time_loading_coverings": 0.4029545783996582}, "6": {"enters": 6381, "count_subgroups": 33665, "sum_estimated_prob_of_next_k": 6207.756285870172, "sum_sr": 7133, "sum_time_spent_choosing_strategy": 16.691089868545532, "sum_time_estimating_p_vector": 0.9142858982086182, "sum_time_loading_coverings": 1.8059296607971191}, "7": {"enters": 26532, "count_subgroups": 135053, "sum_estimated_prob_of_next_k": 25979.846409849517, "sum_sr": 71205, "sum_time_spent_choosing_strategy": 42.321022272109985, "sum_time_estimating_p_vector": 3.8041367530822754, "sum_time_loading_coverings": 6.692288637161255}, "8": {"enters": 63848, "count_subgroups": 319237, "sum_estimated_prob_of_next_k": 62249.548669119395, "sum_sr": 214671, "sum_time_spent_choosing_strategy": 60.89805364608765, "sum_time_estimating_p_vector": 9.149968147277832, "sum_time_loading_coverings": 14.304744243621826}, "9": {"enters": 104566, "count_subgroups": 546055, "sum_estimated_prob_of_next_k": 102677.05555050123, "sum_sr": 497500, "sum_time_spent_choosing_strategy": 60.817614793777466, "sum_time_estimating_p_vector": 15.001132249832153, "sum_time_loading_coverings": 20.98582124710083}, "10": {"enters": 48555, "count_subgroups": 277407, "sum_estimated_prob_of_next_k": 47780.599091482, "sum_sr": 267722, "sum_time_spent_choosing_strategy": 15.684287071228027, "sum_time_estimating_p_vector": 6.9330527782440186, "sum_time_loading_coverings": 8.30712890625}, "11": {"enters": 9685, "count_subgroups": 50453, "sum_estimated_prob_of_next_k": 9520.82457187802, "sum_sr": 49326, "sum_time_spent_choosing_strategy": 1.6023638248443604, "sum_time_estimating_p_vector": 1.3528962135314941, "sum_time_loading_coverings": 1.3628051280975342}, "12": {"enters": 1127, "count_subgroups": 7259, "sum_estimated_prob_of_next_k": 1116.7278918913246, "sum_sr": 7173, "sum_time_spent_choosing_strategy": 0.0884099006652832, "sum_time_estimating_p_vector": 0.15371990203857422, "sum_time_loading_coverings": 0.11317610740661621}, "13": {"enters": 86, "count_subgroups": 460, "sum_estimated_prob_of_next_k": 85.18776688113466, "sum_sr": 457, "sum_time_spent_choosing_strategy": 0.00467681884765625, "sum_time_estimating_p_vector": 0.011957645416259766, "sum_time_loading_coverings": 0.007597208023071289}, "14": {"enters": 3, "count_subgroups": 15, "sum_estimated_prob_of_next_k": 2.830604871491539, "sum_sr": 15, "sum_time_spent_choosing_strategy": 0.00012183189392089844, "sum_time_estimating_p_vector": 0.00036263465881347656, "sum_time_loading_coverings": 0.00022292137145996094}}