{"0": {"enters": 5, "count_subgroups": 134843, "sum_estimated_prob_of_next_k": 0, "sum_sr": 128898, "sum_time_spent_choosing_strategy": 0, "sum_time_estimating_p_vector": 0, "sum_time_loading_coverings": 0}, "1": {"enters": 5945, "count_subgroups": 23780, "sum_estimated_prob_of_next_k": 5922.434207686495, "sum_sr": 22703, "sum_time_spent_choosing_strategy": 1.3929669857025146, "sum_time_estimating_p_vector": 0.0006160736083984375, "sum_time_loading_coverings": 0.9624435901641846}, "2": {"enters": 1077, "count_subgroups": 4308, "sum_estimated_prob_of_next_k": 1076.5423425147105, "sum_sr": 3949, "sum_time_spent_choosing_strategy": 0.13620638847351074, "sum_time_estimating_p_vector": 0.00010156631469726562, "sum_time_loading_coverings": 0.14181089401245117}, "3": {"enters": 359, "count_subgroups": 1453, "sum_estimated_prob_of_next_k": 358.9866016228495, "sum_sr": 1390, "sum_time_spent_choosing_strategy": 0.029955387115478516, "sum_time_estimating_p_vector": 3.4809112548828125e-05, "sum_time_loading_coverings": 0.04035043716430664}, "4": {"enters": 63, "count_subgroups": 438, "sum_estimated_prob_of_next_k": 62.999827270328886, "sum_sr": 436, "sum_time_spent_choosing_strategy": 0.002869844436645508, "sum_time_estimating_p_vector": 5.7220458984375e-06, "sum_time_loading_coverings": 0.005707740783691406}, "5": {"enters": 2, "count_subgroups": 12, "sum_estimated_prob_of_next_k": 1.9999990436485175, "sum_sr": 12, "sum_time_spent_choosing_strategy": 3.719329833984375e-05, "sum_time_estimating_p_vector": 4.76837158203125e-07, "sum_time_loading_coverings": 0.0001277923583984375}}