{"0": {"enters": 5, "count_subgroups": 134840, "sum_estimated_prob_of_next_k": 0, "sum_sr": 128767, "sum_time_spent_choosing_strategy": 0, "sum_time_estimating_p_vector": 0, "sum_time_loading_coverings": 0}, "1": {"enters": 6073, "count_subgroups": 24292, "sum_estimated_prob_of_next_k": 6050.671358437859, "sum_sr": 23193, "sum_time_spent_choosing_strategy": 1.402881383895874, "sum_time_estimating_p_vector": 0.000621795654296875, "sum_time_loading_coverings": 0.9979777336120605}, "2": {"enters": 1099, "count_subgroups": 4396, "sum_estimated_prob_of_next_k": 1098.5428521698602, "sum_sr": 4042, "sum_time_spent_choosing_strategy": 0.1377551555633545, "sum_time_estimating_p_vector": 0.00011706352233886719, "sum_time_loading_coverings": 0.14651989936828613}, "3": {"enters": 354, "count_subgroups": 1436, "sum_estimated_prob_of_next_k": 353.98699317925974, "sum_sr": 1368, "sum_time_spent_choosing_strategy": 0.029363632202148438, "sum_time_estimating_p_vector": 4.0531158447265625e-05, "sum_time_loading_coverings": 0.0397639274597168}, "4": {"enters": 68, "count_subgroups": 473, "sum_estimated_prob_of_next_k": 67.99981334132856, "sum_sr": 472, "sum_time_spent_choosing_strategy": 0.0030450820922851562, "sum_time_estimating_p_vector": 7.62939453125e-06, "sum_time_loading_coverings": 0.006218671798706055}, "5": {"enters": 1, "count_subgroups": 6, "sum_estimated_prob_of_next_k": 0.9999995218242588, "sum_sr": 6, "sum_time_spent_choosing_strategy": 1.8596649169921875e-05, "sum_time_estimating_p_vector": 0.0, "sum_time_loading_coverings": 6.389617919921875e-05}}