{"0": {"enters": 5, "count_subgroups": 134844, "sum_estimated_prob_of_next_k": 0, "sum_sr": 128637, "sum_time_spent_choosing_strategy": 0, "sum_time_estimating_p_vector": 0, "sum_time_loading_coverings": 0}, "1": {"enters": 6207, "count_subgroups": 24828, "sum_estimated_prob_of_next_k": 6184.847303812085, "sum_sr": 23713, "sum_time_spent_choosing_strategy": 1.4616098403930664, "sum_time_estimating_p_vector": 0.0007147789001464844, "sum_time_loading_coverings": 0.9983723163604736}, "2": {"enters": 1115, "count_subgroups": 4460, "sum_estimated_prob_of_next_k": 1114.521934156073, "sum_sr": 4147, "sum_time_spent_choosing_strategy": 0.1429455280303955, "sum_time_estimating_p_vector": 0.00013637542724609375, "sum_time_loading_coverings": 0.14477896690368652}, "3": {"enters": 313, "count_subgroups": 1284, "sum_estimated_prob_of_next_k": 312.98899032702565, "sum_sr": 1238, "sum_time_spent_choosing_strategy": 0.02588033676147461, "sum_time_estimating_p_vector": 3.528594970703125e-05, "sum_time_loading_coverings": 0.03419089317321777}, "4": {"enters": 46, "count_subgroups": 322, "sum_estimated_prob_of_next_k": 45.99987185319699, "sum_sr": 320, "sum_time_spent_choosing_strategy": 0.002183675765991211, "sum_time_estimating_p_vector": 5.0067901611328125e-06, "sum_time_loading_coverings": 0.004133701324462891}, "5": {"enters": 2, "count_subgroups": 12, "sum_estimated_prob_of_next_k": 1.9999990436485175, "sum_sr": 12, "sum_time_spent_choosing_strategy": 3.8623809814453125e-05, "sum_time_estimating_p_vector": 2.384185791015625e-07, "sum_time_loading_coverings": 0.00013899803161621094}}