{"0": {"enters": 5, "count_subgroups": 134842, "sum_estimated_prob_of_next_k": 0, "sum_sr": 128748, "sum_time_spent_choosing_strategy": 0, "sum_time_estimating_p_vector": 0, "sum_time_loading_coverings": 0}, "1": {"enters": 6094, "count_subgroups": 24376, "sum_estimated_prob_of_next_k": 6071.785357262591, "sum_sr": 23207, "sum_time_spent_choosing_strategy": 1.4529027938842773, "sum_time_estimating_p_vector": 0.0006561279296875, "sum_time_loading_coverings": 1.001114845275879}, "2": {"enters": 1169, "count_subgroups": 4676, "sum_estimated_prob_of_next_k": 1168.5053751087075, "sum_sr": 4287, "sum_time_spent_choosing_strategy": 0.1506955623626709, "sum_time_estimating_p_vector": 0.000125885009765625, "sum_time_loading_coverings": 0.15650463104248047}, "3": {"enters": 389, "count_subgroups": 1590, "sum_estimated_prob_of_next_k": 388.98620887915575, "sum_sr": 1534, "sum_time_spent_choosing_strategy": 0.03289151191711426, "sum_time_estimating_p_vector": 4.38690185546875e-05, "sum_time_loading_coverings": 0.04363393783569336}, "4": {"enters": 56, "count_subgroups": 392, "sum_estimated_prob_of_next_k": 55.99984399519636, "sum_sr": 388, "sum_time_spent_choosing_strategy": 0.002613067626953125, "sum_time_estimating_p_vector": 5.0067901611328125e-06, "sum_time_loading_coverings": 0.005110979080200195}, "5": {"enters": 4, "count_subgroups": 24, "sum_estimated_prob_of_next_k": 3.999998087297035, "sum_sr": 24, "sum_time_spent_choosing_strategy": 7.867813110351562e-05, "sum_time_estimating_p_vector": 2.384185791015625e-07, "sum_time_loading_coverings": 0.0003523826599121094}}