{"0": {"enters": 5, "count_subgroups": 134842, "sum_estimated_prob_of_next_k": 0, "sum_sr": 129108, "sum_time_spent_choosing_strategy": 0, "sum_time_estimating_p_vector": 0, "sum_time_loading_coverings": 0}, "1": {"enters": 5734, "count_subgroups": 22936, "sum_estimated_prob_of_next_k": 5711.442470708588, "sum_sr": 21902, "sum_time_spent_choosing_strategy": 1.3704979419708252, "sum_time_estimating_p_vector": 0.0006766319274902344, "sum_time_loading_coverings": 0.941051721572876}, "2": {"enters": 1034, "count_subgroups": 4136, "sum_estimated_prob_of_next_k": 1033.5457246704673, "sum_sr": 3809, "sum_time_spent_choosing_strategy": 0.1340937614440918, "sum_time_estimating_p_vector": 0.00012350082397460938, "sum_time_loading_coverings": 0.13813233375549316}, "3": {"enters": 327, "count_subgroups": 1332, "sum_estimated_prob_of_next_k": 326.98816811664983, "sum_sr": 1287, "sum_time_spent_choosing_strategy": 0.02675485610961914, "sum_time_estimating_p_vector": 3.838539123535156e-05, "sum_time_loading_coverings": 0.036171674728393555}, "4": {"enters": 45, "count_subgroups": 315, "sum_estimated_prob_of_next_k": 44.999874638997056, "sum_sr": 314, "sum_time_spent_choosing_strategy": 0.002024412155151367, "sum_time_estimating_p_vector": 5.7220458984375e-06, "sum_time_loading_coverings": 0.004363536834716797}, "5": {"enters": 1, "count_subgroups": 6, "sum_estimated_prob_of_next_k": 0.9999995218242588, "sum_sr": 6, "sum_time_spent_choosing_strategy": 2.3365020751953125e-05, "sum_time_estimating_p_vector": 0.0, "sum_time_loading_coverings": 6.437301635742188e-05}}