{"0": {"enters": 5, "count_subgroups": 134844, "sum_estimated_prob_of_next_k": 0, "sum_sr": 128735, "sum_time_spent_choosing_strategy": 0, "sum_time_estimating_p_vector": 0, "sum_time_loading_coverings": 0}, "1": {"enters": 6109, "count_subgroups": 24436, "sum_estimated_prob_of_next_k": 6086.040292456722, "sum_sr": 23384, "sum_time_spent_choosing_strategy": 1.4548859596252441, "sum_time_estimating_p_vector": 0.0006282329559326172, "sum_time_loading_coverings": 1.0246756076812744}, "2": {"enters": 1052, "count_subgroups": 4208, "sum_estimated_prob_of_next_k": 1051.5616137117331, "sum_sr": 3840, "sum_time_spent_choosing_strategy": 0.1367509365081787, "sum_time_estimating_p_vector": 0.00010848045349121094, "sum_time_loading_coverings": 0.14160919189453125}, "3": {"enters": 368, "count_subgroups": 1501, "sum_estimated_prob_of_next_k": 367.9867576073952, "sum_sr": 1424, "sum_time_spent_choosing_strategy": 0.030733108520507812, "sum_time_estimating_p_vector": 3.7670135498046875e-05, "sum_time_loading_coverings": 0.04210257530212402}, "4": {"enters": 77, "count_subgroups": 539, "sum_estimated_prob_of_next_k": 76.99978549339502, "sum_sr": 518, "sum_time_spent_choosing_strategy": 0.0035562515258789062, "sum_time_estimating_p_vector": 8.58306884765625e-06, "sum_time_loading_coverings": 0.007409095764160156}, "5": {"enters": 21, "count_subgroups": 126, "sum_estimated_prob_of_next_k": 20.999989958309435, "sum_sr": 126, "sum_time_spent_choosing_strategy": 0.0004138946533203125, "sum_time_estimating_p_vector": 3.0994415283203125e-06, "sum_time_loading_coverings": 0.001386880874633789}}