{"0": {"enters": 5, "count_subgroups": 134840, "sum_estimated_prob_of_next_k": 0, "sum_sr": 129183, "sum_time_spent_choosing_strategy": 0, "sum_time_estimating_p_vector": 0, "sum_time_loading_coverings": 0}, "1": {"enters": 5657, "count_subgroups": 22628, "sum_estimated_prob_of_next_k": 5635.660115055697, "sum_sr": 21518, "sum_time_spent_choosing_strategy": 1.4027204513549805, "sum_time_estimating_p_vector": 0.0005297660827636719, "sum_time_loading_coverings": 0.9416358470916748}, "2": {"enters": 1110, "count_subgroups": 4440, "sum_estimated_prob_of_next_k": 1109.5093453125198, "sum_sr": 4062, "sum_time_spent_choosing_strategy": 0.15029621124267578, "sum_time_estimating_p_vector": 0.00010633468627929688, "sum_time_loading_coverings": 0.14896082878112793}, "3": {"enters": 378, "count_subgroups": 1532, "sum_estimated_prob_of_next_k": 377.9860138403553, "sum_sr": 1481, "sum_time_spent_choosing_strategy": 0.03289079666137695, "sum_time_estimating_p_vector": 3.600120544433594e-05, "sum_time_loading_coverings": 0.042983293533325195}, "4": {"enters": 51, "count_subgroups": 357, "sum_estimated_prob_of_next_k": 50.999857924196675, "sum_sr": 355, "sum_time_spent_choosing_strategy": 0.0024657249450683594, "sum_time_estimating_p_vector": 5.0067901611328125e-06, "sum_time_loading_coverings": 0.004814624786376953}, "5": {"enters": 2, "count_subgroups": 12, "sum_estimated_prob_of_next_k": 1.9999990436485175, "sum_sr": 12, "sum_time_spent_choosing_strategy": 4.029273986816406e-05, "sum_time_estimating_p_vector": 2.384185791015625e-07, "sum_time_loading_coverings": 0.00012874603271484375}}