{"0": {"enters": 5, "count_subgroups": 27504, "sum_estimated_prob_of_next_k": 0, "sum_sr": 25355, "sum_time_spent_choosing_strategy": 0, "sum_time_estimating_p_vector": 0, "sum_time_loading_coverings": 0}, "1": {"enters": 2149, "count_subgroups": 8596, "sum_estimated_prob_of_next_k": 2143.512639295499, "sum_sr": 7944, "sum_time_spent_choosing_strategy": 9.982173204421997, "sum_time_estimating_p_vector": 0.3384106159210205, "sum_time_loading_coverings": 0.5598392486572266}, "2": {"enters": 652, "count_subgroups": 2608, "sum_estimated_prob_of_next_k": 648.7537336480095, "sum_sr": 2326, "sum_time_spent_choosing_strategy": 0.8719663619995117, "sum_time_estimating_p_vector": 0.09249997138977051, "sum_time_loading_coverings": 0.12867259979248047}, "3": {"enters": 282, "count_subgroups": 1128, "sum_estimated_prob_of_next_k": 280.0552484512372, "sum_sr": 988, "sum_time_spent_choosing_strategy": 0.17055654525756836, "sum_time_estimating_p_vector": 0.03818941116333008, "sum_time_loading_coverings": 0.04555702209472656}, "4": {"enters": 140, "count_subgroups": 560, "sum_estimated_prob_of_next_k": 138.66042641794525, "sum_sr": 502, "sum_time_spent_choosing_strategy": 0.04200887680053711, "sum_time_estimating_p_vector": 0.017960309982299805, "sum_time_loading_coverings": 0.01959705352783203}, "5": {"enters": 58, "count_subgroups": 232, "sum_estimated_prob_of_next_k": 56.43212771832855, "sum_sr": 198, "sum_time_spent_choosing_strategy": 0.008606910705566406, "sum_time_estimating_p_vector": 0.007073640823364258, "sum_time_loading_coverings": 0.007391214370727539}, "6": {"enters": 34, "count_subgroups": 167, "sum_estimated_prob_of_next_k": 33.84697332531713, "sum_sr": 154, "sum_time_spent_choosing_strategy": 0.0026044845581054688, "sum_time_estimating_p_vector": 0.004072427749633789, "sum_time_loading_coverings": 0.003061532974243164}, "7": {"enters": 13, "count_subgroups": 52, "sum_estimated_prob_of_next_k": 12.317957427980234, "sum_sr": 48, "sum_time_spent_choosing_strategy": 0.0004680156707763672, "sum_time_estimating_p_vector": 0.0015652179718017578, "sum_time_loading_coverings": 0.0008969306945800781}, "8": {"enters": 4, "count_subgroups": 16, "sum_estimated_prob_of_next_k": 3.9537109184103505, "sum_sr": 16, "sum_time_spent_choosing_strategy": 0.00010156631469726562, "sum_time_estimating_p_vector": 0.0005044937133789062, "sum_time_loading_coverings": 0.00020813941955566406}}