{"0": {"enters": 5, "count_subgroups": 27499, "sum_estimated_prob_of_next_k": 0, "sum_sr": 25287, "sum_time_spent_choosing_strategy": 0, "sum_time_estimating_p_vector": 0, "sum_time_loading_coverings": 0}, "1": {"enters": 2212, "count_subgroups": 8848, "sum_estimated_prob_of_next_k": 2205.802791874229, "sum_sr": 8127, "sum_time_spent_choosing_strategy": 10.377268075942993, "sum_time_estimating_p_vector": 0.34368395805358887, "sum_time_loading_coverings": 0.574411153793335}, "2": {"enters": 721, "count_subgroups": 2884, "sum_estimated_prob_of_next_k": 717.1957971400211, "sum_sr": 2591, "sum_time_spent_choosing_strategy": 0.9716930389404297, "sum_time_estimating_p_vector": 0.10223197937011719, "sum_time_loading_coverings": 0.14205646514892578}, "3": {"enters": 293, "count_subgroups": 1172, "sum_estimated_prob_of_next_k": 290.8932775322398, "sum_sr": 1043, "sum_time_spent_choosing_strategy": 0.17808151245117188, "sum_time_estimating_p_vector": 0.039937496185302734, "sum_time_loading_coverings": 0.04790496826171875}, "4": {"enters": 129, "count_subgroups": 516, "sum_estimated_prob_of_next_k": 127.79431542570558, "sum_sr": 468, "sum_time_spent_choosing_strategy": 0.03977394104003906, "sum_time_estimating_p_vector": 0.01636028289794922, "sum_time_loading_coverings": 0.017988204956054688}, "5": {"enters": 48, "count_subgroups": 192, "sum_estimated_prob_of_next_k": 46.70933989576263, "sum_sr": 167, "sum_time_spent_choosing_strategy": 0.0072536468505859375, "sum_time_estimating_p_vector": 0.0058994293212890625, "sum_time_loading_coverings": 0.006185054779052734}, "6": {"enters": 25, "count_subgroups": 121, "sum_estimated_prob_of_next_k": 24.79803206851882, "sum_sr": 113, "sum_time_spent_choosing_strategy": 0.001953601837158203, "sum_time_estimating_p_vector": 0.003046274185180664, "sum_time_loading_coverings": 0.0022606849670410156}, "7": {"enters": 8, "count_subgroups": 32, "sum_estimated_prob_of_next_k": 7.507481779725586, "sum_sr": 30, "sum_time_spent_choosing_strategy": 0.0002968311309814453, "sum_time_estimating_p_vector": 0.0009415149688720703, "sum_time_loading_coverings": 0.0005507469177246094}, "8": {"enters": 2, "count_subgroups": 8, "sum_estimated_prob_of_next_k": 1.9713782857257325, "sum_sr": 8, "sum_time_spent_choosing_strategy": 3.528594970703125e-05, "sum_time_estimating_p_vector": 0.000217437744140625, "sum_time_loading_coverings": 8.082389831542969e-05}}