{"0": {"enters": 5, "count_subgroups": 27501, "sum_estimated_prob_of_next_k": 0, "sum_sr": 25280, "sum_time_spent_choosing_strategy": 0, "sum_time_estimating_p_vector": 0, "sum_time_loading_coverings": 0}, "1": {"enters": 2221, "count_subgroups": 8884, "sum_estimated_prob_of_next_k": 2215.0608688047737, "sum_sr": 8171, "sum_time_spent_choosing_strategy": 10.21446442604065, "sum_time_estimating_p_vector": 0.34425878524780273, "sum_time_loading_coverings": 0.5604074001312256}, "2": {"enters": 713, "count_subgroups": 2852, "sum_estimated_prob_of_next_k": 709.2223518652413, "sum_sr": 2550, "sum_time_spent_choosing_strategy": 0.9163737297058105, "sum_time_estimating_p_vector": 0.10040807723999023, "sum_time_loading_coverings": 0.1345996856689453}, "3": {"enters": 302, "count_subgroups": 1208, "sum_estimated_prob_of_next_k": 299.7428274146223, "sum_sr": 1068, "sum_time_spent_choosing_strategy": 0.17958688735961914, "sum_time_estimating_p_vector": 0.04017949104309082, "sum_time_loading_coverings": 0.0474088191986084}, "4": {"enters": 140, "count_subgroups": 560, "sum_estimated_prob_of_next_k": 138.7170310018145, "sum_sr": 495, "sum_time_spent_choosing_strategy": 0.04220843315124512, "sum_time_estimating_p_vector": 0.018241167068481445, "sum_time_loading_coverings": 0.01870870590209961}, "5": {"enters": 65, "count_subgroups": 260, "sum_estimated_prob_of_next_k": 63.23440545920972, "sum_sr": 229, "sum_time_spent_choosing_strategy": 0.009690999984741211, "sum_time_estimating_p_vector": 0.007984638214111328, "sum_time_loading_coverings": 0.008023262023925781}, "6": {"enters": 31, "count_subgroups": 152, "sum_estimated_prob_of_next_k": 30.876738231539985, "sum_sr": 149, "sum_time_spent_choosing_strategy": 0.0024013519287109375, "sum_time_estimating_p_vector": 0.0037288665771484375, "sum_time_loading_coverings": 0.0026607513427734375}, "7": {"enters": 3, "count_subgroups": 12, "sum_estimated_prob_of_next_k": 2.801774252900372, "sum_sr": 10, "sum_time_spent_choosing_strategy": 9.5367431640625e-05, "sum_time_estimating_p_vector": 0.00032830238342285156, "sum_time_loading_coverings": 0.0001900196075439453}, "8": {"enters": 2, "count_subgroups": 8, "sum_estimated_prob_of_next_k": 1.9713782857257325, "sum_sr": 8, "sum_time_spent_choosing_strategy": 3.647804260253906e-05, "sum_time_estimating_p_vector": 0.00022602081298828125, "sum_time_loading_coverings": 8.225440979003906e-05}}