{"0": {"enters": 10, "count_subgroups": 1412557, "sum_estimated_prob_of_next_k": 0, "sum_sr": 1294012, "sum_time_spent_choosing_strategy": 0, "sum_time_estimating_p_vector": 0, "sum_time_loading_coverings": 0}, "1": {"enters": 118545, "count_subgroups": 721036, "sum_estimated_prob_of_next_k": 117627.39398756762, "sum_sr": 658108, "sum_time_spent_choosing_strategy": 723.4048550128937, "sum_time_estimating_p_vector": 21.75232481956482, "sum_time_loading_coverings": 53.92559552192688}, "2": {"enters": 62928, "count_subgroups": 384139, "sum_estimated_prob_of_next_k": 62445.35806453255, "sum_sr": 347820, "sum_time_spent_choosing_strategy": 201.1295850276947, "sum_time_estimating_p_vector": 10.651757001876831, "sum_time_loading_coverings": 23.98139500617981}, "3": {"enters": 36319, "count_subgroups": 222401, "sum_estimated_prob_of_next_k": 35950.425691139455, "sum_sr": 205629, "sum_time_spent_choosing_strategy": 68.62065553665161, "sum_time_estimating_p_vector": 6.1797356605529785, "sum_time_loading_coverings": 12.146210432052612}, "4": {"enters": 16772, "count_subgroups": 107344, "sum_estimated_prob_of_next_k": 16516.77891100986, "sum_sr": 97395, "sum_time_spent_choosing_strategy": 20.72332000732422, "sum_time_estimating_p_vector": 3.0125679969787598, "sum_time_loading_coverings": 5.048086166381836}}