{"0": {"enters": 10, "count_subgroups": 1377152, "sum_estimated_prob_of_next_k": 0, "sum_sr": 1259184, "sum_time_spent_choosing_strategy": 0, "sum_time_estimating_p_vector": 0, "sum_time_loading_coverings": 0}, "1": {"enters": 117968, "count_subgroups": 717914, "sum_estimated_prob_of_next_k": 117047.9483414918, "sum_sr": 655044, "sum_time_spent_choosing_strategy": 767.0880661010742, "sum_time_estimating_p_vector": 22.780040502548218, "sum_time_loading_coverings": 56.799256563186646}, "2": {"enters": 62870, "count_subgroups": 383463, "sum_estimated_prob_of_next_k": 62382.92198102571, "sum_sr": 348337, "sum_time_spent_choosing_strategy": 215.39533853530884, "sum_time_estimating_p_vector": 11.284029722213745, "sum_time_loading_coverings": 25.682496786117554}, "3": {"enters": 35126, "count_subgroups": 214672, "sum_estimated_prob_of_next_k": 34796.385893768136, "sum_sr": 198939, "sum_time_spent_choosing_strategy": 71.60635089874268, "sum_time_estimating_p_vector": 6.339754104614258, "sum_time_loading_coverings": 12.563244581222534}, "4": {"enters": 15733, "count_subgroups": 99529, "sum_estimated_prob_of_next_k": 15528.738701659111, "sum_sr": 90716, "sum_time_spent_choosing_strategy": 21.549030303955078, "sum_time_estimating_p_vector": 2.9686241149902344, "sum_time_loading_coverings": 5.110934257507324}}