{"0": {"enters": 10, "count_subgroups": 1388704, "sum_estimated_prob_of_next_k": 0, "sum_sr": 1267632, "sum_time_spent_choosing_strategy": 0, "sum_time_estimating_p_vector": 0, "sum_time_loading_coverings": 0}, "1": {"enters": 121072, "count_subgroups": 736560, "sum_estimated_prob_of_next_k": 120133.34362371091, "sum_sr": 672228, "sum_time_spent_choosing_strategy": 736.2467830181122, "sum_time_estimating_p_vector": 21.84457540512085, "sum_time_loading_coverings": 54.84378457069397}, "2": {"enters": 64332, "count_subgroups": 391981, "sum_estimated_prob_of_next_k": 63839.80802867436, "sum_sr": 356917, "sum_time_spent_choosing_strategy": 205.96676683425903, "sum_time_estimating_p_vector": 10.602111339569092, "sum_time_loading_coverings": 24.559068202972412}, "3": {"enters": 35064, "count_subgroups": 214028, "sum_estimated_prob_of_next_k": 34742.779351935686, "sum_sr": 198496, "sum_time_spent_choosing_strategy": 66.70281147956848, "sum_time_estimating_p_vector": 5.8033788204193115, "sum_time_loading_coverings": 11.808938026428223}, "4": {"enters": 15532, "count_subgroups": 98100, "sum_estimated_prob_of_next_k": 15322.597280615104, "sum_sr": 89245, "sum_time_spent_choosing_strategy": 19.468454837799072, "sum_time_estimating_p_vector": 2.691556453704834, "sum_time_loading_coverings": 4.703237056732178}}