{"0": {"enters": 10, "count_subgroups": 1369509, "sum_estimated_prob_of_next_k": 0, "sum_sr": 1249162, "sum_time_spent_choosing_strategy": 0, "sum_time_estimating_p_vector": 0, "sum_time_loading_coverings": 0}, "1": {"enters": 120347, "count_subgroups": 732416, "sum_estimated_prob_of_next_k": 119426.32351408637, "sum_sr": 668866, "sum_time_spent_choosing_strategy": 814.0173935890198, "sum_time_estimating_p_vector": 23.49885892868042, "sum_time_loading_coverings": 59.56067657470703}, "2": {"enters": 63550, "count_subgroups": 387443, "sum_estimated_prob_of_next_k": 63071.533715432386, "sum_sr": 352784, "sum_time_spent_choosing_strategy": 222.31344032287598, "sum_time_estimating_p_vector": 11.256840944290161, "sum_time_loading_coverings": 25.95322895050049}, "3": {"enters": 34659, "count_subgroups": 211694, "sum_estimated_prob_of_next_k": 34345.36616954254, "sum_sr": 195826, "sum_time_spent_choosing_strategy": 69.83430409431458, "sum_time_estimating_p_vector": 6.074032783508301, "sum_time_loading_coverings": 12.258267402648926}, "4": {"enters": 15868, "count_subgroups": 100200, "sum_estimated_prob_of_next_k": 15671.279493341493, "sum_sr": 91834, "sum_time_spent_choosing_strategy": 21.424867868423462, "sum_time_estimating_p_vector": 2.897585391998291, "sum_time_loading_coverings": 5.102809190750122}}