{"0": {"enters": 10, "count_subgroups": 1412016, "sum_estimated_prob_of_next_k": 0, "sum_sr": 1288820, "sum_time_spent_choosing_strategy": 0, "sum_time_estimating_p_vector": 0, "sum_time_loading_coverings": 0}, "1": {"enters": 123196, "count_subgroups": 749871, "sum_estimated_prob_of_next_k": 122222.59782065927, "sum_sr": 684769, "sum_time_spent_choosing_strategy": 749.1295511722565, "sum_time_estimating_p_vector": 22.09476137161255, "sum_time_loading_coverings": 54.79431676864624}, "2": {"enters": 65102, "count_subgroups": 397451, "sum_estimated_prob_of_next_k": 64588.278789719625, "sum_sr": 360256, "sum_time_spent_choosing_strategy": 209.01388788223267, "sum_time_estimating_p_vector": 10.778060913085938, "sum_time_loading_coverings": 24.44792675971985}, "3": {"enters": 37195, "count_subgroups": 227533, "sum_estimated_prob_of_next_k": 36832.81779504386, "sum_sr": 210945, "sum_time_spent_choosing_strategy": 70.44742560386658, "sum_time_estimating_p_vector": 6.191652297973633, "sum_time_loading_coverings": 12.385018587112427}, "4": {"enters": 16588, "count_subgroups": 105530, "sum_estimated_prob_of_next_k": 16358.182743563748, "sum_sr": 96515, "sum_time_spent_choosing_strategy": 20.79318928718567, "sum_time_estimating_p_vector": 2.907799243927002, "sum_time_loading_coverings": 4.958578109741211}}