{"0": {"enters": 10, "count_subgroups": 1392199, "sum_estimated_prob_of_next_k": 0, "sum_sr": 1273732, "sum_time_spent_choosing_strategy": 0, "sum_time_estimating_p_vector": 0, "sum_time_loading_coverings": 0}, "1": {"enters": 118467, "count_subgroups": 720699, "sum_estimated_prob_of_next_k": 117546.79578015406, "sum_sr": 656723, "sum_time_spent_choosing_strategy": 834.5712335109711, "sum_time_estimating_p_vector": 23.158798933029175, "sum_time_loading_coverings": 57.981534004211426}, "2": {"enters": 63976, "count_subgroups": 390201, "sum_estimated_prob_of_next_k": 63497.96718651606, "sum_sr": 355028, "sum_time_spent_choosing_strategy": 224.1303310394287, "sum_time_estimating_p_vector": 11.32720398902893, "sum_time_loading_coverings": 25.8813579082489}, "3": {"enters": 35173, "count_subgroups": 215135, "sum_estimated_prob_of_next_k": 34837.715621984455, "sum_sr": 200358, "sum_time_spent_choosing_strategy": 72.06981086730957, "sum_time_estimating_p_vector": 6.158956050872803, "sum_time_loading_coverings": 12.4512460231781}, "4": {"enters": 14777, "count_subgroups": 94098, "sum_estimated_prob_of_next_k": 14573.63947389516, "sum_sr": 86213, "sum_time_spent_choosing_strategy": 20.13603186607361, "sum_time_estimating_p_vector": 2.7132761478424072, "sum_time_loading_coverings": 4.7353386878967285}}