{"0": {"enters": 10, "count_subgroups": 1421222, "sum_estimated_prob_of_next_k": 0, "sum_sr": 1294546, "sum_time_spent_choosing_strategy": 0, "sum_time_estimating_p_vector": 0, "sum_time_loading_coverings": 0}, "1": {"enters": 126676, "count_subgroups": 770716, "sum_estimated_prob_of_next_k": 125688.46671280984, "sum_sr": 701210, "sum_time_spent_choosing_strategy": 781.3648548126221, "sum_time_estimating_p_vector": 23.172062397003174, "sum_time_loading_coverings": 57.733078718185425}, "2": {"enters": 69506, "count_subgroups": 424758, "sum_estimated_prob_of_next_k": 68962.2825799483, "sum_sr": 384245, "sum_time_spent_choosing_strategy": 221.80771660804749, "sum_time_estimating_p_vector": 11.433776378631592, "sum_time_loading_coverings": 26.132197856903076}, "3": {"enters": 40513, "count_subgroups": 248269, "sum_estimated_prob_of_next_k": 40113.788244931435, "sum_sr": 229341, "sum_time_spent_choosing_strategy": 76.81377243995667, "sum_time_estimating_p_vector": 6.667381286621094, "sum_time_loading_coverings": 13.315850496292114}, "4": {"enters": 18928, "count_subgroups": 120856, "sum_estimated_prob_of_next_k": 18660.92663106841, "sum_sr": 109413, "sum_time_spent_choosing_strategy": 23.747759103775024, "sum_time_estimating_p_vector": 3.2873375415802, "sum_time_loading_coverings": 5.6307759284973145}}