{"0": {"enters": 10, "count_subgroups": 1431241, "sum_estimated_prob_of_next_k": 0, "sum_sr": 1304660, "sum_time_spent_choosing_strategy": 0, "sum_time_estimating_p_vector": 0, "sum_time_loading_coverings": 0}, "1": {"enters": 126581, "count_subgroups": 769573, "sum_estimated_prob_of_next_k": 125615.3531816578, "sum_sr": 700221, "sum_time_spent_choosing_strategy": 867.1349050998688, "sum_time_estimating_p_vector": 24.923394441604614, "sum_time_loading_coverings": 62.197187423706055}, "2": {"enters": 69352, "count_subgroups": 423088, "sum_estimated_prob_of_next_k": 68817.8819630678, "sum_sr": 384154, "sum_time_spent_choosing_strategy": 244.18381333351135, "sum_time_estimating_p_vector": 12.468758821487427, "sum_time_loading_coverings": 28.123107433319092}, "3": {"enters": 38934, "count_subgroups": 238081, "sum_estimated_prob_of_next_k": 38568.27672382258, "sum_sr": 219779, "sum_time_spent_choosing_strategy": 80.50333189964294, "sum_time_estimating_p_vector": 6.938045024871826, "sum_time_loading_coverings": 13.701435089111328}, "4": {"enters": 18302, "count_subgroups": 115882, "sum_estimated_prob_of_next_k": 18072.38425106235, "sum_sr": 104775, "sum_time_spent_choosing_strategy": 25.412386417388916, "sum_time_estimating_p_vector": 3.4122958183288574, "sum_time_loading_coverings": 5.874605417251587}}