{"1": {"enters": 282, "count_subgroups": 2042, "sum_estimated_prob_of_next_k": 267.3496829908133, "sum_sr": 2041, "sum_time_spent_choosing_strategy": 0.5097112655639648, "sum_time_estimating_p_vector": 0.054746389389038086, "sum_time_loading_coverings": 0.07772278785705566}}