{"1": {"enters": 303, "count_subgroups": 2436, "sum_estimated_prob_of_next_k": 285.7396395150291, "sum_sr": 2435, "sum_time_spent_choosing_strategy": 0.5430371761322021, "sum_time_estimating_p_vector": 0.058756351470947266, "sum_time_loading_coverings": 0.08301949501037598}}