{"1": {"enters": 268, "count_subgroups": 1877, "sum_estimated_prob_of_next_k": 253.37205750213724, "sum_sr": 1875, "sum_time_spent_choosing_strategy": 0.4669942855834961, "sum_time_estimating_p_vector": 0.06439995765686035, "sum_time_loading_coverings": 0.08476853370666504}}