{"1": {"enters": 282, "count_subgroups": 2278, "sum_estimated_prob_of_next_k": 265.7212254204587, "sum_sr": 2277, "sum_time_spent_choosing_strategy": 0.517770528793335, "sum_time_estimating_p_vector": 0.05486750602722168, "sum_time_loading_coverings": 0.07705402374267578}}