{"1": {"enters": 290, "count_subgroups": 2264, "sum_estimated_prob_of_next_k": 275.68539286156107, "sum_sr": 2261, "sum_time_spent_choosing_strategy": 0.5372886657714844, "sum_time_estimating_p_vector": 0.06541872024536133, "sum_time_loading_coverings": 0.08662199974060059}}