{"1": {"enters": 268, "count_subgroups": 2036, "sum_estimated_prob_of_next_k": 255.20368150789812, "sum_sr": 2035, "sum_time_spent_choosing_strategy": 0.5061488151550293, "sum_time_estimating_p_vector": 0.05373978614807129, "sum_time_loading_coverings": 0.07631397247314453}}