{"1": {"enters": 279, "count_subgroups": 2144, "sum_estimated_prob_of_next_k": 264.7210277937391, "sum_sr": 2143, "sum_time_spent_choosing_strategy": 0.5081596374511719, "sum_time_estimating_p_vector": 0.05514335632324219, "sum_time_loading_coverings": 0.0773921012878418}}