{"0": {"enters": 5, "count_subgroups": 6020, "sum_estimated_prob_of_next_k": 0, "sum_sr": 5431, "sum_time_spent_choosing_strategy": 0, "sum_time_estimating_p_vector": 0, "sum_time_loading_coverings": 0}, "1": {"enters": 589, "count_subgroups": 2356, "sum_estimated_prob_of_next_k": 588.0640987059351, "sum_sr": 2267, "sum_time_spent_choosing_strategy": 6.560183763504028, "sum_time_estimating_p_vector": 0.09096884727478027, "sum_time_loading_coverings": 0.1872844696044922}, "2": {"enters": 89, "count_subgroups": 356, "sum_estimated_prob_of_next_k": 88.31758994003265, "sum_sr": 328, "sum_time_spent_choosing_strategy": 0.46120643615722656, "sum_time_estimating_p_vector": 0.012737035751342773, "sum_time_loading_coverings": 0.023470401763916016}, "3": {"enters": 28, "count_subgroups": 112, "sum_estimated_prob_of_next_k": 27.504662947830365, "sum_sr": 98, "sum_time_spent_choosing_strategy": 0.06712985038757324, "sum_time_estimating_p_vector": 0.003938198089599609, "sum_time_loading_coverings": 0.006352663040161133}, "4": {"enters": 14, "count_subgroups": 56, "sum_estimated_prob_of_next_k": 13.552786914157155, "sum_sr": 50, "sum_time_spent_choosing_strategy": 0.018665790557861328, "sum_time_estimating_p_vector": 0.0017523765563964844, "sum_time_loading_coverings": 0.002705097198486328}, "5": {"enters": 6, "count_subgroups": 24, "sum_estimated_prob_of_next_k": 5.83091454212085, "sum_sr": 22, "sum_time_spent_choosing_strategy": 0.0046389102935791016, "sum_time_estimating_p_vector": 0.0007085800170898438, "sum_time_loading_coverings": 0.0010783672332763672}, "6": {"enters": 2, "count_subgroups": 8, "sum_estimated_prob_of_next_k": 1.9138756423554524, "sum_sr": 7, "sum_time_spent_choosing_strategy": 0.0008633136749267578, "sum_time_estimating_p_vector": 0.00022077560424804688, "sum_time_loading_coverings": 0.0003006458282470703}, "7": {"enters": 1, "count_subgroups": 5, "sum_estimated_prob_of_next_k": 0.992981731163939, "sum_sr": 5, "sum_time_spent_choosing_strategy": 0.0002391338348388672, "sum_time_estimating_p_vector": 0.00011110305786132812, "sum_time_loading_coverings": 0.00012969970703125}}