{"0": {"enters": 5, "count_subgroups": 6019, "sum_estimated_prob_of_next_k": 0, "sum_sr": 5449, "sum_time_spent_choosing_strategy": 0, "sum_time_estimating_p_vector": 0, "sum_time_loading_coverings": 0}, "1": {"enters": 570, "count_subgroups": 2280, "sum_estimated_prob_of_next_k": 568.9934497298691, "sum_sr": 2194, "sum_time_spent_choosing_strategy": 6.301265716552734, "sum_time_estimating_p_vector": 0.10069799423217773, "sum_time_loading_coverings": 0.18840312957763672}, "2": {"enters": 86, "count_subgroups": 344, "sum_estimated_prob_of_next_k": 85.44886972305181, "sum_sr": 325, "sum_time_spent_choosing_strategy": 0.44931983947753906, "sum_time_estimating_p_vector": 0.012858390808105469, "sum_time_loading_coverings": 0.023061752319335938}, "3": {"enters": 19, "count_subgroups": 76, "sum_estimated_prob_of_next_k": 18.8235540641778, "sum_sr": 70, "sum_time_spent_choosing_strategy": 0.04769754409790039, "sum_time_estimating_p_vector": 0.002592802047729492, "sum_time_loading_coverings": 0.004275321960449219}, "4": {"enters": 6, "count_subgroups": 24, "sum_estimated_prob_of_next_k": 5.867460852850774, "sum_sr": 21, "sum_time_spent_choosing_strategy": 0.007942914962768555, "sum_time_estimating_p_vector": 0.0007703304290771484, "sum_time_loading_coverings": 0.001252889633178711}, "5": {"enters": 3, "count_subgroups": 12, "sum_estimated_prob_of_next_k": 2.9029733648123455, "sum_sr": 9, "sum_time_spent_choosing_strategy": 0.002275705337524414, "sum_time_estimating_p_vector": 0.0003650188446044922, "sum_time_loading_coverings": 0.0006196498870849609}, "6": {"enters": 3, "count_subgroups": 12, "sum_estimated_prob_of_next_k": 2.9008739626988658, "sum_sr": 10, "sum_time_spent_choosing_strategy": 0.00128173828125, "sum_time_estimating_p_vector": 0.00036597251892089844, "sum_time_loading_coverings": 0.0004405975341796875}, "7": {"enters": 2, "count_subgroups": 10, "sum_estimated_prob_of_next_k": 1.985963462327878, "sum_sr": 10, "sum_time_spent_choosing_strategy": 0.00048279762268066406, "sum_time_estimating_p_vector": 0.00022172927856445312, "sum_time_loading_coverings": 0.0002524852752685547}}