{"0": {"enters": 5, "count_subgroups": 6016, "sum_estimated_prob_of_next_k": 0, "sum_sr": 5414, "sum_time_spent_choosing_strategy": 0, "sum_time_estimating_p_vector": 0, "sum_time_loading_coverings": 0}, "1": {"enters": 602, "count_subgroups": 2408, "sum_estimated_prob_of_next_k": 600.8882918093428, "sum_sr": 2331, "sum_time_spent_choosing_strategy": 6.7104246616363525, "sum_time_estimating_p_vector": 0.09389948844909668, "sum_time_loading_coverings": 0.19548583030700684}, "2": {"enters": 77, "count_subgroups": 308, "sum_estimated_prob_of_next_k": 76.44718788627327, "sum_sr": 285, "sum_time_spent_choosing_strategy": 0.3817789554595947, "sum_time_estimating_p_vector": 0.011076211929321289, "sum_time_loading_coverings": 0.02098679542541504}, "3": {"enters": 23, "count_subgroups": 92, "sum_estimated_prob_of_next_k": 22.645439380497052, "sum_sr": 82, "sum_time_spent_choosing_strategy": 0.056133270263671875, "sum_time_estimating_p_vector": 0.0031785964965820312, "sum_time_loading_coverings": 0.005287647247314453}, "4": {"enters": 10, "count_subgroups": 40, "sum_estimated_prob_of_next_k": 9.743665741414508, "sum_sr": 36, "sum_time_spent_choosing_strategy": 0.013447284698486328, "sum_time_estimating_p_vector": 0.0013172626495361328, "sum_time_loading_coverings": 0.002035379409790039}, "5": {"enters": 4, "count_subgroups": 16, "sum_estimated_prob_of_next_k": 3.893430269316644, "sum_sr": 13, "sum_time_spent_choosing_strategy": 0.003098011016845703, "sum_time_estimating_p_vector": 0.0004825592041015625, "sum_time_loading_coverings": 0.0007185935974121094}, "6": {"enters": 3, "count_subgroups": 12, "sum_estimated_prob_of_next_k": 2.874092670430405, "sum_sr": 10, "sum_time_spent_choosing_strategy": 0.0012960433959960938, "sum_time_estimating_p_vector": 0.00037932395935058594, "sum_time_loading_coverings": 0.0004627704620361328}, "7": {"enters": 2, "count_subgroups": 10, "sum_estimated_prob_of_next_k": 1.985963462327878, "sum_sr": 9, "sum_time_spent_choosing_strategy": 0.00048613548278808594, "sum_time_estimating_p_vector": 0.00023102760314941406, "sum_time_loading_coverings": 0.00026226043701171875}, "8": {"enters": 1, "count_subgroups": 4, "sum_estimated_prob_of_next_k": 0.9856891428628662, "sum_sr": 4, "sum_time_spent_choosing_strategy": 0.00011491775512695312, "sum_time_estimating_p_vector": 0.0001125335693359375, "sum_time_loading_coverings": 0.0001049041748046875}}