{"0": {"enters": 8, "count_subgroups": 310443, "sum_estimated_prob_of_next_k": 0, "sum_sr": 294841, "sum_time_spent_choosing_strategy": 0, "sum_time_estimating_p_vector": 0, "sum_time_loading_coverings": 0}, "1": {"enters": 15602, "count_subgroups": 78107, "sum_estimated_prob_of_next_k": 15556.429845241275, "sum_sr": 76310, "sum_time_spent_choosing_strategy": 59.02106857299805, "sum_time_estimating_p_vector": 3.5150716304779053, "sum_time_loading_coverings": 6.374300479888916}, "2": {"enters": 1797, "count_subgroups": 9235, "sum_estimated_prob_of_next_k": 1788.6298856869723, "sum_sr": 9068, "sum_time_spent_choosing_strategy": 3.006420373916626, "sum_time_estimating_p_vector": 0.3456685543060303, "sum_time_loading_coverings": 0.5494499206542969}, "3": {"enters": 167, "count_subgroups": 882, "sum_estimated_prob_of_next_k": 165.06868006120217, "sum_sr": 821, "sum_time_spent_choosing_strategy": 0.12413215637207031, "sum_time_estimating_p_vector": 0.03152942657470703, "sum_time_loading_coverings": 0.04319953918457031}, "4": {"enters": 61, "count_subgroups": 331, "sum_estimated_prob_of_next_k": 59.569856070073975, "sum_sr": 311, "sum_time_spent_choosing_strategy": 0.0216825008392334, "sum_time_estimating_p_vector": 0.01109766960144043, "sum_time_loading_coverings": 0.013356685638427734}}