{"0": {"enters": 8, "count_subgroups": 313750, "sum_estimated_prob_of_next_k": 0, "sum_sr": 298363, "sum_time_spent_choosing_strategy": 0, "sum_time_estimating_p_vector": 0, "sum_time_loading_coverings": 0}, "1": {"enters": 15387, "count_subgroups": 77038, "sum_estimated_prob_of_next_k": 15343.402712821362, "sum_sr": 75275, "sum_time_spent_choosing_strategy": 58.07342743873596, "sum_time_estimating_p_vector": 3.442073345184326, "sum_time_loading_coverings": 5.829911470413208}, "2": {"enters": 1763, "count_subgroups": 9029, "sum_estimated_prob_of_next_k": 1754.8715004672576, "sum_sr": 8864, "sum_time_spent_choosing_strategy": 3.0443992614746094, "sum_time_estimating_p_vector": 0.34229063987731934, "sum_time_loading_coverings": 0.5370824337005615}, "3": {"enters": 165, "count_subgroups": 853, "sum_estimated_prob_of_next_k": 163.62852509600887, "sum_sr": 834, "sum_time_spent_choosing_strategy": 0.12435364723205566, "sum_time_estimating_p_vector": 0.03080010414123535, "sum_time_loading_coverings": 0.04308462142944336}, "4": {"enters": 19, "count_subgroups": 100, "sum_estimated_prob_of_next_k": 18.620979944437014, "sum_sr": 95, "sum_time_spent_choosing_strategy": 0.007142543792724609, "sum_time_estimating_p_vector": 0.0037064552307128906, "sum_time_loading_coverings": 0.004024982452392578}}