{"0": {"enters": 8, "count_subgroups": 305744, "sum_estimated_prob_of_next_k": 0, "sum_sr": 290499, "sum_time_spent_choosing_strategy": 0, "sum_time_estimating_p_vector": 0, "sum_time_loading_coverings": 0}, "1": {"enters": 15245, "count_subgroups": 76319, "sum_estimated_prob_of_next_k": 15200.973279684224, "sum_sr": 74441, "sum_time_spent_choosing_strategy": 58.00055527687073, "sum_time_estimating_p_vector": 3.4427170753479004, "sum_time_loading_coverings": 5.774619817733765}, "2": {"enters": 1878, "count_subgroups": 9633, "sum_estimated_prob_of_next_k": 1868.671734386125, "sum_sr": 9480, "sum_time_spent_choosing_strategy": 3.223064422607422, "sum_time_estimating_p_vector": 0.37071776390075684, "sum_time_loading_coverings": 0.5807735919952393}, "3": {"enters": 153, "count_subgroups": 796, "sum_estimated_prob_of_next_k": 151.52197078247158, "sum_sr": 779, "sum_time_spent_choosing_strategy": 0.1195366382598877, "sum_time_estimating_p_vector": 0.029160499572753906, "sum_time_loading_coverings": 0.03989863395690918}, "4": {"enters": 17, "count_subgroups": 86, "sum_estimated_prob_of_next_k": 16.607064450042632, "sum_sr": 83, "sum_time_spent_choosing_strategy": 0.0065212249755859375, "sum_time_estimating_p_vector": 0.0033457279205322266, "sum_time_loading_coverings": 0.0037453174591064453}}