{"0": {"enters": 8, "count_subgroups": 304557, "sum_estimated_prob_of_next_k": 0, "sum_sr": 289487, "sum_time_spent_choosing_strategy": 0, "sum_time_estimating_p_vector": 0, "sum_time_loading_coverings": 0}, "1": {"enters": 15070, "count_subgroups": 75456, "sum_estimated_prob_of_next_k": 15025.629300315462, "sum_sr": 73590, "sum_time_spent_choosing_strategy": 57.712485551834106, "sum_time_estimating_p_vector": 3.436915397644043, "sum_time_loading_coverings": 5.723886251449585}, "2": {"enters": 1866, "count_subgroups": 9588, "sum_estimated_prob_of_next_k": 1857.1836975223407, "sum_sr": 9399, "sum_time_spent_choosing_strategy": 3.2428207397460938, "sum_time_estimating_p_vector": 0.36295485496520996, "sum_time_loading_coverings": 0.5708518028259277}, "3": {"enters": 189, "count_subgroups": 985, "sum_estimated_prob_of_next_k": 187.44787855730996, "sum_sr": 957, "sum_time_spent_choosing_strategy": 0.14487552642822266, "sum_time_estimating_p_vector": 0.03641963005065918, "sum_time_loading_coverings": 0.049698591232299805}, "4": {"enters": 28, "count_subgroups": 151, "sum_estimated_prob_of_next_k": 27.53613048304586, "sum_sr": 137, "sum_time_spent_choosing_strategy": 0.010617494583129883, "sum_time_estimating_p_vector": 0.005614757537841797, "sum_time_loading_coverings": 0.006375312805175781}}