{"0": {"enters": 8, "count_subgroups": 306445, "sum_estimated_prob_of_next_k": 0, "sum_sr": 291654, "sum_time_spent_choosing_strategy": 0, "sum_time_estimating_p_vector": 0, "sum_time_loading_coverings": 0}, "1": {"enters": 14791, "count_subgroups": 74027, "sum_estimated_prob_of_next_k": 14749.259871848872, "sum_sr": 72276, "sum_time_spent_choosing_strategy": 58.099806785583496, "sum_time_estimating_p_vector": 3.584493398666382, "sum_time_loading_coverings": 5.923166990280151}, "2": {"enters": 1751, "count_subgroups": 8957, "sum_estimated_prob_of_next_k": 1742.839732792892, "sum_sr": 8806, "sum_time_spent_choosing_strategy": 3.054292917251587, "sum_time_estimating_p_vector": 0.35070228576660156, "sum_time_loading_coverings": 0.5627908706665039}, "3": {"enters": 151, "count_subgroups": 794, "sum_estimated_prob_of_next_k": 149.35092930009347, "sum_sr": 764, "sum_time_spent_choosing_strategy": 0.11748790740966797, "sum_time_estimating_p_vector": 0.02952265739440918, "sum_time_loading_coverings": 0.03978109359741211}, "4": {"enters": 30, "count_subgroups": 162, "sum_estimated_prob_of_next_k": 29.32047264526351, "sum_sr": 156, "sum_time_spent_choosing_strategy": 0.010597944259643555, "sum_time_estimating_p_vector": 0.005636453628540039, "sum_time_loading_coverings": 0.006831645965576172}}