{"0": {"enters": 8, "count_subgroups": 307763, "sum_estimated_prob_of_next_k": 0, "sum_sr": 292996, "sum_time_spent_choosing_strategy": 0, "sum_time_estimating_p_vector": 0, "sum_time_loading_coverings": 0}, "1": {"enters": 14767, "count_subgroups": 73948, "sum_estimated_prob_of_next_k": 14724.70148603548, "sum_sr": 72306, "sum_time_spent_choosing_strategy": 57.1596040725708, "sum_time_estimating_p_vector": 3.5295560359954834, "sum_time_loading_coverings": 5.895885944366455}, "2": {"enters": 1642, "count_subgroups": 8432, "sum_estimated_prob_of_next_k": 1633.6602625861967, "sum_sr": 8255, "sum_time_spent_choosing_strategy": 2.8847711086273193, "sum_time_estimating_p_vector": 0.32860469818115234, "sum_time_loading_coverings": 0.5255570411682129}, "3": {"enters": 177, "count_subgroups": 924, "sum_estimated_prob_of_next_k": 175.42021713560027, "sum_sr": 887, "sum_time_spent_choosing_strategy": 0.1385190486907959, "sum_time_estimating_p_vector": 0.03581833839416504, "sum_time_loading_coverings": 0.04970097541809082}, "4": {"enters": 37, "count_subgroups": 191, "sum_estimated_prob_of_next_k": 36.21384811324911, "sum_sr": 177, "sum_time_spent_choosing_strategy": 0.013433694839477539, "sum_time_estimating_p_vector": 0.007210254669189453, "sum_time_loading_coverings": 0.00816202163696289}}