{"0": {"enters": 8, "count_subgroups": 311195, "sum_estimated_prob_of_next_k": 0, "sum_sr": 295642, "sum_time_spent_choosing_strategy": 0, "sum_time_estimating_p_vector": 0, "sum_time_loading_coverings": 0}, "1": {"enters": 15553, "count_subgroups": 77869, "sum_estimated_prob_of_next_k": 15507.821815392575, "sum_sr": 75988, "sum_time_spent_choosing_strategy": 58.05507850646973, "sum_time_estimating_p_vector": 3.417045831680298, "sum_time_loading_coverings": 5.815441370010376}, "2": {"enters": 1881, "count_subgroups": 9684, "sum_estimated_prob_of_next_k": 1871.2074497309122, "sum_sr": 9505, "sum_time_spent_choosing_strategy": 3.1271450519561768, "sum_time_estimating_p_vector": 0.3610713481903076, "sum_time_loading_coverings": 0.5736753940582275}, "3": {"enters": 179, "count_subgroups": 932, "sum_estimated_prob_of_next_k": 177.3257898424134, "sum_sr": 913, "sum_time_spent_choosing_strategy": 0.13448190689086914, "sum_time_estimating_p_vector": 0.03432178497314453, "sum_time_loading_coverings": 0.0457611083984375}, "4": {"enters": 19, "count_subgroups": 102, "sum_estimated_prob_of_next_k": 18.614087649402265, "sum_sr": 99, "sum_time_spent_choosing_strategy": 0.0070645809173583984, "sum_time_estimating_p_vector": 0.003397226333618164, "sum_time_loading_coverings": 0.004094123840332031}}