{"0": {"enters": 8, "count_subgroups": 313130, "sum_estimated_prob_of_next_k": 0, "sum_sr": 297986, "sum_time_spent_choosing_strategy": 0, "sum_time_estimating_p_vector": 0, "sum_time_loading_coverings": 0}, "1": {"enters": 15144, "count_subgroups": 75832, "sum_estimated_prob_of_next_k": 15100.03421378842, "sum_sr": 74064, "sum_time_spent_choosing_strategy": 59.67116737365723, "sum_time_estimating_p_vector": 3.6377270221710205, "sum_time_loading_coverings": 6.006631135940552}, "2": {"enters": 1768, "count_subgroups": 9060, "sum_estimated_prob_of_next_k": 1759.2510685886539, "sum_sr": 8907, "sum_time_spent_choosing_strategy": 3.140357494354248, "sum_time_estimating_p_vector": 0.3531672954559326, "sum_time_loading_coverings": 0.5611824989318848}, "3": {"enters": 153, "count_subgroups": 794, "sum_estimated_prob_of_next_k": 151.86653883897918, "sum_sr": 772, "sum_time_spent_choosing_strategy": 0.11820840835571289, "sum_time_estimating_p_vector": 0.029825448989868164, "sum_time_loading_coverings": 0.040872812271118164}, "4": {"enters": 22, "count_subgroups": 112, "sum_estimated_prob_of_next_k": 21.72225655669104, "sum_sr": 107, "sum_time_spent_choosing_strategy": 0.008654356002807617, "sum_time_estimating_p_vector": 0.004118204116821289, "sum_time_loading_coverings": 0.00504302978515625}}